order_item_id,order_id,product_id,quantity,unit_price,discount
1,1,70,2,42834.07,10
2,1,243,1,3407.32,0
3,2,30,3,67896.38,5
4,2,97,1,3753.02,0
5,3,146,2,16644.73,5
6,3,147,5,3137.75,10
7,3,5,2,52082.11,0
8,4,47,3,10718.49,15
9,4,91,2,2208.3,15
10,4,46,1,36998.32,0
11,5,145,1,6621.2,5
12,5,245,3,920.67,20
13,5,130,1,5372.12,0
14,6,59,3,41081.51,25
15,6,105,1,7422.63,20
16,6,155,2,13408.17,20
17,6,120,2,4523.93,25
18,6,135,1,2169.73,0
19,7,78,2,2784.28,5
20,7,14,2,22638.65,0
21,7,85,1,10816.22,10
22,8,84,2,3118.79,0
23,8,270,2,2135.72,10
24,8,26,3,28388.96,0
25,9,56,1,42193.88,5
26,9,295,1,9592.62,5
27,9,19,1,76742.89,5
28,9,263,2,8457.51,20
29,10,154,3,9101.07,5
30,10,36,2,1615.74,0
31,11,260,1,8546.72,0
32,11,246,1,1675.42,0
33,11,149,1,20063.38,5
34,12,135,1,2202.52,0
35,12,189,1,4263.68,20
36,13,254,1,2034.97,15
37,13,233,2,187.32,0
38,14,194,1,2457.87,5
39,14,107,2,7847.73,0
40,15,29,1,45348.89,25
41,16,16,1,34092.42,25
42,16,97,1,3514.21,10
43,16,294,1,28268.95,20
44,16,195,1,3373.26,0
45,16,106,5,7039.29,25
46,17,253,1,6222.05,0
47,18,297,1,46799.47,20
48,18,254,1,1918.1,10
49,18,34,1,24918.78,20
50,19,274,1,5994.67,5
51,19,252,2,764.05,5
52,20,3,1,42802.79,15
53,20,296,3,7528.95,0
54,21,282,1,1565.81,0
55,21,173,1,11687.34,20
56,21,141,2,2196.74,10
57,22,85,1,10756.56,5
58,22,121,2,1536.44,20
59,23,99,1,5666.04,5
60,23,75,1,13097.78,10
61,23,124,1,1021.17,10
62,23,273,2,1374.2,10
63,24,119,1,6469.27,0
64,25,55,1,3504.64,25
65,25,235,1,3458.64,10
66,26,155,2,12275.99,10
67,26,3,1,42487.42,25
68,27,58,2,14266.37,20
69,28,38,1,45739.67,0
70,28,213,3,1133.37,0
71,28,276,1,5032.07,20
72,28,196,2,1756.1,15
73,29,139,4,5394.35,0
74,29,195,2,3334.21,5
75,30,131,1,6525.07,10
76,30,119,3,6553.52,10
77,31,162,3,16149.49,20
78,31,144,2,3634.79,5
79,31,174,5,12371.07,0
80,32,212,1,691.12,5
81,32,71,4,22328.51,25
82,32,78,3,2725.3,0
83,33,228,2,248.3,15
84,33,107,2,7776.24,15
85,33,200,3,1490.25,0
86,34,300,1,808.86,15
87,34,100,1,781.97,5
88,34,133,1,2890.68,10
89,34,16,3,35472.37,0
90,34,294,1,28960.0,10
91,35,97,1,3653.68,0
92,35,243,3,3773.76,15
93,35,238,2,2534.39,0
94,36,93,1,10211.45,20
95,36,182,1,2457.64,0
96,37,244,1,80.78,0
97,37,182,4,2396.27,0
98,37,223,2,2911.51,10
99,37,67,1,17107.64,10
100,38,164,1,13793.87,20
101,38,300,2,797.04,0
102,38,95,1,13377.69,25
103,39,24,1,33452.78,0
104,39,28,1,83828.34,10
105,39,47,2,10066.77,20
106,40,123,2,4450.6,10
107,40,21,1,54491.98,5
108,40,139,1,5069.08,0
109,40,290,2,5911.96,5
110,40,155,2,12815.56,25
111,41,208,5,588.27,5
112,41,252,1,720.61,15
113,41,294,1,28395.2,25
114,42,43,1,9686.7,0
115,43,240,1,1265.28,0
116,43,20,1,57599.75,0
117,43,268,5,1637.05,10
118,43,143,4,5762.72,20
119,44,42,3,21243.93,25
120,44,53,1,19449.92,10
121,44,299,3,46784.5,15
122,45,95,2,13275.75,25
123,45,124,1,928.33,0
124,45,255,2,399.15,0
125,45,248,1,857.24,0
126,45,150,2,17208.36,0
127,46,84,1,3231.95,0
128,46,85,2,10905.33,20
129,46,208,2,589.91,20
130,47,105,5,7954.46,15
131,47,282,1,1467.3,20
132,48,272,2,3110.24,0
133,48,69,1,10249.11,25
134,48,56,1,42596.99,0
135,49,126,2,1429.65,20
136,49,250,3,2747.6,20
137,50,297,1,50983.02,0
138,50,116,2,4280.59,5
139,50,85,1,10428.84,0
140,51,223,2,3049.78,0
141,51,252,2,738.33,25
142,51,156,2,23518.45,10
143,52,203,1,1060.69,10
144,52,163,1,669.89,0
145,52,227,2,414.25,10
146,52,69,1,9793.84,0
147,53,21,2,54787.49,0
148,53,100,1,861.44,20
149,53,158,2,7566.41,0
150,53,171,1,17672.77,20
151,54,131,4,6742.53,25
152,54,177,1,12463.2,0
153,54,88,5,3974.38,10
154,55,21,1,52852.08,15
155,55,196,1,1782.56,25
156,55,117,1,288.07,0
157,56,286,1,9194.89,0
158,57,184,3,4276.76,20
159,58,209,1,2381.95,5
160,58,107,5,7148.95,15
161,58,100,2,786.2,5
162,59,113,2,1940.04,5
163,59,255,1,394.22,5
164,60,28,2,80134.57,5
165,60,4,1,11300.2,5
166,60,279,2,2284.83,5
167,61,101,2,14382.6,5
168,62,188,2,1724.3,0
169,62,205,1,780.98,0
170,63,113,1,2016.63,15
171,63,226,2,2998.16,0
172,64,216,2,4372.92,20
173,64,293,1,13302.88,15
174,65,74,1,9851.04,5
175,65,50,1,16678.13,20
176,66,166,2,15112.44,25
177,66,106,1,7629.4,20
178,67,186,1,2604.86,5
179,67,105,2,7732.26,5
180,68,240,2,1175.98,15
181,68,266,1,7276.05,15
182,68,112,2,4838.8,20
183,69,186,1,2458.03,20
184,69,42,2,22543.28,20
185,69,16,2,33408.5,10
186,69,66,1,15007.86,10
187,69,170,3,21577.34,20
188,70,287,1,1698.14,0
189,70,299,1,45967.91,10
190,71,241,1,85.9,15
191,72,206,3,2653.77,5
192,72,124,2,1030.78,5
193,73,132,1,7375.27,15
194,73,173,1,11655.09,20
195,73,148,1,23880.68,15
196,74,241,1,89.31,0
197,75,47,1,9845.37,25
198,76,195,1,3292.74,25
199,76,193,1,3903.32,0
200,76,114,1,1207.9,10
201,76,86,3,9276.84,5
202,77,34,1,25112.98,0
203,77,219,1,2125.97,20
204,77,201,1,3570.07,0
205,78,107,1,7817.67,25
206,78,79,2,10554.23,5
207,78,212,2,720.69,15
208,79,144,5,3966.69,0
209,79,47,2,10249.33,20
210,79,248,1,942.67,15
211,80,287,1,1723.78,5
212,80,56,2,41015.85,10
213,80,8,1,13409.61,5
214,81,120,2,4949.51,15
215,81,277,1,6476.69,0
216,81,226,2,2899.41,15
217,82,45,2,676.51,25
218,82,284,1,2029.47,5
219,82,98,4,9606.85,10
220,82,227,1,421.75,20
221,83,110,1,5005.19,15
222,83,258,1,4086.79,20
223,84,85,4,10461.27,5
224,84,136,1,2321.71,15
225,85,58,1,13308.65,15
226,86,121,1,1452.45,0
227,86,259,1,4817.43,20
228,87,196,3,1874.48,0
229,87,219,1,2225.48,25
230,87,1,1,25846.87,0
231,88,42,1,22654.57,0
232,88,219,5,2183.69,20
233,88,96,2,14493.4,20
234,89,36,1,1602.95,0
235,89,289,1,3488.9,5
236,89,23,1,16331.95,20
237,90,206,3,2676.03,15
238,90,1,2,26834.75,0
239,90,52,1,43628.15,25
240,91,266,1,7981.2,0
241,92,151,3,436.79,0
242,93,48,2,38515.15,0
243,93,192,2,303.88,0
244,93,287,1,1657.58,15
245,93,29,1,42738.61,0
246,93,198,2,1802.96,5
247,94,296,1,7197.28,25
248,94,211,1,4299.89,0
249,94,273,2,1354.91,0
250,94,225,2,920.56,0
251,95,286,1,9347.8,0
252,95,188,2,1560.86,5
253,95,9,1,63345.72,5
254,96,181,4,4386.0,10
255,96,84,1,2913.64,5
256,97,38,1,46875.09,15
257,97,242,1,1406.66,10
258,98,199,1,2173.77,0
259,98,205,3,807.64,0
260,99,118,2,7671.8,0
261,99,31,1,46007.18,0
262,99,199,1,2036.29,20
263,100,33,2,81104.52,0
264,101,118,1,7277.11,25
265,101,114,2,1232.55,0
266,101,101,1,13612.6,0
267,101,31,2,47699.09,15
268,102,285,3,7502.68,20
269,102,259,2,4662.41,20
270,102,54,3,5718.32,10
271,103,177,1,12657.98,0
272,103,84,3,3169.99,0
273,104,208,2,644.87,0
274,104,141,1,2145.7,20
275,105,278,1,7133.06,5
276,105,39,1,44998.49,10
277,105,256,1,1448.59,0
278,105,53,3,18794.91,15
279,106,257,2,1051.67,15
280,106,18,1,18638.33,5
281,106,212,2,730.73,15
282,106,68,2,6822.6,10
283,107,141,1,2003.43,0
284,108,184,4,4330.93,25
285,108,233,3,177.47,5
286,109,274,1,5676.21,0
287,109,148,3,23953.11,5
288,109,233,1,181.87,10
289,110,269,1,5457.95,20
290,110,206,3,2617.13,0
291,111,199,1,2201.65,20
292,112,200,1,1513.07,20
293,113,98,2,9444.5,20
294,113,158,3,7256.8,20
295,114,24,1,33124.48,25
296,114,64,2,44229.75,10
297,115,33,3,80427.18,25
298,116,106,1,7002.72,0
299,116,45,1,665.46,0
300,116,76,1,8923.63,10
301,116,166,2,15531.43,25
302,116,141,1,2054.99,0
303,117,77,2,8762.88,5
304,117,5,1,51929.95,5
305,118,264,3,2433.48,5
306,118,140,1,2803.52,0
307,118,191,1,412.19,0
308,119,44,3,8803.54,10
309,120,116,1,3883.51,25
310,120,56,2,40300.21,5
311,120,142,2,2989.71,25
312,120,39,2,44898.03,10
313,121,77,1,8013.0,0
314,122,112,2,4702.7,0
315,122,252,2,764.23,0
316,123,291,1,5944.91,25
317,123,197,2,1407.47,20
318,123,78,3,2722.98,15
319,123,160,2,1154.61,10
320,124,178,1,7375.71,0
321,124,66,1,15493.98,25
322,124,214,3,933.13,10
323,125,96,2,13288.91,0
324,125,66,1,14999.21,0
325,126,170,1,21066.94,0
326,126,24,2,33477.8,0
327,126,128,5,853.82,25
328,127,194,2,2608.52,25
329,127,23,1,17438.89,25
330,128,67,1,16902.36,5
331,129,111,2,1001.14,15
332,130,53,1,18982.81,0
333,130,191,1,393.02,0
334,130,70,1,43724.0,5
335,131,63,1,31288.54,10
336,132,183,1,4254.6,10
337,132,73,4,7015.84,25
338,132,196,1,1777.12,15
339,132,157,1,11254.66,10
340,133,231,3,928.63,0
341,133,85,1,10156.36,5
342,133,222,2,1069.04,10
343,134,255,2,408.42,15
344,134,187,3,4790.82,0
345,135,269,3,5158.54,20
346,135,260,1,8451.18,0
347,135,48,1,38167.54,0
348,136,131,1,7210.62,5
349,136,112,2,4663.3,10
350,137,24,1,32324.6,5
351,137,108,3,1325.14,0
352,137,110,4,5170.37,10
353,138,61,2,15209.1,5
354,138,160,2,1168.22,10
355,139,255,1,384.35,20
356,139,131,1,7119.54,15
357,140,2,1,88235.78,0
358,140,231,3,937.28,0
359,141,93,2,10247.81,0
360,142,109,3,1577.39,0
361,143,134,1,6377.5,5
362,143,226,2,2836.0,0
363,144,185,2,675.85,20
364,144,221,1,1232.48,0
365,144,292,3,476.48,5
366,144,86,1,9014.14,10
367,145,175,3,18800.36,0
368,145,267,1,3922.28,10
369,146,222,1,1035.3,20
370,146,180,2,8774.47,0
371,146,51,1,39686.06,10
372,146,79,2,10753.24,5
373,146,134,2,6370.84,0
374,147,211,2,4593.49,15
375,148,283,4,4210.9,5
376,148,191,1,413.87,0
377,148,294,1,29076.49,5
378,149,202,1,3903.91,20
379,149,173,2,11312.32,15
380,149,296,2,7138.2,20
381,149,255,1,421.75,10
382,150,132,5,6975.62,15
383,151,285,4,7316.74,10
384,151,13,1,78452.72,0
385,152,7,2,70998.15,20
386,153,15,1,24559.04,5
387,154,172,4,18426.85,0
388,154,158,2,7109.53,10
389,154,270,1,2012.61,0
390,155,300,1,825.05,20
391,155,7,1,74556.7,10
392,156,10,1,23604.5,5
393,156,160,2,1216.23,20
394,156,293,1,13439.34,20
395,156,46,1,36632.55,25
396,157,19,2,72094.42,0
397,158,100,1,833.73,0
398,158,235,1,3771.99,25
399,158,93,5,10533.09,15
400,158,222,2,1089.57,15
401,159,228,1,266.92,25
402,159,101,1,13556.62,15
403,160,50,2,15822.99,0
404,160,239,2,1978.89,0
405,161,218,2,3226.43,20
406,161,261,2,7207.27,15
407,161,175,2,19229.35,15
408,161,209,2,2531.35,25
409,162,151,1,438.09,0
410,162,109,1,1523.55,25
411,162,100,1,816.96,20
412,162,211,3,4688.94,15
413,163,136,1,2377.33,20
414,163,172,2,19513.67,10
415,163,266,4,7770.53,15
416,164,123,3,4880.87,15
417,164,141,2,2138.58,0
418,165,187,1,4502.08,0
419,165,124,2,952.18,20
420,166,117,1,273.36,25
421,166,133,3,2780.95,0
422,167,247,1,679.99,5
423,167,269,2,5097.68,20
424,167,4,2,10434.25,0
425,168,195,4,3343.27,10
426,168,156,3,21842.38,5
427,169,29,1,40998.98,20
428,169,141,1,2160.69,10
429,170,161,1,2388.34,25
430,170,53,2,19738.18,5
431,170,24,3,35193.48,25
432,170,73,1,7190.48,20
433,171,20,3,55149.7,25
434,171,127,1,6737.09,0
435,171,112,2,4777.94,10
436,171,70,3,39571.92,0
437,172,251,1,3157.58,0
438,173,168,1,2862.16,25
439,173,59,1,40736.49,5
440,173,201,2,3579.89,0
441,174,135,1,2052.08,15
442,174,129,1,4489.09,5
443,175,12,1,9977.58,0
444,175,177,2,13729.21,25
445,175,94,1,2606.8,0
446,175,210,1,1755.38,0
447,176,94,3,2553.57,0
448,176,123,1,4646.37,15
449,176,205,2,789.92,10
450,176,49,4,34848.56,5
451,177,128,1,843.45,0
452,177,256,1,1321.72,0
453,177,211,2,4683.09,15
454,177,257,1,1000.79,20
455,178,254,4,1995.55,10
456,178,19,1,74863.16,5
457,179,117,1,286.58,15
458,179,131,2,6988.68,0
459,179,265,3,7551.54,0
460,179,180,1,8820.56,0
461,180,232,2,554.88,5
462,181,200,2,1399.41,25
463,181,132,2,7184.51,10
464,181,126,4,1588.0,0
465,182,294,1,29526.59,0
466,182,162,1,17137.4,20
467,182,111,1,1038.11,15
468,183,28,1,80590.94,5
469,184,20,1,54020.73,0
470,184,67,3,16683.49,20
471,184,206,1,2812.69,5
472,184,196,1,1876.54,0
473,185,141,1,2008.21,0
474,185,31,1,48523.68,15
475,185,93,1,10149.31,15
476,185,238,1,2453.82,5
477,186,273,1,1268.65,20
478,187,65,3,28936.52,0
479,187,29,2,45452.97,0
480,187,155,3,12617.39,10
481,187,271,2,2203.43,15
482,188,249,3,2058.33,0
483,188,229,1,3979.61,15
484,189,54,3,6049.63,25
485,189,192,1,306.28,0
486,190,141,2,2174.18,0
487,190,68,2,6939.53,15
488,191,240,2,1273.9,0
489,191,215,1,3268.93,0
490,192,263,2,8317.47,15
491,192,64,3,41534.51,25
492,193,174,3,12251.56,10
493,193,8,2,12836.39,15
494,194,262,2,1982.83,10
495,194,293,1,13408.78,0
496,194,70,1,43235.91,15
497,195,181,1,4537.61,0
498,195,108,3,1353.56,0
499,196,229,1,4001.94,25
500,196,225,2,998.97,10
501,196,169,1,24073.34,15
502,197,61,1,14499.82,10
503,197,65,2,29032.93,5
504,198,241,1,84.99,10
505,198,20,3,59634.63,10
506,199,159,2,12594.17,10
507,199,292,4,492.65,0
508,200,68,2,7066.38,20
509,200,102,2,4025.37,0
510,201,114,3,1234.53,25
511,201,176,1,19040.44,0
512,202,64,3,45020.48,25
513,202,80,1,2170.98,15
514,203,33,4,80384.95,0
515,204,104,1,8045.34,0
516,204,142,1,2872.68,15
517,204,53,1,19309.05,10
518,205,173,4,11728.45,0
519,205,187,1,4707.09,5
520,206,248,1,853.1,15
521,206,213,2,1062.73,0
522,207,214,2,922.36,5
523,208,46,1,37052.21,25
524,209,82,1,7929.78,20
525,209,48,2,39510.7,5
526,209,297,3,50246.9,20
527,210,295,4,9509.45,15
528,211,13,1,78482.15,5
529,211,46,2,36042.95,15
530,211,18,3,17762.55,0
531,212,25,2,11668.78,5
532,212,17,2,88991.13,20
533,213,22,3,26857.47,5
534,213,95,2,12983.61,0
535,214,33,2,75711.85,25
536,214,287,2,1724.06,20
537,214,273,2,1328.03,5
538,214,109,2,1536.39,0
539,215,279,2,2307.09,10
540,215,120,1,4887.27,20
541,215,154,1,9308.99,20
542,216,16,1,34714.42,0
543,216,132,2,7410.77,20
544,217,227,2,425.36,25
545,217,168,1,2970.76,10
546,218,87,2,11514.68,10
547,218,160,4,1129.15,5
548,218,199,5,2144.61,15
549,219,168,3,2825.3,0
550,219,170,1,20858.49,0
551,220,299,4,48452.99,10
552,220,6,2,66484.18,20
553,220,285,1,7595.62,0
554,221,63,2,30424.05,0
555,221,276,1,5005.49,0
556,221,94,1,2405.64,25
557,221,72,1,3551.1,10
558,221,296,1,7159.41,0
559,222,212,3,736.34,15
560,222,252,1,729.6,10
561,223,168,2,2989.65,15
562,223,300,2,787.97,20
563,223,198,2,1801.81,15
564,224,236,2,2018.75,15
565,224,258,1,4376.55,0
566,224,198,3,1796.05,25
567,224,288,2,3602.97,10
568,225,136,1,2193.26,20
569,225,110,1,5477.66,15
570,225,213,1,1056.58,10
571,225,115,1,1207.47,0
572,226,262,1,1974.11,0
573,227,71,1,22834.43,15
574,227,26,2,30053.41,15
575,227,128,1,871.85,5
576,227,167,1,14742.41,15
577,228,45,2,683.45,0
578,229,289,1,3641.8,0
579,229,257,3,1077.29,0
580,229,244,2,80.4,5
581,229,217,2,2342.08,0
582,230,259,1,4443.43,0
583,230,40,2,26021.79,10
584,230,252,2,773.85,15
585,230,23,2,16120.28,0
586,231,93,2,10002.32,0
587,231,180,3,8523.98,5
588,232,4,2,10791.33,15
589,233,21,1,50317.48,0
590,234,72,2,3471.46,5
591,234,56,3,39576.26,25
592,234,206,1,2772.1,0
593,234,282,1,1412.58,0
594,235,128,1,852.23,15
595,235,45,1,614.34,5
596,236,45,4,636.01,0
597,236,212,1,690.78,25
598,237,174,1,12490.49,0
599,237,77,2,8287.48,25
600,238,74,1,9133.18,15
601,238,233,3,191.32,20
602,238,161,2,2260.63,0
603,239,39,4,42575.6,0
604,239,37,3,43891.36,5
605,240,124,3,1005.91,5
606,240,187,1,4868.95,10
607,240,97,2,3671.06,15
608,240,295,4,9496.62,20
609,241,29,2,41915.7,0
610,241,227,2,403.93,0
611,242,203,1,1076.82,15
612,242,136,2,2362.37,0
613,243,74,1,9970.1,0
614,243,18,1,18036.31,0
615,243,156,2,22022.86,5
616,244,201,2,3475.68,5
617,245,104,2,7559.99,10
618,245,122,1,5817.72,0
619,245,4,1,11206.86,10
620,245,162,1,16921.78,10
621,245,247,1,710.34,0
622,246,76,1,9587.02,10
623,246,50,1,15648.9,0
624,246,237,1,2999.2,0
625,247,115,2,1211.92,15
626,247,109,1,1507.12,20
627,247,290,2,5584.73,15
628,248,253,1,6278.65,0
629,248,122,5,5808.14,15
630,248,289,3,3484.03,20
631,249,281,2,1940.71,5
632,249,97,5,3526.48,25
633,249,127,1,6943.47,10
634,250,23,2,17620.89,10
635,250,198,4,1842.52,0
636,250,180,4,8641.7,5
637,251,189,3,4489.86,15
638,251,240,1,1201.14,0
639,251,11,3,18457.12,15
640,251,255,1,413.45,0
641,252,298,1,48161.88,20
642,252,82,2,8471.86,0
643,253,224,2,721.69,0
644,254,113,1,1898.52,0
645,255,293,1,12758.5,0
646,255,2,3,90933.33,25
647,255,285,2,7328.44,0
648,256,269,1,5167.17,25
649,256,237,2,2795.55,25
650,257,198,2,1844.68,0
651,258,172,1,19166.82,20
652,259,15,1,26190.98,15
653,259,252,1,776.52,0
654,260,86,4,9188.84,5
655,260,77,3,8593.84,25
656,260,19,2,74861.98,0
657,260,182,1,2378.31,15
658,260,62,1,43112.01,10
659,261,269,1,4951.08,0
660,261,214,2,970.51,25
661,261,243,1,3579.34,10
662,261,97,1,3619.86,15
663,262,171,2,16766.35,25
664,262,282,2,1428.43,0
665,262,158,2,7457.58,5
666,262,111,1,999.99,10
667,263,296,1,7505.54,0
668,263,64,2,43011.84,5
669,264,123,1,4443.46,25
670,264,20,2,54138.47,20
671,265,264,1,2497.01,15
672,265,245,1,959.3,0
673,266,142,2,3096.34,10
674,267,64,1,41032.96,5
675,267,59,1,39534.62,25
676,268,85,1,10368.1,25
677,268,66,2,15075.22,15
678,269,5,2,52177.76,25
679,269,126,1,1547.98,0
680,269,291,1,6322.42,25
681,269,142,2,3038.15,0
682,270,105,3,7816.33,5
683,270,38,1,45804.81,15
684,271,40,2,26455.97,0
685,271,36,3,1483.01,25
686,272,140,2,2995.73,5
687,273,192,2,316.89,0
688,273,231,3,906.46,5
689,274,209,3,2478.47,0
690,274,275,3,1682.96,15
691,274,194,1,2617.99,10
692,275,297,1,47119.91,0
693,275,140,1,2802.36,25
694,276,243,1,3738.64,0
695,276,134,1,6892.35,0
696,276,99,3,6021.97,20
697,277,59,2,41772.45,5
698,277,110,1,5482.94,15
699,277,80,1,2127.79,0
700,278,167,2,13400.13,5
701,279,190,1,1403.91,20
702,279,203,1,1125.83,0
703,280,155,3,12526.48,0
704,280,172,1,18150.71,0
705,281,175,1,18741.27,10
706,281,129,1,4436.07,0
707,281,200,2,1426.48,10
708,281,87,1,11159.02,0
709,282,175,2,18307.59,0
710,282,133,2,2749.18,0
711,282,242,1,1385.24,15
712,282,26,1,28495.91,0
713,283,44,2,7930.39,0
714,284,55,1,3318.72,20
715,285,173,1,11765.02,15
716,285,224,1,669.03,5
717,286,185,1,700.3,0
718,286,7,1,70525.71,15
719,287,225,2,957.6,0
720,287,51,2,37368.01,10
721,287,192,2,289.06,0
722,288,53,2,20812.23,10
723,288,145,2,6252.51,10
724,288,82,1,7793.77,15
725,289,204,1,2281.0,0
726,289,296,1,6968.8,0
727,289,298,3,48482.32,0
728,290,155,3,12335.73,10
729,291,224,4,684.61,15
730,291,258,2,4231.21,0
731,291,263,1,8511.02,0
732,292,198,3,1734.14,0
733,292,235,3,3571.79,10
734,293,296,1,6965.28,0
735,293,64,2,40396.33,0
736,293,161,1,2266.0,15
737,294,112,3,4685.72,0
738,294,53,3,19298.2,0
739,294,184,2,4301.91,0
740,294,207,2,1280.03,10
741,295,202,3,4006.37,0
742,295,245,1,901.01,5
743,296,130,1,5520.41,25
744,296,82,1,7743.53,0
745,296,124,2,1002.77,25
746,296,275,2,1753.46,20
747,297,241,4,91.43,25
748,297,155,1,12309.58,0
749,297,27,1,13889.07,10
750,298,27,2,14758.06,15
751,298,11,3,17516.14,25
752,298,124,4,938.04,25
753,298,112,3,4477.14,10
754,299,178,1,6857.03,5
755,300,249,2,1996.74,0
756,300,223,1,2981.15,0
757,300,120,2,4750.96,5
758,301,99,2,5835.51,25
759,301,86,3,9577.35,0
760,301,236,1,2161.83,5
761,301,282,1,1551.62,5
762,302,189,2,4048.42,0
763,303,297,2,48302.63,10
764,303,96,2,14091.43,15
765,303,42,1,21807.24,0
766,304,192,2,301.98,10
767,304,4,2,11010.37,20
768,305,178,1,7214.87,20
769,306,37,1,46284.35,15
770,307,184,1,4035.82,0
771,307,38,1,46076.61,15
772,307,132,1,7077.46,5
773,307,283,2,4495.01,0
774,308,50,1,16661.01,15
775,308,298,1,48096.27,0
776,309,211,1,4471.88,5
777,310,220,4,660.14,0
778,310,118,1,7388.98,25
779,310,206,3,2793.57,0
780,310,183,1,4096.93,25
781,310,6,3,67952.29,25
782,311,21,2,53526.9,0
783,311,102,2,4003.89,5
784,311,89,1,10040.4,25
785,311,111,2,1053.93,15
786,312,62,2,45460.38,20
787,312,37,1,45897.39,5
788,312,83,1,12079.23,5
789,312,226,1,3097.85,0
790,313,258,3,4320.63,15
791,313,207,2,1345.29,10
792,313,83,2,11689.84,5
793,313,124,3,980.81,0
794,313,28,1,81107.07,15
795,314,20,1,54869.44,0
796,314,23,2,16125.68,0
797,314,67,1,16255.97,10
798,315,33,1,80170.47,5
799,315,218,1,3004.14,25
800,315,282,3,1541.58,5
801,315,241,2,94.07,10
802,315,273,1,1309.78,25
803,316,105,1,7327.56,20
804,316,158,1,7480.62,0
805,317,203,1,1089.01,0
806,317,1,1,25271.09,15
807,318,234,1,3204.68,25
808,318,293,2,13525.88,0
809,319,183,1,4073.2,20
810,319,217,2,2363.13,25
811,319,238,2,2627.89,25
812,320,244,3,87.37,5
813,320,225,2,948.57,0
814,321,110,2,4961.89,5
815,322,83,2,11966.38,10
816,322,22,1,26623.2,15
817,322,143,1,5925.48,0
818,323,234,1,3398.31,0
819,323,115,1,1338.32,20
820,323,144,2,3937.65,0
821,324,55,3,3472.29,15
822,324,179,2,2221.01,0
823,325,277,2,6321.44,0
824,325,167,1,13785.08,10
825,325,123,2,4807.2,0
826,326,289,1,3621.59,5
827,326,162,2,17063.26,25
828,327,28,2,86150.69,0
829,328,101,2,13668.98,15
830,328,235,1,3710.42,15
831,328,287,2,1709.13,10
832,329,19,2,76407.8,20
833,329,231,1,952.94,0
834,330,70,2,41381.8,0
835,330,55,2,3170.94,10
836,330,17,1,87228.01,10
837,331,35,2,41105.35,0
838,331,64,2,42041.37,25
839,332,8,1,14006.05,10
840,332,144,2,3799.46,0
841,333,132,1,7273.63,10
842,333,140,1,3066.25,25
843,334,133,2,2801.71,0
844,335,9,4,66039.09,25
845,336,119,1,6996.04,10
846,336,125,2,5216.65,0
847,336,81,1,6615.63,20
848,337,272,2,3205.14,0
849,337,290,2,5753.52,0
850,337,248,1,944.98,0
851,338,227,1,432.81,0
852,338,257,1,999.88,0
853,338,294,1,29334.3,5
854,338,74,1,9682.99,10
855,339,127,3,7191.42,20
856,339,43,3,9183.62,0
857,340,189,2,4445.25,25
858,341,126,1,1572.67,25
859,342,80,3,2250.35,25
860,342,182,1,2639.48,15
861,343,71,1,23025.94,0
862,343,162,1,15628.7,15
863,344,35,2,44072.94,0
864,344,59,2,37992.44,0
865,345,127,2,6635.04,0
866,345,206,1,2559.39,0
867,346,159,2,13354.69,15
868,346,136,3,2330.11,0
869,346,84,1,3042.52,0
870,346,218,3,3019.98,15
871,346,225,2,965.38,10
872,347,73,2,6910.92,10
873,347,212,3,705.7,5
874,348,163,4,655.2,0
875,348,275,2,1699.56,0
876,349,139,3,5247.26,0
877,349,298,1,45160.47,5
878,350,190,3,1473.41,5
879,350,118,4,7593.9,15
880,351,88,1,4183.61,25
881,351,261,1,7926.33,0
882,351,266,2,7888.21,25
883,351,16,3,33943.7,10
884,352,184,1,4092.93,10
885,352,93,2,9825.16,20
886,352,144,1,3876.75,0
887,352,243,1,3511.53,0
888,353,5,1,50590.81,0
889,354,280,1,7627.74,25
890,354,223,1,2884.48,5
891,355,117,1,293.7,10
892,355,288,2,3652.56,0
893,356,12,3,9423.86,25
894,357,185,1,751.56,5
895,358,23,1,17683.24,5
896,358,48,1,38421.86,10
897,358,223,1,2909.38,0
898,359,70,2,43433.37,0
899,359,185,2,696.76,0
900,360,30,1,70127.24,5
901,360,112,2,4920.03,10
902,360,68,1,7304.81,10
903,361,80,1,2220.8,5
904,361,236,1,2194.36,25
905,361,286,2,8695.56,20
906,361,294,2,27445.34,10
907,362,182,3,2413.53,5
908,362,234,2,3374.49,10
909,362,260,2,8593.31,0
910,363,55,1,3489.39,10
911,363,271,3,2189.02,5
912,364,67,1,16881.37,10
913,364,244,2,86.44,10
914,365,143,1,5959.66,5
915,365,200,2,1544.26,0
916,365,173,1,11902.87,0
917,365,188,2,1656.83,0
918,365,51,1,39433.75,15
919,366,87,1,11855.88,20
920,366,270,1,2163.39,0
921,366,70,1,40230.62,10
922,367,118,1,7636.23,25
923,367,234,2,3268.93,20
924,368,297,3,48447.08,0
925,368,96,1,13563.11,25
926,368,41,1,38613.75,10
927,369,129,4,4368.75,20
928,370,292,1,495.71,25
929,370,196,1,1954.52,15
930,370,176,1,19695.51,5
931,370,111,1,1008.36,0
932,370,255,2,409.59,15
933,371,108,3,1347.35,5
934,372,67,2,17889.89,10
935,373,160,3,1195.94,25
936,373,265,2,7649.64,0
937,373,175,2,19093.78,0
938,373,27,1,13443.35,0
939,374,288,2,3693.4,0
940,375,63,1,30779.5,15
941,375,268,2,1763.1,0
942,375,300,1,754.53,15
943,375,143,3,6196.62,25
944,376,59,2,38000.54,0
945,376,236,1,2202.2,0
946,376,185,2,742.39,10
947,376,229,4,3869.24,0
948,377,144,1,3718.11,0
949,378,263,2,8038.68,15
950,379,249,1,2047.82,0
951,379,167,2,14257.39,0
952,380,23,2,17827.19,0
953,380,152,3,22311.33,10
954,381,66,2,15830.74,0
955,381,229,2,3720.22,0
956,381,92,1,5657.77,5
957,382,139,2,5265.8,20
958,382,166,1,14873.39,20
959,382,24,1,32423.12,10
960,383,104,1,7919.99,20
961,383,294,1,29440.8,25
962,383,147,2,3224.13,20
963,384,185,1,722.83,0
964,384,273,1,1360.24,20
965,384,162,1,15773.56,20
966,385,47,1,9949.12,25
967,385,259,2,4830.47,5
968,386,27,4,13794.42,5
969,386,38,3,44698.32,10
970,387,268,4,1663.96,5
971,387,76,5,9044.37,0
972,388,2,1,87373.1,5
973,388,150,1,15961.28,25
974,389,297,5,51535.94,0
975,389,92,2,5682.77,5
976,390,82,4,8432.41,0
977,390,241,1,88.29,25
978,390,107,5,7872.41,0
979,391,3,1,44633.54,15
980,391,14,2,20512.59,5
981,391,283,1,4279.02,15
982,391,175,2,19025.64,0
983,392,1,3,25207.74,0
984,392,171,2,16445.27,5
985,392,252,3,731.64,5
986,393,208,2,602.02,10
987,393,174,2,12140.73,25
988,393,97,3,3698.75,0
989,393,65,2,28998.24,20
990,394,256,1,1370.51,10
991,395,127,5,7084.24,0
992,395,228,2,260.68,10
993,395,17,3,82709.77,20
994,396,43,2,9841.02,20
995,396,196,1,1768.08,15
996,396,123,3,4775.97,10
997,397,167,1,13534.68,0
998,397,131,1,6872.21,25
999,397,192,1,292.58,25
1000,397,257,2,1102.42,0
1001,398,258,1,4171.59,10
1002,398,257,2,1017.73,0
1003,399,113,2,2030.58,0
1004,400,289,2,3260.14,0
1005,401,71,1,22064.6,10
1006,401,4,4,10635.09,25
1007,402,248,1,943.98,20
1008,402,37,1,43110.13,20
1009,402,187,2,4854.6,0
1010,402,137,3,1575.33,10
1011,403,206,4,2767.54,25
1012,403,252,2,742.73,15
1013,404,222,1,1080.32,15
1014,404,198,1,1768.7,15
1015,404,206,3,2562.73,20
1016,404,129,1,4457.25,0
1017,405,187,1,4715.0,25
1018,406,286,1,8573.61,15
1019,406,257,1,1030.11,0
1020,407,40,2,26632.35,0
1021,408,88,1,4072.55,20
1022,408,275,2,1633.52,0
1023,409,246,1,1700.99,20
1024,409,72,1,3371.11,0
1025,410,45,1,650.94,5
1026,410,132,5,7593.91,5
1027,410,127,1,6492.48,0
1028,410,29,1,41541.7,10
1029,411,206,2,2618.1,25
1030,411,182,1,2402.26,10
1031,411,129,1,4307.32,0
1032,412,142,1,2930.67,10
1033,412,99,1,5961.38,5
1034,413,232,3,517.45,25
1035,413,293,2,12211.87,5
1036,414,204,3,2364.62,5
1037,414,218,2,3053.72,15
1038,415,276,1,5057.73,0
1039,415,224,1,707.41,0
1040,415,129,2,4322.03,0
1041,416,222,3,1146.96,10
1042,416,67,2,16803.4,0
1043,416,136,2,2286.45,10
1044,417,269,3,5368.83,25
1045,418,235,2,3692.85,0
1046,418,98,1,10278.99,0
1047,418,223,2,3071.36,25
1048,418,247,3,685.69,0
1049,418,290,2,5982.14,15
1050,419,66,4,14979.26,0
1051,419,5,3,48271.19,15
1052,419,97,2,3605.71,10
1053,419,277,3,6328.9,20
1054,420,157,3,11137.53,20
1055,421,78,1,2646.42,5
1056,421,19,2,70789.0,5
1057,421,49,5,35879.08,0
1058,422,68,1,6984.92,0
1059,422,197,4,1313.11,0
1060,423,161,1,2323.02,0
1061,423,270,1,2184.55,10
1062,423,146,1,18156.23,0
1063,424,189,2,4372.34,5
1064,424,8,2,13035.66,0
1065,425,300,2,789.43,0
1066,425,290,1,5347.59,5
1067,426,7,1,67840.1,0
1068,427,169,4,22132.73,25
1069,427,124,1,993.0,25
1070,428,176,1,18602.04,0
1071,428,132,1,7308.7,5
1072,429,159,4,12410.62,0
1073,429,286,1,8821.58,20
1074,430,127,2,7095.63,0
1075,431,92,3,5761.88,15
1076,431,237,1,2979.87,5
1077,431,27,3,14675.12,5
1078,432,292,1,480.52,15
1079,432,26,2,30833.78,25
1080,432,224,1,670.87,0
1081,433,23,2,16290.84,25
1082,433,114,1,1143.18,15
1083,433,231,1,949.72,0
1084,433,58,4,14408.96,0
1085,434,46,5,35790.47,20
1086,434,216,3,4461.96,15
1087,434,96,2,13045.75,10
1088,435,98,1,9625.38,5
1089,435,202,3,4059.39,20
1090,435,129,2,4154.65,0
1091,435,111,2,1068.68,0
1092,436,238,3,2642.47,20
1093,436,77,2,8130.4,0
1094,436,85,1,10157.87,25
1095,437,164,2,13098.12,15
1096,437,247,1,640.41,0
1097,437,55,3,3419.55,5
1098,437,29,2,41681.25,20
1099,438,244,1,82.68,20
1100,438,229,1,3738.13,10
1101,438,170,4,21763.69,5
1102,439,216,1,4457.09,20
1103,439,111,1,1046.76,20
1104,440,271,1,2253.06,5
1105,440,146,1,17215.38,25
1106,440,34,1,27715.89,0
1107,440,172,3,18866.42,0
1108,441,256,2,1367.63,15
1109,441,203,3,1062.29,20
1110,441,292,1,489.45,5
1111,442,230,1,387.91,10
1112,442,162,2,16674.21,0
1113,442,79,1,10083.54,0
1114,443,136,1,2423.39,15
1115,443,174,3,11494.05,0
1116,444,204,1,2267.31,0
1117,444,212,4,703.87,0
1118,445,242,1,1307.68,25
1119,446,287,1,1584.76,5
1120,447,77,3,8538.87,0
1121,447,160,1,1179.01,0
1122,448,157,2,11351.59,10
1123,449,222,2,1114.07,15
1124,450,28,4,81572.18,5
1125,451,151,1,425.77,0
1126,451,256,4,1380.07,0
1127,451,207,1,1317.89,20
1128,452,159,1,13330.38,0
1129,452,288,2,3729.94,10
1130,453,210,1,1764.3,15
1131,453,259,3,4373.14,15
1132,454,93,2,10000.0,25
1133,454,172,2,18573.87,0
1134,455,74,1,10013.52,25
1135,455,168,1,3000.0,20
1136,456,85,1,10333.57,5
1137,456,243,1,3498.98,20
1138,456,29,1,41508.94,15
1139,456,139,1,5421.48,20
1140,457,25,5,12596.76,20
1141,458,282,1,1522.31,25
1142,459,87,3,11629.68,15
1143,459,140,1,3069.5,15
1144,459,129,1,4074.51,10
1145,459,131,1,7112.18,5
1146,460,121,1,1456.37,20
1147,460,52,2,42885.56,25
1148,460,279,1,2300.38,0
1149,461,105,2,7764.93,0
1150,461,253,1,6216.72,0
1151,461,127,1,7096.53,0
1152,462,50,2,15776.42,0
1153,462,257,2,1025.89,0
1154,463,111,4,984.25,20
1155,463,38,2,47738.04,0
1156,464,3,1,42932.72,0
1157,464,284,1,1922.7,20
1158,465,18,1,18125.57,0
1159,465,58,3,14639.33,0
1160,466,234,1,3405.84,0
1161,466,249,1,1924.67,0
1162,466,164,2,13739.99,0
1163,467,193,3,3828.04,10
1164,467,176,5,20189.54,25
1165,467,109,1,1650.28,15
1166,467,90,1,13053.14,20
1167,467,151,2,401.61,0
1168,468,283,1,4391.62,0
1169,468,232,3,556.37,0
1170,468,6,1,63872.17,0
1171,468,69,3,9758.7,5
1172,469,291,1,5806.99,0
1173,469,59,1,40951.17,0
1174,470,110,1,4957.22,5
1175,470,92,1,5622.43,15
1176,471,231,1,917.44,0
1177,472,46,1,38051.14,10
1178,472,113,1,2114.39,5
1179,472,58,1,13755.36,0
1180,472,51,1,39904.53,20
1181,473,57,3,15125.35,25
1182,473,58,2,14314.53,20
1183,474,4,1,10437.02,20
1184,474,92,3,5633.54,20
1185,474,164,1,13954.98,0
1186,475,294,1,27909.73,15
1187,476,12,4,9158.96,5
1188,476,145,1,6419.93,0
1189,477,176,1,19170.31,15
1190,478,133,2,2721.72,10
1191,479,251,1,3264.21,10
1192,479,229,1,3932.84,0
1193,480,287,2,1655.98,10
1194,480,117,3,283.54,5
1195,480,13,1,77863.38,0
1196,481,84,1,3052.95,25
1197,482,71,1,21432.8,5
1198,482,281,1,2006.81,0
1199,483,33,1,81071.02,20
1200,483,99,2,5544.39,0
1201,483,131,1,6593.97,0
1202,484,33,2,78817.65,10
1203,484,34,3,26236.81,0
1204,485,236,1,2090.11,25
1205,485,26,2,30902.81,20
1206,485,202,4,4006.82,0
1207,486,131,3,6801.67,0
1208,487,153,2,5912.95,0
1209,487,279,2,2531.13,0
1210,488,141,1,2067.73,0
1211,488,172,2,18491.68,10
1212,488,209,2,2464.07,0
1213,488,256,1,1400.45,0
1214,488,206,1,2612.98,0
1215,489,248,3,915.08,0
1216,489,239,1,2007.91,5
1217,489,21,1,53285.42,0
1218,489,67,1,17255.24,15
1219,490,77,2,8399.9,25
1220,490,31,2,45333.62,25
1221,490,181,1,4603.32,0
1222,490,94,2,2641.16,5
1223,491,174,3,12070.06,0
1224,491,242,2,1335.18,5
1225,492,206,2,2761.71,10
1226,492,217,2,2421.76,10
1227,492,101,1,14454.66,5
1228,493,120,2,4662.91,5
1229,493,164,2,13609.07,20
1230,493,202,2,3906.37,0
1231,494,171,3,17695.29,0
1232,494,116,4,4160.99,0
1233,495,211,1,4326.25,10
1234,495,218,2,3028.72,15
1235,495,100,1,789.61,15
1236,495,126,1,1567.6,5
1237,496,271,1,2375.31,5
1238,496,285,1,6813.43,10
1239,497,186,2,2583.21,10
1240,497,61,1,15197.39,0
1241,498,54,1,5865.65,10
1242,499,291,1,5863.86,0
1243,499,171,2,17070.79,10
1244,500,154,1,9554.13,15
1245,501,57,1,15000.21,10
1246,502,89,1,9742.07,25
1247,502,129,1,4245.32,5
1248,502,199,1,2164.48,25
1249,503,292,1,493.11,0
1250,503,61,1,15095.78,10
1251,504,39,1,43557.12,0
1252,504,271,3,2378.08,0
1253,505,239,1,1865.97,5
1254,505,286,5,8454.81,0
1255,506,208,4,642.28,5
1256,507,274,1,5905.9,0
1257,507,197,4,1409.87,0
1258,507,87,1,11607.32,20
1259,508,14,1,22326.53,20
1260,509,229,2,4051.6,0
1261,509,159,2,13138.9,25
1262,510,19,1,69485.95,10
1263,510,198,1,1738.74,0
1264,510,174,1,12437.07,15
1265,511,98,1,9351.76,10
1266,512,96,2,14233.28,20
1267,512,247,2,712.87,5
1268,512,85,2,10237.42,0
1269,513,201,3,3300.07,10
1270,514,19,3,73938.95,20
1271,515,232,1,561.67,0
1272,515,259,1,4509.79,10
1273,515,134,1,6474.23,25
1274,516,251,1,3286.43,20
1275,516,87,1,11917.75,15
1276,517,165,2,8879.76,10
1277,518,166,2,14413.52,25
1278,518,241,2,90.51,0
1279,519,15,1,26013.57,5
1280,519,175,1,19142.9,25
1281,519,161,1,2417.71,0
1282,520,112,2,4686.71,15
1283,520,140,1,2846.77,5
1284,521,122,2,5929.41,15
1285,521,175,2,19573.97,20
1286,521,223,1,2768.84,20
1287,522,158,3,7093.41,25
1288,522,240,1,1176.2,0
1289,523,46,2,36199.36,0
1290,524,195,3,3343.84,0
1291,524,160,3,1140.67,10
1292,524,147,1,3106.56,5
1293,525,192,1,310.43,5
1294,525,124,1,972.06,15
1295,526,229,2,3848.42,15
1296,527,166,1,15499.75,15
1297,527,235,2,3752.01,15
1298,527,115,1,1223.1,15
1299,528,283,2,4545.96,0
1300,528,149,1,19205.45,15
1301,528,215,2,3461.88,25
1302,528,235,2,3704.51,0
1303,529,289,3,3335.91,20
1304,529,220,1,686.21,0
1305,529,168,1,2959.54,15
1306,530,225,1,926.81,0
1307,530,1,1,26682.14,0
1308,531,213,2,1083.37,15
1309,531,289,1,3524.92,15
1310,532,104,2,7767.75,25
1311,533,127,1,6697.32,0
1312,533,171,1,17438.37,0
1313,534,31,2,44190.33,20
1314,535,105,1,7693.36,25
1315,535,135,2,2020.75,0
1316,535,209,2,2440.49,15
1317,536,97,1,3759.98,0
1318,536,112,1,4828.35,20
1319,536,260,1,8017.78,5
1320,536,22,1,27302.19,10
1321,536,147,1,3170.77,10
1322,537,221,2,1194.22,5
1323,537,28,1,81603.47,0
1324,538,35,1,41677.2,20
1325,538,17,1,84373.78,25
1326,538,298,1,48653.99,15
1327,539,234,1,3300.49,0
1328,539,194,1,2713.75,0
1329,539,160,2,1201.01,10
1330,540,57,3,13754.48,5
1331,540,56,2,40796.32,5
1332,541,276,1,5222.01,0
1333,541,70,1,42429.03,0
1334,541,99,1,5926.76,15
1335,541,128,1,887.18,25
1336,542,193,1,3786.1,20
1337,543,226,1,2805.71,0
1338,544,153,1,5415.41,20
1339,544,157,4,10940.63,5
1340,544,260,2,8026.88,0
1341,545,297,1,47498.83,10
1342,545,233,1,185.53,25
1343,546,177,1,13635.28,15
1344,546,86,2,9018.21,25
1345,546,18,2,17736.74,0
1346,546,81,2,6924.0,0
1347,547,154,1,9790.65,0
1348,547,184,2,4193.78,10
1349,547,43,1,9964.72,10
1350,548,222,3,1032.44,10
1351,548,129,1,4211.32,10
1352,548,165,3,9143.64,20
1353,548,74,1,9523.51,10
1354,548,122,1,5374.07,0
1355,549,241,2,87.86,0
1356,549,250,1,2741.48,20
1357,550,23,1,16355.47,15
1358,550,117,3,296.68,0
1359,551,159,2,12659.25,0
1360,552,254,1,1932.82,20
1361,552,124,1,995.26,0
1362,552,139,2,5206.83,0
1363,552,217,3,2550.43,20
1364,553,180,1,8596.52,0
1365,553,247,2,693.71,5
1366,553,166,3,15332.65,20
1367,553,91,1,2266.8,15
1368,554,182,2,2508.18,15
1369,554,27,1,14096.66,15
1370,554,217,1,2458.08,20
1371,554,201,1,3360.16,10
1372,555,290,1,5354.13,15
1373,555,123,1,4769.51,0
1374,555,216,3,4142.78,5
1375,555,199,2,2107.71,5
1376,555,129,1,4158.47,15
1377,556,262,2,1932.24,0
1378,556,77,1,8041.89,20
1379,556,192,3,298.57,10
1380,556,203,2,1104.85,20
1381,557,284,1,2065.78,20
1382,557,156,2,21988.37,20
1383,557,270,4,1989.5,0
1384,558,27,2,13969.9,0
1385,558,134,1,6441.17,0
1386,559,69,1,9293.36,25
1387,559,121,1,1553.34,0
1388,560,200,1,1403.58,0
1389,561,258,1,4296.96,0
1390,561,218,3,3110.57,15
1391,561,125,1,5316.38,20
1392,562,89,1,9482.65,25
1393,562,99,1,5980.7,25
1394,562,7,1,70208.94,10
1395,563,267,1,3720.98,10
1396,564,19,1,70642.31,0
1397,564,112,1,4680.53,25
1398,564,82,1,8357.17,20
1399,564,241,1,92.37,0
1400,565,118,1,7443.68,0
1401,565,175,1,18725.77,0
1402,565,212,2,713.81,15
1403,566,212,2,724.6,5
1404,566,72,3,3744.44,0
1405,567,49,2,36347.61,0
1406,567,84,3,2967.97,20
1407,567,258,1,4159.71,20
1408,568,156,2,23458.19,0
1409,568,246,1,1698.82,10
1410,568,90,1,12610.51,25
1411,569,89,3,9637.5,5
1412,569,143,1,6050.61,0
1413,569,16,2,33144.51,10
1414,570,65,1,29090.62,15
1415,570,230,1,386.36,5
1416,570,169,1,22845.71,25
1417,571,234,2,3481.12,15
1418,571,35,1,43736.16,10
1419,571,65,2,28372.91,15
1420,572,259,1,4626.96,0
1421,573,38,2,46450.78,20
1422,573,168,1,2724.07,20
1423,573,62,2,42825.11,15
1424,573,142,1,3057.48,0
1425,574,86,2,9648.24,20
1426,574,69,1,9782.99,15
1427,575,289,2,3473.23,10
1428,575,13,2,74250.51,10
1429,575,68,2,7049.27,25
1430,576,210,3,1735.79,20
1431,576,203,1,1054.0,0
1432,576,40,2,26717.79,0
1433,576,122,2,5749.55,20
1434,577,264,4,2592.51,15
1435,577,97,4,3680.22,5
1436,577,73,1,6853.66,0
1437,578,146,2,16367.5,20
1438,578,45,1,667.82,5
1439,578,79,1,10729.15,25
1440,579,225,1,913.66,5
1441,579,70,4,42585.01,0
1442,580,81,1,6881.97,5
1443,580,6,1,69121.24,5
1444,580,296,2,7025.83,10
1445,580,219,2,2373.89,20
1446,581,248,1,857.83,0
1447,581,1,1,26520.06,15
1448,582,147,2,3156.5,0
1449,582,100,1,807.58,25
1450,583,125,1,5521.4,0
1451,583,39,2,45899.58,15
1452,584,218,2,3157.74,5
1453,584,282,2,1407.12,15
1454,585,258,2,4000.52,0
1455,585,220,1,709.16,0
1456,586,91,1,2167.99,0
1457,586,217,2,2499.42,0
1458,586,215,1,3460.87,10
1459,586,66,1,15621.03,25
1460,586,162,2,15517.47,0
1461,587,297,2,51904.46,0
1462,588,266,4,7355.09,25
1463,588,260,3,8449.82,10
1464,589,145,2,6210.45,0
1465,589,125,2,5248.34,5
1466,589,206,1,2680.71,20
1467,590,269,1,4998.04,0
1468,590,113,1,1926.34,10
1469,591,90,1,13751.25,0
1470,591,184,1,4033.22,10
1471,591,35,3,39773.04,10
1472,592,296,1,7518.49,15
1473,593,19,1,73311.39,25
1474,593,117,2,304.64,20
1475,593,72,3,3370.65,20
1476,594,269,3,5336.49,10
1477,594,296,1,7016.76,25
1478,594,164,2,13579.58,10
1479,594,37,1,45116.32,5
1480,595,52,2,43972.73,0
1481,596,292,2,457.07,20
1482,596,105,1,7381.53,0
1483,596,230,1,367.06,10
1484,597,283,1,4535.69,0
1485,597,167,1,14089.69,20
1486,597,61,1,14483.92,25
1487,598,232,1,513.64,0
1488,598,253,2,6355.08,0
1489,599,272,1,3242.75,0
1490,599,228,1,265.75,5
1491,599,164,1,13341.97,25
1492,599,225,2,910.54,0
1493,600,242,1,1348.6,25
1494,600,90,1,13687.81,10
1495,601,213,2,1037.37,10
1496,601,245,1,934.2,0
1497,601,133,1,2898.98,10
1498,602,266,5,7410.98,20
1499,602,273,2,1405.92,0
1500,602,75,2,13659.32,15
1501,603,53,1,19329.24,5
1502,603,58,2,13689.4,15
1503,603,162,1,16024.78,20
1504,603,222,1,1036.29,15
1505,604,212,2,747.67,0
1506,605,279,3,2342.73,20
1507,605,104,1,7293.53,25
1508,605,259,1,4861.94,0
1509,605,108,1,1371.54,15
1510,605,35,1,42971.54,5
1511,606,296,1,7637.85,15
1512,606,78,1,2750.09,25
1513,606,126,1,1432.43,15
1514,607,272,1,3312.05,5
1515,607,69,3,10214.59,0
1516,607,207,1,1314.62,20
1517,608,262,4,2136.49,10
1518,608,194,1,2662.14,0
1519,608,297,4,52079.6,25
1520,609,285,1,7593.65,25
1521,610,228,2,258.09,5
1522,610,95,3,13214.79,0
1523,610,212,1,725.39,10
1524,611,90,4,13361.01,0
1525,612,1,1,25289.43,10
1526,612,201,3,3235.24,15
1527,613,189,1,4273.24,0
1528,613,143,1,6190.34,5
1529,614,2,1,83524.99,20
1530,615,104,2,7614.35,5
1531,615,82,1,7995.51,0
1532,616,229,3,3905.09,20
1533,616,297,1,47087.13,20
1534,617,48,2,39111.73,0
1535,617,100,2,787.43,20
1536,617,76,3,8916.13,10
1537,618,108,2,1356.01,0
1538,618,153,1,5681.98,15
1539,618,225,2,917.67,10
1540,618,198,1,1855.05,5
1541,618,26,1,28123.27,5
1542,619,284,1,1918.38,0
1543,619,151,2,442.06,0
1544,620,8,4,13723.36,20
1545,620,121,1,1460.09,10
1546,621,256,1,1325.51,5
1547,621,145,1,6513.92,5
1548,621,293,3,13065.45,5
1549,622,32,1,47336.46,0
1550,622,51,5,40839.18,10
1551,622,199,1,2084.38,0
1552,622,211,1,4297.26,15
1553,623,194,1,2618.66,0
1554,623,78,2,2549.78,0
1555,624,270,1,2066.08,20
1556,624,219,2,2311.14,0
1557,625,200,3,1434.78,0
1558,626,227,1,432.24,0
1559,626,135,3,2146.03,0
1560,626,172,3,18362.33,0
1561,627,252,2,735.94,25
1562,627,280,3,7191.4,0
1563,628,221,3,1140.96,5
1564,628,179,2,2140.77,15
1565,628,29,1,42238.69,0
1566,628,91,1,2242.61,0
1567,629,88,1,3876.4,0
1568,629,265,5,7356.29,0
1569,629,192,3,297.99,0
1570,630,174,4,12110.4,0
1571,630,120,1,4520.39,25
1572,631,163,2,630.12,0
1573,631,183,1,4397.82,0
1574,631,131,1,7089.48,0
1575,632,282,1,1508.05,0
1576,632,37,2,45911.81,15
1577,633,226,3,2951.93,0
1578,634,81,4,7173.36,0
1579,634,214,1,941.78,0
1580,634,221,1,1226.06,0
1581,634,86,1,9433.38,5
1582,634,172,1,19511.7,0
1583,635,87,1,11174.98,0
1584,635,250,2,2606.61,5
1585,636,145,1,6702.21,5
1586,636,152,1,22316.83,10
1587,637,300,1,813.18,15
1588,637,137,2,1506.55,5
1589,638,268,2,1740.51,0
1590,638,211,2,4319.94,15
1591,638,131,3,6712.8,0
1592,638,50,2,15946.3,25
1593,638,148,2,22720.61,0
1594,639,61,1,14044.01,0
1595,639,286,2,8915.98,10
1596,639,65,1,28274.05,5
1597,639,109,2,1610.9,25
1598,640,129,3,4037.49,5
1599,641,183,2,4275.22,10
1600,641,202,3,3961.92,15
1601,641,271,2,2272.56,5
1602,642,143,1,6222.48,25
1603,642,194,1,2565.58,0
1604,643,241,1,90.0,0
1605,643,135,1,2098.23,5
1606,643,54,2,5790.0,0
1607,644,300,1,799.73,15
1608,644,145,1,6056.01,20
1609,644,3,2,45653.08,25
1610,645,192,1,302.23,0
1611,645,68,1,7390.81,20
1612,645,221,1,1166.86,0
1613,645,215,1,3197.94,0
1614,645,288,1,3595.86,20
1615,646,81,1,7255.32,15
1616,646,264,1,2535.12,20
1617,646,118,1,7524.35,15
1618,646,113,1,2033.95,25
1619,647,149,1,19894.92,25
1620,647,16,3,33725.31,15
1621,647,48,1,37812.0,25
1622,647,44,3,7964.98,0
1623,648,214,1,950.77,20
1624,648,235,4,3581.77,25
1625,648,274,4,5574.07,20
1626,649,17,2,87392.7,10
1627,650,241,1,93.41,0
1628,651,266,2,7559.23,15
1629,651,11,1,18812.69,5
1630,651,151,1,436.75,0
1631,651,57,3,14980.78,25
1632,652,35,2,41542.86,25
1633,652,218,1,3127.45,10
1634,652,296,2,6940.06,10
1635,653,170,5,22398.36,20
1636,653,226,1,3072.96,0
1637,654,245,2,893.3,0
1638,654,82,3,8257.6,0
1639,655,252,2,761.74,15
1640,656,85,1,11162.99,0
1641,656,133,2,2762.7,15
1642,656,296,2,7301.32,15
1643,656,299,3,45219.37,5
1644,657,143,1,6191.45,5
1645,658,165,1,8581.11,25
1646,659,64,1,43270.22,10
1647,660,49,2,34436.16,0
1648,660,139,2,5023.2,25
1649,661,24,1,34954.49,0
1650,661,77,1,8304.14,0
1651,662,249,2,2043.88,0
1652,662,82,1,8234.51,15
1653,663,157,4,11161.45,10
1654,663,79,5,10735.9,0
1655,663,233,3,181.54,25
1656,664,211,5,4524.65,15
1657,664,209,2,2490.61,5
1658,664,165,4,8660.15,0
1659,665,166,2,15046.65,20
1660,665,97,2,3574.81,0
1661,665,74,2,9337.56,20
1662,665,182,1,2544.11,25
1663,666,115,1,1336.68,0
1664,666,11,1,19470.85,0
1665,667,62,1,41318.46,20
1666,668,239,2,1796.45,0
1667,668,181,5,4823.91,25
1668,668,76,1,9035.57,15
1669,668,246,1,1703.3,10
1670,669,235,1,3739.98,0
1671,670,108,2,1350.4,20
1672,670,263,1,7775.48,0
1673,670,281,3,2024.62,0
1674,671,160,1,1224.34,5
1675,671,127,2,6723.84,10
1676,671,37,5,42990.71,25
1677,672,215,1,3248.01,25
1678,673,263,2,8009.03,0
1679,673,81,1,7130.15,15
1680,673,23,1,17643.4,20
1681,673,105,3,7442.72,0
1682,673,224,2,722.14,25
1683,674,70,2,42397.6,20
1684,674,80,1,2159.39,15
1685,675,3,1,45282.58,10
1686,675,167,1,14889.96,0
1687,676,211,1,4410.78,0
1688,676,290,4,5665.0,20
1689,676,143,3,5902.13,0
1690,677,35,4,42169.92,15
1691,677,123,1,4501.63,5
1692,678,228,2,267.96,20
1693,678,286,1,8763.74,15
1694,679,57,1,13577.29,0
1695,680,179,4,2041.16,15
1696,680,188,1,1619.02,25
1697,680,255,3,395.77,0
1698,680,5,1,48650.82,20
1699,680,187,2,4904.69,15
1700,681,78,1,2525.95,20
1701,681,205,2,767.55,15
1702,681,127,1,6544.81,25
1703,682,186,1,2581.38,10
1704,682,39,2,43254.29,0
1705,682,300,1,765.49,10
1706,683,172,2,18819.33,0
1707,683,272,1,3458.55,20
1708,683,11,2,18306.12,20
1709,683,34,1,25269.3,20
1710,684,128,1,876.49,10
1711,684,78,3,2751.43,0
1712,684,73,2,7258.39,0
1713,685,271,2,2190.67,25
1714,686,286,2,8472.8,10
1715,687,155,2,13444.13,0
1716,687,284,3,2097.63,0
1717,688,128,2,861.56,0
1718,688,5,1,50646.35,0
1719,689,261,2,7407.08,5
1720,689,22,1,26996.41,0
1721,690,18,3,17635.82,0
1722,690,284,1,2117.27,5
1723,691,266,3,7639.76,0
1724,691,222,2,1150.32,5
1725,692,50,1,17086.19,0
1726,692,211,1,4786.94,10
1727,692,213,3,1143.84,20
1728,692,292,2,455.14,0
1729,692,156,1,23550.26,15
1730,693,98,1,10212.83,10
1731,693,204,2,2469.88,10
1732,693,82,2,8353.0,15
1733,694,89,3,9265.32,5
1734,694,200,1,1505.66,10
1735,694,3,2,43946.62,15
1736,695,62,1,43229.15,0
1737,695,215,1,3249.0,15
1738,696,156,2,22797.28,0
1739,696,121,1,1512.61,20
1740,696,257,1,1083.55,15
1741,696,292,1,494.91,0
1742,697,12,3,10216.48,25
1743,697,242,1,1310.25,0
1744,697,76,1,9510.93,15
1745,697,139,3,5407.53,15
1746,698,165,1,8679.4,0
1747,698,279,2,2515.12,5
1748,699,160,1,1130.99,10
1749,699,19,3,74406.94,25
1750,699,266,2,7436.34,0
1751,700,8,1,13590.48,0
1752,700,222,1,1144.63,20
1753,700,197,3,1460.02,20
1754,701,72,2,3389.36,0
1755,701,123,1,4524.74,10
1756,701,213,1,1051.0,15
1757,702,241,3,84.54,25
1758,702,288,1,3777.09,0
1759,702,17,1,85390.93,15
1760,702,83,3,11677.84,20
1761,702,69,2,9787.26,10
1762,703,187,1,4936.98,10
1763,703,110,2,5277.46,0
1764,704,96,3,13643.51,20
1765,704,123,4,4854.34,0
1766,704,64,3,42306.06,25
1767,705,132,2,6995.97,0
1768,705,241,1,89.93,10
1769,705,247,1,675.11,0
1770,705,70,1,42962.26,25
1771,705,27,1,14108.76,15
1772,706,97,1,3460.29,5
1773,706,145,4,6136.53,10
1774,706,73,1,7565.13,25
1775,707,93,1,9925.99,15
1776,707,234,1,3565.8,15
1777,708,52,4,43343.59,10
1778,709,18,2,17796.66,5
1779,709,117,2,285.39,25
1780,710,259,1,4773.59,10
1781,710,153,1,5887.64,5
1782,711,258,1,4198.45,20
1783,711,160,2,1220.17,5
1784,712,91,1,2204.67,0
1785,712,270,1,2205.62,15
1786,712,175,1,18374.12,20
1787,713,243,2,3577.65,25
1788,713,149,2,19858.98,20
1789,713,211,1,4508.68,0
1790,714,294,4,28232.92,0
1791,714,167,1,14233.84,25
1792,714,149,1,20205.44,15
1793,714,168,4,2711.95,10
1794,715,254,2,1908.0,5
1795,715,250,2,2770.89,20
1796,716,181,2,4661.56,25
1797,716,150,2,17027.75,0
1798,716,289,1,3468.65,0
1799,716,253,1,5774.2,10
1800,717,209,2,2425.72,20
1801,718,44,1,8236.55,15
1802,719,299,2,48220.2,20
1803,720,8,1,13741.79,15
1804,720,262,2,2027.67,0
1805,721,90,3,13652.99,10
1806,721,248,3,920.67,20
1807,722,66,3,14544.69,0
1808,722,153,4,5534.99,25
1809,723,238,1,2465.07,0
1810,724,132,1,7696.26,25
1811,724,106,1,7202.51,25
1812,724,121,1,1488.48,0
1813,725,172,3,18458.41,5
1814,725,273,2,1264.13,25
1815,726,132,3,6977.3,0
1816,726,1,3,24669.84,20
1817,726,241,1,91.03,0
1818,727,136,1,2368.6,20
1819,727,202,2,3947.48,10
1820,728,47,1,10758.47,10
1821,728,236,2,2094.09,20
1822,729,126,1,1478.44,5
1823,729,26,1,31157.88,15
1824,730,186,1,2541.84,20
1825,730,167,1,13850.87,0
1826,730,273,1,1347.35,0
1827,731,256,2,1413.65,10
1828,731,91,3,2252.62,10
1829,731,268,4,1694.17,0
1830,732,194,1,2628.76,5
1831,733,122,1,5920.47,25
1832,733,55,1,3431.84,10
1833,733,294,1,29121.65,0
1834,734,33,3,76741.29,0
1835,734,173,1,11206.9,20
1836,734,202,1,4138.16,0
1837,735,40,1,26307.78,25
1838,735,200,3,1545.6,0
1839,736,257,2,1040.61,5
1840,736,56,3,42273.86,25
1841,736,47,2,10825.42,5
1842,736,105,2,7552.91,0
1843,737,84,2,3083.96,25
1844,737,163,1,677.29,15
1845,738,265,2,6864.56,0
1846,738,300,5,809.79,20
1847,739,50,2,15781.41,25
1848,739,167,1,14387.89,5
1849,739,150,1,17148.43,0
1850,740,66,2,14539.01,10
1851,740,201,1,3258.89,5
1852,741,280,1,7307.72,25
1853,741,275,1,1607.01,0
1854,742,89,1,9746.21,20
1855,742,192,2,299.31,15
1856,743,81,1,6797.79,0
1857,743,80,2,2131.84,25
1858,744,224,2,665.87,0
1859,744,100,2,851.73,0
1860,744,3,2,43208.67,5
1861,745,74,3,9699.9,25
1862,745,279,1,2479.92,5
1863,746,210,1,1661.79,10
1864,746,154,3,9546.78,20
1865,747,185,1,727.96,5
1866,747,165,1,8195.71,0
1867,748,181,1,4574.38,10
1868,748,26,3,31001.44,0
1869,748,270,2,2055.63,0
1870,748,280,2,7274.51,0
1871,748,277,1,6211.3,20
1872,749,252,1,745.76,5
1873,749,134,1,6784.1,20
1874,750,197,1,1362.63,5
1875,750,152,1,23398.07,25
1876,751,294,4,27011.6,25
1877,751,210,2,1799.09,0
1878,752,221,1,1226.96,15
1879,752,88,1,3865.0,10
1880,752,258,1,4393.81,25
1881,753,161,1,2293.69,10
1882,753,26,1,30889.24,0
1883,754,67,1,16913.0,20
1884,754,214,1,925.12,15
1885,755,250,1,2707.33,15
1886,755,231,2,943.26,0
1887,755,121,1,1503.29,5
1888,755,210,1,1702.39,25
1889,756,270,1,2046.43,15
1890,756,180,3,9176.28,25
1891,756,269,1,4946.75,10
1892,757,136,3,2267.34,15
1893,757,200,1,1464.81,25
1894,757,34,1,26129.86,0
1895,757,223,1,2837.3,10
1896,757,125,2,5350.44,20
1897,758,38,3,46595.1,15
1898,758,42,1,22797.72,5
1899,758,281,1,1966.88,0
1900,758,289,2,3265.65,0
1901,759,7,1,72998.35,25
1902,759,164,1,13256.52,15
1903,760,166,1,14431.63,10
1904,760,291,4,5864.97,0
1905,761,241,2,86.86,0
1906,761,53,2,20481.25,15
1907,761,69,1,9568.7,5
1908,761,97,3,3523.51,25
1909,762,300,1,783.2,0
1910,762,278,2,7075.33,0
1911,763,1,2,26827.36,15
1912,763,269,2,5174.93,0
1913,763,251,2,3266.03,5
1914,764,218,1,3313.44,25
1915,764,127,1,6973.72,5
1916,765,198,1,1782.51,25
1917,765,211,2,4463.29,15
1918,765,14,4,22147.61,0
1919,765,292,2,463.06,15
1920,766,228,1,259.22,0
1921,766,72,2,3363.0,25
1922,766,205,2,800.72,0
1923,767,76,2,8948.91,20
1924,767,230,1,366.4,10
1925,768,180,1,8765.66,15
1926,768,218,1,3177.7,25
1927,768,256,1,1437.03,15
1928,769,284,5,2047.11,10
1929,769,236,1,2084.76,15
1930,769,18,2,18839.25,0
1931,770,201,2,3381.52,20
1932,770,174,2,12396.85,15
1933,771,233,2,193.98,15
1934,772,98,3,9757.35,20
1935,773,34,2,25770.61,5
1936,773,66,2,15535.08,0
1937,774,267,1,3943.61,0
1938,774,171,1,17928.72,0
1939,775,115,1,1233.25,20
1940,775,243,2,3626.9,15
1941,776,18,2,18824.24,5
1942,776,209,4,2379.4,0
1943,777,83,2,12246.08,20
1944,777,102,1,3984.68,25
1945,778,180,1,9089.41,15
1946,778,289,1,3570.12,15
1947,779,227,4,407.05,0
1948,779,247,1,702.39,0
1949,779,67,1,17032.32,15
1950,779,182,3,2513.98,0
1951,780,249,1,2006.1,25
1952,780,258,2,3994.98,0
1953,781,59,1,39162.77,15
1954,782,240,2,1295.19,10
1955,783,60,1,11157.98,20
1956,783,208,2,636.6,0
1957,783,195,1,3283.79,20
1958,784,46,1,38436.46,0
1959,784,119,1,7068.85,10
1960,784,146,1,16894.31,0
1961,784,9,1,65856.42,20
1962,784,142,3,2968.28,0
1963,785,197,1,1412.57,0
1964,785,159,4,12320.49,20
1965,785,158,1,6951.43,10
1966,785,124,1,1018.11,10
1967,786,262,1,2036.89,5
1968,786,50,1,15562.67,10
1969,787,95,1,12423.15,0
1970,787,134,2,6723.69,10
1971,787,140,1,2949.17,0
1972,787,209,1,2527.72,20
1973,788,85,1,10113.53,20
1974,788,162,1,16303.91,25
1975,789,255,4,406.51,0
1976,789,8,3,14130.06,0
1977,790,10,3,22687.34,20
1978,790,118,2,7545.96,0
1979,791,52,1,43238.98,20
1980,791,196,1,1783.61,25
1981,792,80,1,2079.03,25
1982,792,179,1,2123.6,20
1983,793,83,2,12968.55,15
1984,794,300,1,797.45,25
1985,794,159,1,13293.74,5
1986,794,251,1,3105.44,25
1987,794,144,1,3806.15,10
1988,795,43,1,10064.29,10
1989,796,214,1,945.83,0
1990,796,171,1,16876.31,10
1991,797,257,1,1075.89,0
1992,797,74,3,10141.62,25
1993,797,213,2,1056.94,25
1994,797,147,3,3030.25,5
1995,797,189,3,4402.27,25
1996,798,201,2,3318.5,0
1997,798,167,3,14409.04,0
1998,799,249,1,1983.5,10
1999,799,145,1,6165.93,0
2000,799,62,1,41766.04,0
2001,800,175,1,18627.04,20
2002,800,198,2,1834.74,5
2003,801,63,1,32914.5,15
2004,801,185,1,683.56,15
2005,802,247,1,708.31,0
2006,802,174,2,11595.96,0
2007,802,4,2,10741.87,25
2008,803,201,1,3316.35,0
2009,804,109,4,1618.28,5
2010,804,251,1,3152.91,25
2011,804,272,1,3167.31,20
2012,805,229,3,3853.77,10
2013,806,172,2,19600.06,10
2014,806,260,2,8289.94,25
2015,807,235,2,3844.94,10
2016,807,151,1,425.15,0
2017,807,299,1,46781.92,25
2018,808,207,1,1297.04,0
2019,809,170,3,21744.25,5
2020,809,118,2,7005.56,0
2021,809,208,1,642.14,5
2022,809,217,3,2477.05,0
2023,810,155,3,12918.68,5
2024,810,22,1,25180.23,15
2025,811,50,1,16187.14,0
2026,811,263,1,8038.85,0
2027,811,9,3,68789.36,5
2028,812,188,1,1610.73,5
2029,812,100,2,821.7,0
2030,813,126,3,1565.33,0
2031,813,134,1,6463.38,20
2032,814,216,3,4223.29,20
2033,815,149,1,18445.02,0
2034,815,204,3,2332.06,25
2035,816,68,1,7424.3,0
2036,816,75,3,13774.47,0
2037,816,173,4,11696.36,15
2038,817,213,1,1033.16,10
2039,818,166,3,15473.93,25
2040,819,10,1,22735.11,25
2041,819,203,2,1035.11,20
2042,819,70,2,41207.57,15
2043,819,269,1,5191.94,20
2044,820,201,1,3215.04,5
2045,820,286,1,8626.4,25
2046,820,84,1,2992.72,5
2047,821,100,1,776.3,20
2048,821,6,1,68020.94,25
2049,821,80,1,2096.03,10
2050,822,263,3,8062.18,0
2051,822,168,1,2749.52,5
2052,823,170,1,22078.51,5
2053,823,90,1,13174.12,0
2054,824,168,2,2970.36,5
2055,824,132,2,7701.37,10
2056,824,20,1,59574.25,10
2057,824,58,1,13282.23,20
2058,824,152,2,22235.34,10
2059,825,27,1,14353.76,0
2060,825,30,2,67174.47,20
2061,826,211,1,4728.52,15
2062,826,268,4,1739.39,0
2063,827,173,1,11333.56,0
2064,827,279,1,2484.14,25
2065,828,298,2,44650.99,0
2066,828,28,2,84325.1,0
2067,828,97,1,3459.37,0
2068,828,60,3,10791.97,20
2069,828,228,2,249.25,0
2070,829,160,1,1107.32,5
2071,830,107,1,7186.52,20
2072,830,168,1,2878.04,0
2073,830,96,5,14127.61,0
2074,830,4,2,10693.06,5
2075,830,223,1,2889.15,10
2076,831,282,4,1430.58,0
2077,832,44,2,8044.76,10
2078,833,129,1,4085.82,15
2079,833,24,1,31969.28,0
2080,834,171,1,16897.1,5
2081,835,81,1,6798.17,25
2082,835,214,2,942.95,0
2083,835,116,1,3980.12,0
2084,836,96,3,14483.48,20
2085,837,51,1,38019.25,20
2086,837,28,1,79974.4,0
2087,838,188,1,1601.01,0
2088,838,229,1,3702.96,15
2089,838,226,1,2813.12,25
2090,838,228,3,259.63,25
2091,838,148,2,23616.84,15
2092,839,63,1,31563.48,0
2093,840,284,1,2114.98,15
2094,840,128,3,822.01,0
2095,841,135,1,2141.93,10
2096,841,60,5,11424.39,20
2097,842,39,1,46808.83,25
2098,842,105,3,8002.77,10
2099,843,1,2,25764.5,15
2100,844,163,2,660.74,0
2101,844,28,1,77319.7,0
2102,845,47,3,9779.27,0
2103,845,253,1,5895.36,0
2104,845,207,1,1358.92,25
2105,846,114,2,1180.36,0
2106,846,47,1,9710.18,5
2107,847,241,1,85.01,0
2108,847,195,2,3466.35,15
2109,847,184,1,3929.82,20
2110,847,217,2,2540.31,25
2111,847,133,2,2975.61,10
2112,848,216,3,4208.6,0
2113,849,36,1,1632.6,15
2114,849,63,3,32258.12,20
2115,850,271,1,2206.33,0
2116,851,151,2,416.25,10
2117,851,65,1,27172.73,15
2118,851,38,1,47822.23,0
2119,852,217,1,2359.73,25
2120,852,201,1,3297.33,5
2121,853,120,2,4621.97,15
2122,853,51,1,36738.25,15
2123,853,222,2,1067.24,0
2124,854,110,4,5289.54,10
2125,854,244,2,86.22,5
2126,854,54,2,6199.95,0
2127,855,279,1,2509.77,15
2128,855,24,1,33114.1,0
2129,855,248,2,925.26,5
2130,855,275,5,1633.27,15
2131,856,143,1,5923.49,5
2132,856,146,1,16742.27,25
2133,856,251,1,3256.13,25
2134,857,219,2,2214.79,15
2135,858,40,1,24990.04,5
2136,858,248,1,856.0,0
2137,858,164,2,13713.32,25
2138,858,25,1,11434.13,15
2139,859,11,1,19123.45,15
2140,860,180,1,8876.64,0
2141,861,229,1,3886.98,20
2142,861,79,4,10771.19,0
2143,862,219,1,2211.26,10
2144,862,49,1,37267.04,20
2145,863,250,2,2804.22,0
2146,864,273,1,1383.41,0
2147,864,28,2,78637.32,0
2148,865,299,2,48838.72,0
2149,865,171,2,17741.09,5
2150,866,42,1,21848.62,0
2151,866,95,1,13255.24,5
2152,867,177,1,12708.41,25
2153,867,220,2,707.41,10
2154,868,143,2,5922.48,25
2155,869,104,1,7667.0,25
2156,870,93,1,9801.45,0
2157,870,52,1,43125.43,25
2158,870,159,1,12527.55,25
2159,870,78,1,2731.9,10
2160,871,26,4,30070.45,0
2161,872,169,3,23293.61,15
2162,872,116,2,4211.14,25
2163,872,2,1,89048.87,5
2164,873,94,1,2557.85,25
2165,873,251,1,3171.01,0
2166,874,37,2,42056.65,15
2167,874,66,1,15328.37,0
2168,875,107,1,7440.11,5
2169,875,26,1,30411.7,0
2170,876,134,1,6610.67,10
2171,877,54,1,6181.17,0
2172,877,88,1,3843.18,0
2173,877,109,2,1627.54,15
2174,878,243,1,3734.36,0
2175,878,31,1,43521.06,15
2176,878,295,2,9053.11,5
2177,878,156,1,22207.46,5
2178,879,58,1,14169.16,0
2179,879,218,2,3269.86,5
2180,879,284,1,1979.39,5
2181,879,96,1,13671.37,10
2182,880,279,2,2501.17,0
2183,880,287,1,1702.36,25
2184,881,119,1,6561.52,0
2185,881,279,2,2438.63,20
2186,881,64,1,44329.88,15
2187,881,50,1,16255.11,25
2188,882,8,1,14090.23,0
2189,882,165,3,9083.86,0
2190,882,120,2,4894.3,0
2191,882,183,2,4423.23,5
2192,883,165,3,8319.5,10
2193,883,30,1,69679.64,0
2194,884,264,1,2536.4,10
2195,884,249,1,2126.71,5
2196,884,182,1,2373.96,0
2197,884,113,1,1992.2,25
2198,884,238,1,2623.34,20
2199,885,120,1,4899.5,0
2200,885,47,2,10482.23,0
2201,886,171,1,17444.86,5
2202,886,173,1,10775.91,25
2203,886,113,1,1915.3,25
2204,886,14,1,22527.32,25
2205,886,126,2,1530.01,0
2206,887,276,1,4719.79,0
2207,887,298,1,49003.6,0
2208,888,74,3,9551.52,10
2209,889,153,1,5670.71,25
2210,889,66,1,14819.56,15
2211,890,218,4,3278.69,0
2212,891,113,3,2111.09,0
2213,891,197,1,1438.48,0
2214,892,18,3,19419.78,0
2215,892,177,3,12915.17,15
2216,892,245,1,989.92,0
2217,892,281,2,2097.1,20
2218,893,135,1,2053.31,25
2219,893,143,5,6087.79,0
2220,894,229,1,3803.39,0
2221,894,135,4,2126.37,0
2222,894,151,4,439.87,15
2223,894,95,1,13216.29,10
2224,895,90,1,13401.75,25
2225,896,125,1,5617.65,0
2226,896,19,1,69121.63,0
2227,896,13,1,75813.11,0
2228,897,140,2,2756.14,0
2229,897,222,1,1141.44,0
2230,897,184,1,4199.71,10
2231,897,159,3,12358.72,25
2232,898,109,2,1583.09,25
2233,898,152,1,22236.04,0
2234,899,283,2,4552.86,20
2235,899,298,1,45819.0,20
2236,900,99,2,5954.27,15
2237,901,46,1,39451.06,20
2238,901,260,1,8423.9,15
2239,901,58,1,14209.3,15
2240,902,12,1,10173.94,25
2241,902,158,3,7528.33,0
2242,902,124,2,950.4,20
2243,903,247,3,701.89,0
2244,903,248,2,917.64,5
2245,903,199,2,2045.52,5
2246,904,235,1,3467.12,15
2247,905,193,1,3709.4,10
2248,905,52,1,44906.45,10
2249,906,259,1,4525.47,5
2250,906,93,1,10531.87,0
2251,907,124,4,997.38,10
2252,907,228,2,268.57,0
2253,907,66,2,14984.97,15
2254,907,140,4,2784.72,10
2255,908,154,1,9014.77,10
2256,908,272,1,3426.14,10
2257,908,295,3,8842.31,0
2258,908,157,2,10605.67,25
2259,909,245,2,957.61,25
2260,909,125,1,5235.19,25
2261,909,204,4,2370.19,0
2262,910,141,1,2102.31,25
2263,910,76,1,8724.05,25
2264,911,223,1,2993.26,20
2265,911,235,2,3728.2,0
2266,912,98,1,9584.25,15
2267,912,187,2,4754.79,5
2268,912,84,1,3046.26,25
2269,913,8,2,13339.58,0
2270,913,272,1,3249.16,20
2271,913,182,2,2424.63,20
2272,913,216,1,4432.45,10
2273,914,245,1,923.9,25
2274,914,247,3,675.1,0
2275,914,57,1,14119.2,0
2276,915,185,1,695.6,15
2277,915,189,1,4169.85,15
2278,915,145,1,6497.98,25
2279,916,137,1,1563.6,15
2280,916,282,2,1508.21,20
2281,917,210,2,1820.73,0
2282,917,108,2,1426.04,0
2283,917,124,5,1021.16,5
2284,917,174,2,12149.02,0
2285,918,241,2,91.49,0
2286,918,67,1,17092.01,25
2287,919,285,2,7008.64,0
2288,920,219,1,2358.2,0
2289,920,207,2,1286.03,25
2290,920,12,1,10102.92,10
2291,921,147,2,2998.57,25
2292,921,101,2,14008.24,0
2293,922,115,1,1310.58,10
2294,922,245,1,938.26,20
2295,923,289,4,3421.25,15
2296,923,34,1,27310.65,25
2297,923,58,3,13687.49,0
2298,923,200,1,1402.12,0
2299,923,99,1,5899.3,0
2300,924,261,1,7587.7,0
2301,924,73,1,6892.96,5
2302,925,158,1,7542.31,25
2303,925,297,1,47518.77,20
2304,925,10,2,23121.61,10
2305,926,51,1,38250.25,15
2306,926,283,3,4431.18,0
2307,926,2,2,82964.34,10
2308,927,135,1,2210.26,0
2309,927,21,2,56221.71,0
2310,928,183,1,4071.76,0
2311,928,179,1,2048.85,5
2312,929,31,5,46992.32,10
2313,929,189,1,4289.94,10
2314,929,198,3,1780.17,5
2315,930,183,2,4176.76,5
2316,930,147,1,3153.02,10
2317,930,82,2,8297.34,15
2318,931,125,1,5676.5,0
2319,932,244,2,86.89,20
2320,932,70,1,39462.91,15
2321,932,41,1,38581.19,25
2322,932,233,2,176.78,10
2323,933,262,1,2135.48,25
2324,933,126,2,1502.06,5
2325,933,239,2,1985.26,10
2326,934,41,1,40158.94,25
2327,934,88,1,4121.64,20
2328,934,270,3,1995.41,10
2329,934,224,1,683.71,0
2330,935,196,3,1810.46,15
2331,935,161,1,2269.4,0
2332,935,94,1,2472.3,10
2333,936,5,1,48146.56,0
2334,937,144,1,3920.57,25
2335,938,93,1,10012.09,0
2336,939,203,3,1051.33,0
2337,939,114,2,1160.13,0
2338,940,16,2,33977.42,25
2339,940,59,3,42187.77,0
2340,940,166,3,14856.85,0
2341,941,34,2,25101.81,25
2342,941,237,1,3082.42,25
2343,941,141,5,1971.34,0
2344,942,228,1,265.69,25
2345,942,110,3,5299.59,0
2346,942,233,3,191.92,0
2347,943,149,1,18305.36,0
2348,943,290,3,5446.89,10
2349,943,88,1,3766.6,0
2350,944,196,1,1896.48,20
2351,944,172,4,17885.36,15
2352,945,139,2,5350.59,25
2353,945,128,1,891.51,0
2354,945,175,5,18268.22,10
2355,945,278,1,6571.68,15
2356,946,36,4,1565.06,20
2357,946,58,1,14663.77,25
2358,946,293,1,13210.86,10
2359,947,254,1,2067.29,10
2360,947,249,3,2117.15,15
2361,947,224,1,678.81,15
2362,948,140,1,2856.28,10
2363,949,199,1,2034.31,25
2364,949,135,1,2037.06,0
2365,949,257,2,1016.22,25
2366,950,60,1,11018.37,0
2367,951,189,1,4050.75,25
2368,951,285,2,7487.53,15
2369,952,22,1,26508.6,15
2370,952,286,3,8693.6,10
2371,952,88,1,3901.22,10
2372,952,206,2,2708.74,10
2373,953,208,2,583.83,15
2374,953,253,3,5798.03,0
2375,953,10,1,23001.86,20
2376,954,91,1,2081.76,0
2377,954,211,1,4585.3,0
2378,954,262,1,2117.13,0
2379,954,130,1,5268.78,0
2380,954,228,1,241.91,20
2381,955,136,1,2334.35,0
2382,955,113,2,1948.98,25
2383,956,54,1,5768.01,25
2384,956,25,2,11849.66,0
2385,957,222,2,1139.12,15
2386,957,8,2,12829.96,0
2387,957,42,1,21756.61,25
2388,958,92,4,5391.69,20
2389,958,260,1,8371.62,25
2390,958,146,1,16396.85,20
2391,959,48,2,36477.01,5
2392,959,82,1,8513.43,10
2393,960,78,1,2654.68,0
2394,960,57,2,14534.86,5
2395,961,238,3,2450.47,0
2396,962,296,1,7320.75,10
2397,962,53,3,20313.1,20
2398,962,88,2,4148.17,0
2399,962,24,1,34233.51,0
2400,963,208,1,594.61,0
2401,963,67,2,17642.74,0
2402,964,252,3,712.13,0
2403,965,87,1,10956.93,15
2404,965,25,4,12254.3,0
2405,965,204,1,2353.7,20
2406,965,124,2,970.12,20
2407,966,294,1,28925.14,15
2408,967,204,1,2513.78,0
2409,967,99,2,5656.42,20
2410,968,97,3,3624.55,0
2411,968,74,1,9425.79,0
2412,969,11,2,18645.56,25
2413,969,199,3,2205.43,25
2414,969,138,3,4733.58,5
2415,969,10,2,22030.18,0
2416,970,27,1,14211.29,10
2417,970,3,5,46956.96,5
2418,970,224,3,713.1,5
2419,971,3,2,43663.49,20
2420,971,142,1,2955.99,25
2421,971,221,3,1155.49,5
2422,971,32,1,48682.37,0
2423,971,116,1,4085.44,0
2424,972,162,1,16363.86,0
2425,972,284,1,2015.05,0
2426,972,125,1,5357.17,10
2427,973,97,2,3684.72,15
2428,973,3,4,46088.48,0
2429,974,280,1,7182.1,0
2430,974,168,2,2753.3,10
2431,974,252,1,722.42,0
2432,974,169,2,23839.26,25
2433,975,162,1,15517.75,0
2434,976,185,1,699.41,10
2435,976,38,1,44605.24,25
2436,976,164,2,13488.36,15
2437,976,190,1,1448.55,5
2438,976,29,5,44042.94,0
2439,977,137,1,1519.75,10
2440,977,45,1,612.8,0
2441,977,263,1,8229.66,0
2442,977,13,4,78009.91,15
2443,978,220,2,704.09,5
2444,979,79,1,10633.91,20
2445,979,243,2,3759.68,10
2446,980,262,3,1963.34,0
2447,980,239,2,1834.58,5
2448,981,193,1,3777.19,0
2449,981,27,1,13586.88,0
2450,981,188,1,1583.3,10
2451,982,71,5,21544.49,5
2452,982,161,3,2354.14,10
2453,982,275,3,1662.84,5
2454,983,180,2,8902.14,10
2455,983,100,1,810.31,0
2456,983,44,1,8645.0,15
2457,983,157,5,11374.11,20
2458,983,162,2,16956.43,0
2459,984,282,1,1467.46,5
2460,984,297,1,50277.82,0
2461,985,5,1,52173.97,5
2462,986,114,2,1211.78,0
2463,986,266,2,7465.11,0
2464,987,79,1,9901.37,10
2465,987,254,1,2064.53,20
2466,988,220,1,672.63,0
2467,988,264,1,2643.01,25
2468,988,156,1,23675.89,20
2469,988,240,4,1193.0,0
2470,989,249,2,2117.25,0
2471,989,100,1,852.95,0
2472,990,16,2,33686.49,25
2473,990,48,1,38657.58,15
2474,990,298,1,47804.56,20
2475,991,2,2,87683.67,20
2476,992,207,2,1355.62,20
2477,992,236,2,2143.43,0
2478,992,271,1,2346.58,20
2479,992,90,3,13069.92,0
2480,993,82,2,7866.97,0
2481,993,250,2,2614.65,15
2482,993,25,2,11441.48,0
2483,993,160,2,1173.62,0
2484,994,52,1,42548.15,0
2485,994,234,2,3287.39,0
2486,994,227,2,436.23,15
2487,995,133,2,2683.65,10
2488,995,132,3,7356.79,5
2489,995,272,1,3444.48,15
2490,995,234,2,3536.4,25
2491,996,70,1,39573.93,0
2492,996,199,1,2109.43,20
2493,996,31,1,45122.73,25
2494,996,94,2,2477.45,0
2495,997,285,3,6959.09,0
2496,997,5,4,51218.34,15
2497,998,124,1,1003.13,25
2498,998,225,1,1005.33,0
2499,998,55,1,3529.03,25
2500,999,51,2,38513.95,0
2501,999,121,1,1480.57,0
2502,1000,174,1,12036.87,10
2503,1000,199,1,2208.48,25
2504,1000,71,4,21773.22,5
2505,1000,139,2,4887.83,25
2506,1001,70,2,43115.03,25
2507,1001,17,2,86834.77,20
2508,1002,7,1,70669.46,20
2509,1002,59,4,38495.66,25
2510,1003,163,1,634.55,15
2511,1003,219,2,2199.67,10
2512,1004,217,1,2512.46,0
2513,1004,206,5,2569.46,20
2514,1005,139,1,4878.79,15
2515,1005,23,5,16579.51,5
2516,1006,225,2,970.73,5
2517,1006,120,5,4807.09,5
2518,1007,269,1,5394.89,20
2519,1007,200,2,1508.25,0
2520,1007,71,2,23649.39,0
2521,1007,80,1,2140.98,15
2522,1008,284,2,1965.74,25
2523,1008,27,2,13475.93,10
2524,1009,297,1,50016.95,0
2525,1009,83,2,11696.96,0
2526,1009,211,1,4515.71,10
2527,1009,75,3,13391.98,0
2528,1010,223,2,2775.84,0
2529,1010,39,1,45166.68,20
2530,1010,146,1,17934.86,15
2531,1011,160,1,1108.04,10
2532,1011,128,3,823.65,25
2533,1012,81,1,7066.74,15
2534,1012,3,2,44854.83,25
2535,1012,162,2,17020.82,0
2536,1013,102,1,4254.22,15
2537,1013,81,3,7212.24,0
2538,1014,230,1,374.81,20
2539,1015,34,1,26813.68,10
2540,1015,61,1,14005.21,0
2541,1015,254,4,1968.49,0
2542,1016,235,5,3817.16,10
2543,1017,295,2,9026.67,0
2544,1017,157,3,11076.95,15
2545,1018,164,4,13199.08,25
2546,1019,135,5,1979.65,15
2547,1019,41,2,41837.69,5
2548,1019,42,2,23073.82,25
2549,1020,288,4,3729.4,0
2550,1020,253,1,6251.25,15
2551,1021,84,1,3194.09,20
2552,1021,272,4,3211.61,5
2553,1021,85,1,10896.9,0
2554,1021,117,2,288.6,10
2555,1022,148,1,23720.99,0
2556,1022,117,2,282.55,25
2557,1023,256,3,1319.78,25
2558,1023,145,4,6136.4,20
2559,1024,247,1,698.45,0
2560,1024,77,2,7914.15,25
2561,1024,262,2,2098.37,0
2562,1025,294,1,27304.8,0
2563,1026,85,1,10559.22,10
2564,1026,297,1,47245.21,0
2565,1026,292,1,474.49,25
2566,1027,26,1,30006.29,25
2567,1027,93,2,10160.06,15
2568,1027,146,2,17924.16,10
2569,1027,265,1,7388.85,15
2570,1027,37,3,43376.84,0
2571,1028,115,3,1238.1,25
2572,1028,147,2,3165.42,0
2573,1028,105,1,7801.62,0
2574,1029,123,4,4687.52,10
2575,1029,169,3,23410.1,25
2576,1029,150,1,17140.02,0
2577,1029,166,1,14329.83,0
2578,1030,94,2,2417.71,0
2579,1030,202,1,3842.81,25
2580,1030,158,4,7184.48,5
2581,1031,234,1,3512.7,25
2582,1031,27,1,13941.72,0
2583,1031,250,2,2816.55,20
2584,1032,95,1,12434.1,5
2585,1032,228,1,251.27,0
2586,1032,208,1,632.92,0
2587,1033,252,1,761.55,5
2588,1033,21,1,55807.81,25
2589,1034,169,2,23494.51,20
2590,1034,84,3,2963.15,0
2591,1035,154,1,9740.7,5
2592,1035,186,5,2591.71,25
2593,1035,142,4,3074.47,0
2594,1035,138,2,4518.34,0
2595,1036,10,3,22194.16,15
2596,1036,52,2,44824.11,0
2597,1036,215,1,3248.5,25
2598,1037,185,1,725.0,5
2599,1037,170,1,21790.04,10
2600,1037,115,3,1245.88,20
2601,1037,99,3,5901.42,20
2602,1037,105,2,7980.79,20
2603,1038,26,1,27931.25,0
2604,1038,73,2,6981.48,20
2605,1039,289,3,3574.32,25
2606,1039,183,1,4034.59,0
2607,1040,167,3,13425.37,20
2608,1040,117,1,292.48,0
2609,1040,263,1,7848.91,25
2610,1041,197,1,1401.04,0
2611,1041,107,2,7818.97,25
2612,1041,88,1,4146.0,20
2613,1041,285,2,6932.59,25
2614,1042,46,2,37130.14,10
2615,1042,40,2,25594.23,25
2616,1043,14,1,21313.2,5
2617,1044,159,2,12381.29,0
2618,1044,154,2,9617.49,10
2619,1044,129,1,4359.89,20
2620,1045,135,2,2106.76,0
2621,1046,73,1,7596.53,20
2622,1046,253,2,5757.26,25
2623,1046,229,1,3960.86,0
2624,1046,39,1,45413.77,0
2625,1046,182,2,2629.64,0
2626,1047,223,5,2921.44,0
2627,1047,232,1,555.46,15
2628,1047,67,1,17817.89,0
2629,1048,207,2,1403.52,15
2630,1048,236,1,2070.6,10
2631,1048,193,5,3930.96,0
2632,1049,201,2,3375.48,20
2633,1049,191,3,418.01,20
2634,1049,176,1,19469.65,5
2635,1049,233,2,185.97,25
2636,1049,194,1,2538.37,0
2637,1050,222,1,1034.31,0
2638,1050,267,1,3716.4,10
2639,1051,219,2,2284.92,20
2640,1051,96,3,14274.14,15
2641,1051,61,1,15141.75,25
2642,1051,160,1,1204.86,0
2643,1052,152,2,21315.46,25
2644,1052,85,2,10186.07,20
2645,1053,104,1,7739.38,20
2646,1054,29,1,45200.89,0
2647,1055,63,2,30689.91,25
2648,1055,204,1,2403.37,10
2649,1056,236,2,2143.46,25
2650,1057,221,1,1180.78,10
2651,1057,104,1,7269.06,20
2652,1058,282,2,1537.13,0
2653,1058,237,1,3053.05,5
2654,1058,139,1,5254.6,25
2655,1059,160,1,1169.22,0
2656,1059,241,1,86.55,15
2657,1060,272,2,3480.24,25
2658,1060,201,5,3551.1,0
2659,1060,276,4,4822.71,0
2660,1061,226,1,3040.32,15
2661,1061,34,1,27239.57,5
2662,1061,167,3,14619.17,5
2663,1062,78,1,2617.06,25
2664,1062,45,2,649.32,0
2665,1063,275,3,1615.92,10
2666,1063,82,2,8090.49,0
2667,1064,231,2,885.37,10
2668,1064,41,2,38625.24,5
2669,1064,216,2,4291.07,20
2670,1065,241,2,85.56,0
2671,1065,276,1,4978.83,0
2672,1065,44,2,8291.4,0
2673,1066,226,2,2871.21,10
2674,1067,135,2,2137.36,0
2675,1067,31,1,46601.94,5
2676,1068,80,2,2075.38,0
2677,1068,254,2,2031.01,20
2678,1068,287,2,1682.87,0
2679,1069,257,3,1048.0,0
2680,1070,268,1,1629.62,20
2681,1070,38,3,46171.31,0
2682,1070,150,1,16715.29,0
2683,1071,143,3,5903.76,0
2684,1071,84,1,3075.22,15
2685,1071,2,2,83990.31,0
2686,1071,210,1,1757.53,25
2687,1072,166,1,14066.37,5
2688,1072,248,1,856.1,0
2689,1072,91,2,2174.01,20
2690,1073,178,2,7299.71,0
2691,1074,159,1,12922.97,0
2692,1074,156,2,23301.4,15
2693,1074,240,3,1294.62,0
2694,1075,39,1,46496.9,20
2695,1075,294,1,27212.63,0
2696,1075,20,5,56737.79,25
2697,1075,43,2,9592.38,15
2698,1075,6,2,68423.75,0
2699,1076,89,2,9912.85,15
2700,1076,121,1,1572.04,10
2701,1077,94,1,2571.75,0
2702,1077,47,1,10425.54,15
2703,1078,142,2,2901.83,0
2704,1078,52,1,44665.57,15
2705,1079,128,1,884.53,25
2706,1079,81,1,6871.16,0
2707,1079,105,3,7366.66,5
2708,1079,241,1,86.73,0
2709,1079,186,1,2393.4,15
2710,1080,248,1,891.94,0
2711,1080,295,1,9512.67,15
2712,1080,222,1,1083.56,10
2713,1081,167,2,13612.44,10
2714,1081,268,1,1779.6,0
2715,1081,23,2,16439.92,15
2716,1081,157,2,11168.63,5
2717,1082,232,2,527.21,25
2718,1082,12,2,9562.04,0
2719,1082,220,1,675.57,0
2720,1082,81,1,7099.17,0
2721,1083,236,1,2209.65,25
2722,1083,192,2,316.77,5
2723,1083,11,3,19079.85,10
2724,1083,33,4,77117.18,15
2725,1083,44,2,8737.01,20
2726,1084,250,1,2667.17,25
2727,1084,46,1,35779.51,15
2728,1085,95,4,12860.23,0
2729,1085,277,2,6310.42,5
2730,1086,200,2,1466.34,20
2731,1086,170,1,20880.21,0
2732,1086,232,1,525.18,20
2733,1086,187,1,4501.75,0
2734,1086,100,2,852.38,5
2735,1087,209,2,2299.93,20
2736,1087,132,1,7343.42,25
2737,1087,138,1,4661.68,20
2738,1088,222,2,1130.09,5
2739,1089,135,1,2066.94,5
2740,1089,175,2,18528.05,0
2741,1089,39,1,42890.5,20
2742,1090,95,1,12604.16,25
2743,1091,55,1,3239.68,0
2744,1091,30,1,69733.62,20
2745,1091,126,3,1472.96,0
2746,1092,197,1,1360.85,0
2747,1092,154,2,10025.5,20
2748,1092,38,2,46891.63,0
2749,1093,2,2,82963.13,5
2750,1093,236,2,2011.93,20
2751,1093,51,2,38811.38,15
2752,1093,145,5,6521.4,10
2753,1094,140,3,2915.01,0
2754,1094,108,3,1302.6,25
2755,1095,214,2,925.11,0
2756,1095,109,3,1529.27,10
2757,1095,287,2,1590.53,25
2758,1095,115,2,1268.63,20
2759,1095,38,2,48272.79,0
2760,1096,63,2,33337.45,0
2761,1097,242,2,1406.2,5
2762,1097,143,1,5697.01,20
2763,1097,237,1,2996.45,10
2764,1097,86,1,9029.74,0
2765,1098,55,1,3210.4,0
2766,1098,69,1,9931.7,0
2767,1098,37,1,43199.8,0
2768,1099,273,1,1266.43,10
2769,1099,163,1,650.91,25
2770,1099,86,1,9218.14,0
2771,1099,13,1,74658.81,0
2772,1100,10,2,21462.12,20
2773,1100,36,3,1488.09,5
2774,1100,236,2,2010.09,5
2775,1100,93,2,10600.42,0
2776,1101,290,2,5702.99,0
2777,1102,160,1,1146.21,5
2778,1102,3,3,42267.94,25
2779,1102,39,1,46664.65,0
2780,1102,142,1,3025.53,15
2781,1103,293,4,12093.7,5
2782,1104,180,4,8669.89,0
2783,1104,118,4,7571.74,20
2784,1104,124,1,1029.5,0
2785,1105,296,1,6940.72,5
2786,1105,140,1,3048.85,0
2787,1106,174,2,11267.65,20
2788,1106,52,1,42206.24,0
2789,1106,106,1,6836.81,10
2790,1106,114,1,1222.88,15
2791,1107,215,1,3353.46,5
2792,1107,213,2,1053.38,15
2793,1107,173,1,10959.6,0
2794,1108,259,1,4652.97,0
2795,1108,10,1,23033.9,25
2796,1108,6,1,62796.18,10
2797,1109,124,1,962.09,0
2798,1109,63,1,30816.55,15
2799,1110,185,3,696.03,0
2800,1110,262,1,2031.85,0
2801,1110,149,1,18505.82,0
2802,1110,199,1,2091.56,0
2803,1111,9,3,68002.27,0
2804,1111,58,1,13688.18,0
2805,1112,237,2,3033.06,10
2806,1112,243,1,3756.47,0
2807,1113,264,2,2624.32,15
2808,1113,146,1,18023.05,25
2809,1113,101,2,13635.02,0
2810,1114,132,3,7600.23,20
2811,1114,285,2,7062.74,10
2812,1114,249,1,2096.31,0
2813,1114,42,1,22587.18,25
2814,1115,299,4,49152.97,15
2815,1116,152,2,22220.36,0
2816,1116,187,1,4743.96,0
2817,1117,299,4,46442.34,10
2818,1117,180,1,8755.99,0
2819,1117,157,2,10500.17,0
2820,1117,241,1,92.27,0
2821,1117,101,2,14875.28,10
2822,1118,268,1,1697.14,10
2823,1118,60,1,10515.47,5
2824,1119,226,1,2790.18,20
2825,1119,152,1,21757.36,0
2826,1120,104,1,7884.4,25
2827,1120,42,1,23102.58,0
2828,1121,178,1,7356.75,0
2829,1121,154,1,10062.36,25
2830,1121,36,2,1519.67,10
2831,1121,252,2,755.8,25
2832,1122,105,1,7970.79,20
2833,1123,53,1,20081.89,15
2834,1123,14,1,20497.95,0
2835,1123,279,2,2538.94,10
2836,1124,210,1,1721.64,15
2837,1124,246,1,1603.27,0
2838,1125,181,2,4885.17,10
2839,1125,30,1,72734.74,0
2840,1125,40,1,27614.23,0
2841,1126,62,1,42513.35,15
2842,1126,5,2,48173.76,5
2843,1127,79,2,10061.3,5
2844,1127,166,1,15610.3,20
2845,1128,289,2,3629.9,0
2846,1128,61,2,14069.15,5
2847,1129,22,4,26331.87,0
2848,1129,174,2,11954.95,0
2849,1129,100,1,854.64,10
2850,1129,8,1,13778.81,25
2851,1130,206,2,2783.13,0
2852,1130,73,2,7109.78,25
2853,1131,297,4,48160.71,10
2854,1131,235,1,3734.21,0
2855,1131,18,3,18632.04,0
2856,1131,182,3,2434.44,25
2857,1132,242,2,1333.74,15
2858,1132,107,2,7353.61,25
2859,1132,283,1,4283.73,25
2860,1133,289,2,3342.74,25
2861,1133,194,1,2732.43,5
2862,1133,93,1,9562.86,0
2863,1134,21,1,52181.93,0
2864,1134,168,4,2780.89,5
2865,1134,210,1,1635.34,25
2866,1135,119,4,6998.81,25
2867,1135,77,1,8561.55,0
2868,1136,221,3,1187.65,0
2869,1136,18,1,17417.62,10
2870,1136,182,1,2431.75,5
2871,1137,111,1,961.71,5
2872,1137,237,4,2941.44,10
2873,1138,39,1,46488.26,25
2874,1139,224,1,659.15,10
2875,1139,288,1,3880.38,0
2876,1139,74,1,9348.4,25
2877,1140,118,1,7213.19,15
2878,1140,177,4,13629.17,20
2879,1141,232,2,536.31,15
2880,1141,100,2,808.82,5
2881,1141,33,1,79589.18,0
2882,1141,51,2,39421.82,10
2883,1142,100,1,821.96,15
2884,1142,24,1,34478.39,0
2885,1143,222,2,1151.12,10
2886,1143,6,3,65883.45,0
2887,1144,67,4,17540.84,0
2888,1144,145,2,6607.67,20
2889,1144,146,1,16707.82,20
2890,1145,280,1,7646.49,20
2891,1146,41,2,40203.55,5
2892,1146,135,1,2007.72,0
2893,1146,289,2,3332.95,0
2894,1146,100,1,772.13,5
2895,1147,269,2,5014.81,0
2896,1148,206,1,2695.63,25
2897,1148,147,1,3228.29,20
2898,1148,251,2,3019.39,5
2899,1149,244,3,86.58,0
2900,1149,68,2,7084.93,5
2901,1149,83,2,11911.46,5
2902,1149,250,1,2586.98,5
2903,1150,33,1,75319.54,10
2904,1150,209,1,2460.87,25
2905,1151,80,1,2199.25,0
2906,1151,262,1,2011.6,10
2907,1152,37,1,41783.93,0
2908,1152,2,1,86486.54,0
2909,1153,125,2,5214.99,15
2910,1153,228,3,257.99,0
2911,1154,80,2,2179.38,10
2912,1154,95,1,12568.26,15
2913,1154,230,1,385.0,0
2914,1155,90,1,13258.78,20
2915,1155,22,1,26897.42,15
2916,1156,82,5,8470.49,20
2917,1156,119,1,6424.13,10
2918,1157,20,1,60220.38,0
2919,1157,44,2,8873.68,10
2920,1158,54,1,6067.34,20
2921,1158,82,1,8222.23,10
2922,1159,207,1,1325.32,20
2923,1159,96,2,13718.7,5
2924,1160,67,1,16794.04,5
2925,1160,232,2,544.67,15
2926,1160,236,2,2175.06,20
2927,1160,209,2,2497.1,0
2928,1161,243,1,3564.56,10
2929,1161,150,2,17645.58,20
2930,1162,125,1,5587.31,15
2931,1162,127,1,6543.44,10
2932,1163,176,1,20035.75,15
2933,1163,247,2,691.91,10
2934,1164,259,4,4849.29,5
2935,1164,120,1,4644.3,0
2936,1164,212,1,729.25,20
2937,1164,38,1,44809.16,10
2938,1164,275,1,1615.9,20
2939,1165,32,1,47900.04,0
2940,1165,80,2,2246.28,0
2941,1166,56,2,40034.39,0
2942,1166,2,2,81293.14,0
2943,1166,120,1,4740.02,0
2944,1166,225,2,945.6,0
2945,1167,193,1,3651.79,20
2946,1167,164,2,12920.12,25
2947,1168,2,2,83276.07,0
2948,1168,254,1,2016.82,0
2949,1168,258,1,4196.62,15
2950,1168,106,2,6985.17,0
2951,1169,207,1,1312.65,15
2952,1170,267,1,3757.88,0
2953,1170,194,4,2651.05,25
2954,1171,2,1,89908.26,15
2955,1171,175,1,19336.15,10
2956,1171,202,1,3980.76,0
2957,1172,221,1,1233.42,0
2958,1172,195,2,3218.7,0
2959,1172,60,1,10830.4,0
2960,1173,192,2,307.09,0
2961,1173,193,2,3726.35,5
2962,1174,199,1,2211.33,15
2963,1174,232,1,552.84,20
2964,1174,169,2,22495.24,0
2965,1175,191,1,403.43,0
2966,1175,100,3,800.13,20
2967,1176,194,2,2700.69,0
2968,1176,26,2,30387.9,0
2969,1176,280,1,7248.6,0
2970,1177,115,4,1274.11,10
2971,1178,71,1,22807.14,5
2972,1178,200,3,1487.18,0
2973,1179,107,3,7545.53,10
2974,1180,36,1,1492.87,15
2975,1180,84,1,3047.75,0
2976,1181,244,1,87.25,25
2977,1181,95,1,12425.69,20
2978,1181,176,2,20536.03,15
2979,1181,206,1,2679.43,5
2980,1182,38,1,48274.89,10
2981,1182,190,1,1454.78,25
2982,1183,195,2,3448.46,5
2983,1183,250,2,2751.98,0
2984,1184,197,1,1323.3,20
2985,1184,246,1,1602.81,25
2986,1185,61,3,14266.73,10
2987,1185,68,2,7538.57,10
2988,1185,16,3,33331.56,0
2989,1186,229,2,4084.48,5
2990,1186,207,2,1316.03,10
2991,1187,267,2,3949.77,0
2992,1187,219,2,2244.92,20
2993,1187,260,1,8639.64,10
2994,1188,123,1,4423.38,10
2995,1189,145,1,6177.42,0
2996,1189,150,1,16517.86,10
2997,1189,134,1,6295.52,20
2998,1190,172,1,19530.57,0
2999,1191,142,1,3104.32,5
3000,1191,29,2,45558.5,20
3001,1192,123,1,4697.51,0
3002,1192,230,1,369.83,0
3003,1192,280,2,7021.97,15
3004,1193,246,1,1674.94,15
3005,1193,236,1,2051.67,5
3006,1194,89,3,10116.17,25
3007,1194,166,2,14566.68,20
3008,1194,202,3,3766.81,25
3009,1194,232,2,509.44,20
3010,1195,209,2,2463.26,20
3011,1196,120,2,4887.1,20
3012,1197,274,1,6031.48,0
3013,1197,62,2,42834.21,10
3014,1198,265,1,7041.01,20
3015,1198,216,1,4512.74,25
3016,1198,156,1,23790.5,5
3017,1199,138,3,4810.19,15
3018,1199,128,1,823.81,25
3019,1200,25,2,12566.41,0
3020,1200,277,3,6248.69,10
3021,1201,84,2,3099.58,0
3022,1201,273,1,1392.38,15
3023,1201,5,1,51164.7,20
3024,1201,13,2,77015.47,0
3025,1202,41,2,41834.69,5
3026,1203,162,1,16050.0,10
3027,1204,63,2,30856.65,0
3028,1204,161,1,2388.54,0
3029,1204,234,2,3253.16,25
3030,1204,168,3,2929.99,5
3031,1205,116,4,4153.95,0
3032,1205,123,1,4693.59,10
3033,1205,169,2,22962.83,20
3034,1205,224,1,721.98,0
3035,1206,187,1,4525.37,10
3036,1206,28,1,83260.3,25
3037,1206,213,3,1107.73,20
3038,1206,145,1,6144.4,10
3039,1207,220,1,691.46,0
3040,1207,190,3,1521.4,5
3041,1207,186,2,2487.57,20
3042,1208,89,1,9838.11,0
3043,1208,224,3,727.81,0
3044,1209,262,2,2106.42,5
3045,1209,59,1,41558.05,10
3046,1209,154,3,9378.75,20
3047,1210,273,2,1326.61,0
3048,1211,262,3,1973.65,10
3049,1211,44,4,8361.01,15
3050,1212,126,2,1524.29,15
3051,1212,132,1,7493.07,0
3052,1212,23,2,16179.62,15
3053,1212,238,2,2460.36,10
3054,1213,180,1,8708.73,0
3055,1213,40,2,26903.13,0
3056,1214,179,2,2112.52,25
3057,1215,123,2,4525.45,15
3058,1216,194,1,2674.0,10
3059,1216,159,1,13193.59,0
3060,1217,165,2,8246.0,0
3061,1217,131,2,7020.51,5
3062,1218,182,4,2378.06,25
3063,1219,125,2,5433.94,0
3064,1219,8,1,13073.23,5
3065,1219,176,4,20105.34,0
3066,1220,73,2,7141.93,15
3067,1220,13,4,77922.88,20
3068,1220,170,3,22328.16,10
3069,1220,187,2,4608.55,15
3070,1221,227,3,431.34,5
3071,1221,280,2,7653.85,5
3072,1221,113,1,2029.02,15
3073,1222,277,2,6066.19,25
3074,1223,272,2,3306.64,0
3075,1223,96,2,13852.45,25
3076,1224,261,1,7559.77,5
3077,1225,37,2,44433.02,15
3078,1226,268,2,1736.59,0
3079,1226,150,3,17258.74,15
3080,1226,207,3,1281.51,15
3081,1227,194,3,2717.47,25
3082,1227,240,1,1239.2,25
3083,1227,2,1,85660.33,15
3084,1228,297,2,46706.61,0
3085,1229,175,3,19639.98,0
3086,1230,205,2,789.67,0
3087,1231,148,2,24003.94,10
3088,1231,107,1,7456.53,0
3089,1231,298,1,45721.96,10
3090,1231,11,3,19105.05,0
3091,1232,121,1,1609.32,0
3092,1232,52,1,42836.74,5
3093,1232,294,2,27925.41,0
3094,1233,37,4,46079.47,0
3095,1233,203,4,1106.89,20
3096,1233,130,1,5291.76,25
3097,1234,15,1,26008.8,15
3098,1235,175,1,18491.53,0
3099,1236,55,1,3169.43,20
3100,1236,99,1,6065.4,5
3101,1237,170,1,21557.39,0
3102,1238,253,1,6308.83,20
3103,1239,138,1,4726.17,0
3104,1239,108,2,1377.31,0
3105,1239,20,1,54787.17,0
3106,1239,282,3,1449.04,10
3107,1240,243,2,3421.77,25
3108,1240,60,4,10621.71,25
3109,1240,20,2,59588.49,0
3110,1240,195,1,3191.83,0
3111,1240,25,1,12036.13,0
3112,1241,132,2,7695.82,0
3113,1241,242,2,1397.2,25
3114,1242,177,2,12852.13,20
3115,1243,277,2,6133.25,0
3116,1243,190,3,1522.29,5
3117,1243,233,1,183.33,15
3118,1244,144,3,3631.36,5
3119,1244,251,2,3321.28,10
3120,1244,43,2,10004.46,15
3121,1245,23,2,16635.7,5
3122,1246,109,1,1596.68,0
3123,1247,238,3,2371.6,0
3124,1248,240,1,1227.0,5
3125,1248,179,3,2189.54,20
3126,1249,46,1,35991.1,25
3127,1249,218,3,3031.52,5
3128,1249,108,1,1404.66,15
3129,1249,271,2,2170.62,0
3130,1250,116,2,4215.53,10
3131,1250,128,2,905.4,0
3132,1250,15,2,26352.9,20
3133,1250,279,3,2303.37,0
3134,1250,28,2,81888.81,10
3135,1251,119,1,6645.48,25
3136,1251,31,4,44118.28,0
3137,1252,55,2,3363.1,0
3138,1253,49,3,38436.79,15
3139,1253,233,1,180.69,20
3140,1253,213,1,1127.32,25
3141,1254,7,1,67121.41,20
3142,1255,270,1,2210.05,10
3143,1255,222,1,1090.02,5
3144,1256,160,2,1139.42,25
3145,1256,219,1,2170.49,0
3146,1257,228,2,265.71,25
3147,1257,195,2,3450.98,5
3148,1258,294,1,29225.83,0
3149,1258,192,1,288.75,5
3150,1258,46,2,38799.58,0
3151,1259,9,3,64928.15,0
3152,1260,40,2,27802.96,5
3153,1260,180,1,8367.38,10
3154,1260,50,1,16350.55,15
3155,1261,215,1,3504.1,15
3156,1261,39,2,45326.22,5
3157,1261,47,1,10575.73,10
3158,1262,65,4,29589.28,0
3159,1263,281,1,2089.3,20
3160,1263,261,1,7745.08,5
3161,1264,295,2,8962.36,0
3162,1265,111,1,1021.43,20
3163,1265,135,1,2078.94,0
3164,1265,103,2,10115.37,25
3165,1266,128,1,839.6,10
3166,1266,146,1,17135.18,20
3167,1267,275,1,1636.28,0
3168,1268,147,1,3210.4,0
3169,1268,256,1,1348.39,10
3170,1268,155,2,12150.36,0
3171,1269,172,2,18963.06,0
3172,1269,54,2,5922.28,0
3173,1269,216,1,4322.69,5
3174,1270,96,2,13177.27,25
3175,1270,173,1,11217.86,10
3176,1271,54,2,6348.02,10
3177,1272,240,1,1190.16,0
3178,1272,218,1,3282.37,20
3179,1273,170,1,20614.33,25
3180,1273,59,1,39955.62,5
3181,1274,74,1,9409.03,25
3182,1274,284,1,2036.89,15
3183,1275,12,1,10113.28,10
3184,1276,270,1,2049.49,25
3185,1276,23,2,16301.21,5
3186,1276,249,1,2028.26,0
3187,1277,121,1,1501.23,0
3188,1277,101,2,14768.6,0
3189,1278,186,2,2444.34,0
3190,1278,65,2,29247.21,5
3191,1278,147,1,3155.82,15
3192,1278,278,1,6590.14,10
3193,1279,297,2,46710.72,0
3194,1280,237,2,2986.09,0
3195,1280,114,2,1221.0,5
3196,1281,161,2,2490.17,0
3197,1281,267,2,3751.79,25
3198,1281,129,1,4460.23,25
3199,1281,145,2,6703.6,20
3200,1282,174,3,11357.32,25
3201,1282,100,1,816.47,10
3202,1282,3,1,44735.25,5
3203,1283,276,2,4781.0,0
3204,1284,134,2,6402.63,0
3205,1284,50,2,15895.93,20
3206,1284,200,1,1406.7,20
3207,1284,167,2,14225.58,0
3208,1285,87,2,11158.91,20
3209,1285,122,1,5633.84,0
3210,1286,187,1,4870.95,0
3211,1286,297,1,47905.86,0
3212,1286,279,1,2335.03,0
3213,1287,204,2,2417.74,0
3214,1287,269,1,5321.7,5
3215,1288,37,1,45907.72,0
3216,1289,218,1,3233.47,25
3217,1289,293,1,13018.82,0
3218,1289,88,1,3887.76,15
3219,1289,86,3,9534.44,0
3220,1290,65,2,28423.59,0
3221,1290,233,3,188.18,10
3222,1291,80,1,2241.23,5
3223,1291,287,1,1613.39,20
3224,1291,210,1,1744.87,25
3225,1291,111,2,987.34,15
3226,1292,46,2,38934.47,5
3227,1292,28,4,80571.11,15
3228,1293,77,2,8152.67,5
3229,1293,264,2,2665.61,0
3230,1294,42,4,22019.08,15
3231,1294,14,1,21923.19,0
3232,1294,180,2,8395.54,0
3233,1294,165,5,9042.78,10
3234,1295,240,2,1252.15,0
3235,1296,96,2,14107.99,0
3236,1296,238,1,2612.18,0
3237,1296,261,3,7659.93,0
3238,1297,83,1,12744.38,10
3239,1297,263,2,8093.99,10
3240,1298,23,2,16415.18,0
3241,1299,265,2,7521.02,25
3242,1299,204,2,2513.89,0
3243,1299,178,2,7342.95,15
3244,1300,11,2,18517.23,5
3245,1300,42,4,22272.16,15
3246,1301,76,1,9615.59,15
3247,1301,66,3,14924.01,0
3248,1302,281,3,2091.44,0
3249,1302,138,1,4670.33,0
3250,1302,218,1,3056.48,0
3251,1303,96,2,14496.8,10
3252,1303,151,2,428.36,0
3253,1304,177,1,13479.02,20
3254,1305,230,2,354.52,15
3255,1305,72,3,3545.91,25
3256,1305,158,3,7453.76,25
3257,1305,138,1,4548.41,5
3258,1306,28,1,82207.28,0
3259,1306,273,4,1277.03,0
3260,1306,109,1,1610.72,20
3261,1306,171,1,17280.87,10
3262,1306,226,2,2994.1,0
3263,1307,69,1,9507.54,25
3264,1307,24,3,33420.81,5
3265,1307,79,5,10871.89,0
3266,1307,81,4,7171.75,20
3267,1308,231,2,915.98,15
3268,1308,185,2,717.75,20
3269,1309,185,1,750.76,25
3270,1309,13,2,77348.58,10
3271,1309,219,3,2252.85,0
3272,1309,197,1,1318.87,0
3273,1310,134,2,6436.02,5
3274,1310,208,1,610.45,15
3275,1311,136,2,2438.52,10
3276,1312,4,3,11047.97,10
3277,1312,147,1,3099.39,20
3278,1313,101,1,14336.4,15
3279,1313,247,2,704.5,0
3280,1314,62,2,45008.85,15
3281,1314,102,2,3961.56,10
3282,1314,274,1,5795.73,0
3283,1315,127,1,6994.25,25
3284,1315,78,3,2786.55,0
3285,1315,148,1,21861.82,0
3286,1316,194,1,2689.85,20
3287,1316,227,1,405.66,0
3288,1316,236,3,2130.43,0
3289,1317,133,2,2852.46,10
3290,1317,115,1,1341.81,5
3291,1318,157,2,11127.97,20
3292,1318,246,1,1658.76,0
3293,1318,200,2,1472.93,25
3294,1318,265,3,7147.43,15
3295,1318,274,2,5459.14,10
3296,1319,213,2,1045.69,0
3297,1320,229,3,3750.41,0
3298,1320,289,1,3417.98,15
3299,1320,19,1,75811.01,10
3300,1320,15,1,26979.51,10
3301,1321,189,2,4194.12,0
3302,1321,276,2,4924.48,0
3303,1321,227,1,416.57,5
3304,1321,217,1,2400.35,5
3305,1322,158,1,6966.34,10
3306,1322,56,1,42409.19,5
3307,1323,190,2,1397.81,0
3308,1324,164,1,12920.05,20
3309,1324,256,5,1438.5,25
3310,1325,107,1,7699.26,0
3311,1325,171,2,16840.83,0
3312,1326,29,1,43270.06,0
3313,1326,79,1,10774.27,0
3314,1327,2,1,83285.81,20
3315,1327,249,1,2072.74,20
3316,1327,199,4,2057.94,15
3317,1327,119,1,6458.17,20
3318,1327,152,2,22825.1,25
3319,1328,88,1,3809.18,0
3320,1329,117,3,275.58,0
3321,1329,180,2,8974.04,15
3322,1330,160,2,1117.65,0
3323,1331,73,1,7226.1,0
3324,1331,126,1,1570.64,15
3325,1331,171,3,17771.47,0
3326,1332,40,2,24990.55,15
3327,1332,60,2,11456.38,0
3328,1332,116,1,4260.39,0
3329,1333,27,2,13406.59,15
3330,1334,116,1,4308.68,20
3331,1334,113,1,1981.89,0
3332,1335,79,1,10142.86,25
3333,1335,285,1,7428.61,0
3334,1336,177,2,13174.97,5
3335,1337,104,2,7876.94,0
3336,1337,269,1,5107.28,10
3337,1337,2,1,83715.69,15
3338,1337,236,1,2114.89,15
3339,1338,212,2,710.76,15
3340,1339,20,1,59896.23,25
3341,1339,204,3,2449.76,0
3342,1340,87,1,10721.78,5
3343,1341,205,1,743.67,0
3344,1342,220,2,653.4,5
3345,1342,289,1,3285.13,0
3346,1342,241,3,94.27,0
3347,1342,52,3,46822.55,0
3348,1343,56,3,40071.64,20
3349,1343,69,2,10164.94,0
3350,1344,68,4,7031.49,0
3351,1344,148,1,23399.86,0
3352,1345,12,1,9289.72,0
3353,1345,77,1,7995.75,0
3354,1346,88,2,3839.12,5
3355,1346,279,1,2456.59,25
3356,1347,120,2,4800.68,20
3357,1347,172,1,19772.32,20
3358,1347,118,1,7213.28,10
3359,1348,250,1,2806.54,25
3360,1348,193,1,4002.09,5
3361,1349,141,2,1969.8,25
3362,1349,2,1,81790.64,5
3363,1350,122,1,5488.55,0
3364,1350,193,2,3744.0,25
3365,1350,29,3,41795.72,0
3366,1350,66,1,15791.81,5
3367,1351,75,1,13334.72,25
3368,1351,150,2,17469.37,5
3369,1352,94,1,2534.27,0
3370,1352,154,1,9188.43,0
3371,1353,83,4,12843.22,5
3372,1354,43,2,10085.54,0
3373,1354,101,2,13719.44,0
3374,1355,249,2,2121.55,10
3375,1355,15,3,26721.99,0
3376,1356,50,1,16068.19,0
3377,1356,143,1,6250.37,10
3378,1356,154,3,9427.24,0
3379,1356,39,2,46310.11,5
3380,1357,117,1,302.09,5
3381,1357,179,1,2232.34,10
3382,1357,18,1,19322.93,15
3383,1358,120,1,4821.97,15
3384,1358,107,2,7107.01,0
3385,1358,268,1,1761.18,10
3386,1359,247,2,643.84,0
3387,1359,186,1,2590.22,0
3388,1360,98,1,9307.69,20
3389,1360,8,3,12768.12,20
3390,1361,156,1,22954.18,25
3391,1361,258,2,4330.71,0
3392,1361,153,2,5377.78,5
3393,1362,195,2,3435.89,0
3394,1362,186,2,2375.21,0
3395,1362,22,2,25867.72,0
3396,1363,189,2,4372.52,0
3397,1363,136,3,2412.02,15
3398,1363,53,2,19168.3,10
3399,1364,74,3,9678.35,10
3400,1364,217,4,2548.53,20
3401,1364,209,1,2273.91,5
3402,1364,229,1,3782.37,10
3403,1364,216,3,4267.11,5
3404,1365,80,3,2232.29,0
3405,1365,13,4,77143.48,10
3406,1365,221,5,1144.2,0
3407,1365,164,2,14147.24,5
3408,1365,139,1,5065.96,10
3409,1366,62,1,41149.32,20
3410,1367,16,1,36306.72,0
3411,1367,187,2,4510.88,15
3412,1368,206,1,2654.51,25
3413,1369,32,1,48694.56,20
3414,1369,223,1,2817.83,20
3415,1370,120,5,4871.82,25
3416,1370,19,2,74894.36,0
3417,1370,239,2,1819.76,10
3418,1371,149,2,18783.71,0
3419,1371,269,1,5311.86,25
3420,1371,5,1,50899.84,0
3421,1371,191,1,391.24,0
3422,1371,201,3,3450.62,0
3423,1372,99,2,6025.85,0
3424,1372,37,5,43043.07,5
3425,1373,213,1,1134.68,0
3426,1374,31,1,46946.95,10
3427,1375,106,3,7139.55,0
3428,1375,39,1,43992.98,25
3429,1375,15,2,24453.98,20
3430,1376,221,1,1211.77,0
3431,1377,136,1,2428.46,15
3432,1377,268,1,1723.42,0
3433,1378,68,1,7345.95,0
3434,1378,235,1,3538.1,20
3435,1379,172,1,17941.19,20
3436,1380,242,3,1335.35,15
3437,1381,135,1,2129.04,20
3438,1381,58,4,13164.48,10
3439,1381,19,4,76036.31,0
3440,1382,179,1,2123.29,0
3441,1382,111,1,957.32,0
3442,1382,63,1,30016.28,10
3443,1382,19,1,74812.6,0
3444,1383,11,2,18980.03,0
3445,1383,281,2,2022.34,0
3446,1384,118,1,7061.79,0
3447,1384,121,4,1552.63,5
3448,1385,51,1,39194.14,0
3449,1385,138,1,4682.86,25
3450,1385,31,4,44033.71,0
3451,1386,95,1,13362.09,0
3452,1386,265,1,7317.44,10
3453,1386,267,2,4045.75,10
3454,1387,153,1,5586.49,0
3455,1387,170,1,21470.04,20
3456,1387,23,2,17722.41,20
3457,1388,281,1,2142.8,0
3458,1388,33,2,79619.28,25
3459,1388,43,1,9372.7,0
3460,1388,20,2,57057.62,25
3461,1389,120,1,4512.93,25
3462,1389,198,1,1806.82,0
3463,1389,234,1,3207.15,5
3464,1390,43,2,9183.83,15
3465,1390,113,1,1938.27,0
3466,1390,98,2,10183.03,20
3467,1391,199,2,2011.87,25
3468,1392,78,1,2772.17,20
3469,1392,167,1,14427.95,20
3470,1392,60,4,10851.88,0
3471,1392,72,4,3697.52,0
3472,1393,1,2,25112.72,25
3473,1393,123,1,4657.79,20
3474,1393,14,1,21512.95,5
3475,1394,106,1,7156.37,20
3476,1394,112,2,4664.45,0
3477,1394,299,2,45996.55,0
3478,1394,178,2,6825.93,0
3479,1395,25,2,11468.51,0
3480,1395,28,1,83641.2,0
3481,1396,190,4,1440.28,0
3482,1396,221,2,1203.7,0
3483,1397,134,1,6459.11,0
3484,1397,109,2,1621.54,0
3485,1397,214,1,926.9,0
3486,1397,34,2,26326.27,10
3487,1398,275,1,1631.23,0
3488,1398,108,1,1403.88,0
3489,1398,212,1,701.62,0
3490,1399,245,1,959.68,0
3491,1399,223,1,3036.73,15
3492,1399,225,2,920.03,0
3493,1399,171,1,16906.31,0
3494,1399,191,3,407.79,0
3495,1400,127,1,6630.34,0
3496,1400,287,1,1675.46,20
3497,1400,202,1,3886.24,20
3498,1401,189,2,4170.44,0
3499,1401,105,3,7452.05,25
3500,1402,70,1,39735.39,0
3501,1402,255,1,385.58,0
3502,1403,277,3,5900.69,5
3503,1403,46,2,39066.41,0
3504,1404,123,3,4831.18,20
3505,1404,132,1,7481.96,0
3506,1405,178,2,7452.64,0
3507,1405,251,3,3127.47,0
3508,1405,267,1,3867.27,10
3509,1406,25,1,12214.63,20
3510,1406,144,2,3810.42,0
3511,1407,87,5,11547.93,25
3512,1408,54,1,5867.98,0
3513,1409,196,1,1929.33,10
3514,1410,212,1,686.35,15
3515,1410,183,1,4276.67,20
3516,1410,170,3,22293.0,5
3517,1410,300,3,807.58,25
3518,1411,181,1,4646.38,25
3519,1411,98,1,10175.73,10
3520,1411,33,1,75191.14,5
3521,1411,273,2,1378.76,5
3522,1411,22,1,26793.27,0
3523,1412,32,1,46509.76,25
3524,1412,263,2,8056.61,5
3525,1412,169,1,23660.15,10
3526,1413,294,1,26884.82,0
3527,1414,276,3,4856.97,0
3528,1414,176,1,20201.31,0
3529,1414,81,1,7144.72,25
3530,1415,3,4,44145.17,0
3531,1415,268,1,1796.49,20
3532,1416,259,2,4432.13,15
3533,1416,229,3,3823.52,0
3534,1416,258,2,4076.72,15
3535,1416,82,1,8305.37,0
3536,1417,154,1,9259.94,20
3537,1417,151,1,438.09,5
3538,1417,173,2,11185.33,20
3539,1418,12,5,9467.65,20
3540,1418,268,5,1640.56,20
3541,1418,62,2,45656.75,0
3542,1419,115,2,1227.52,25
3543,1419,40,1,27641.83,0
3544,1419,177,2,13632.79,25
3545,1420,12,1,9709.76,5
3546,1420,39,3,43359.48,10
3547,1421,37,2,44846.88,10
3548,1421,92,1,5633.27,5
3549,1421,271,1,2274.98,0
3550,1421,77,1,8369.02,10
3551,1422,180,1,9107.4,10
3552,1423,69,3,9812.94,0
3553,1423,24,2,34731.24,25
3554,1424,229,1,3680.66,15
3555,1424,171,1,17489.97,25
3556,1425,197,1,1381.73,5
3557,1425,31,5,43812.18,0
3558,1425,113,4,2004.83,0
3559,1426,48,1,38748.81,10
3560,1426,223,2,3018.09,0
3561,1426,115,4,1236.56,5
3562,1426,77,1,8420.26,0
3563,1426,162,1,15793.43,25
3564,1427,254,1,1963.93,10
3565,1427,243,3,3555.68,0
3566,1427,104,1,7461.82,0
3567,1428,157,1,11144.0,0
3568,1428,14,1,21870.94,5
3569,1428,31,3,46976.12,20
3570,1429,229,1,3875.24,15
3571,1429,267,1,3751.52,10
3572,1429,128,4,856.7,0
3573,1429,286,1,8544.27,5
3574,1430,4,2,11160.74,20
3575,1430,66,3,15562.68,20
3576,1431,93,1,9717.4,15
3577,1431,292,2,465.67,10
3578,1431,115,1,1310.32,5
3579,1431,193,2,3755.58,15
3580,1431,246,1,1615.88,10
3581,1432,87,3,11002.24,0
3582,1432,93,1,10521.3,25
3583,1432,26,3,29056.14,5
3584,1433,6,2,65588.24,0
3585,1433,35,3,40001.09,5
3586,1433,288,2,3632.23,0
3587,1434,266,2,7576.97,10
3588,1434,231,2,947.69,10
3589,1434,33,1,74382.07,25
3590,1434,181,3,4489.3,15
3591,1435,91,1,2197.35,10
3592,1435,144,3,3854.36,0
3593,1436,218,2,3231.69,0
3594,1436,264,2,2559.72,5
3595,1437,131,1,7077.54,0
3596,1437,90,1,12983.31,25
3597,1437,250,1,2770.93,0
3598,1437,85,1,10592.27,20
3599,1438,251,1,3318.01,0
3600,1439,271,1,2222.49,5
3601,1439,254,3,2004.85,0
3602,1440,213,1,1063.86,20
3603,1440,62,2,43495.57,20
3604,1441,202,4,3759.69,0
3605,1441,89,1,9609.07,0
3606,1442,253,1,6424.26,20
3607,1443,234,1,3355.49,10
3608,1443,53,2,20049.89,25
3609,1444,171,1,16381.93,15
3610,1444,234,5,3414.36,0
3611,1444,275,5,1586.3,5
3612,1445,36,2,1500.17,15
3613,1445,115,1,1341.35,25
3614,1446,50,2,15786.23,0
3615,1446,34,4,26482.47,15
3616,1446,178,1,6879.28,0
3617,1446,162,1,15541.58,25
3618,1447,219,3,2153.03,0
3619,1447,102,2,3981.09,10
3620,1448,284,1,2096.6,0
3621,1448,101,1,14950.91,5
3622,1449,126,1,1476.58,10
3623,1449,125,2,5354.56,0
3624,1449,90,1,13194.56,15
3625,1449,46,3,38899.16,25
3626,1449,17,1,82219.68,25
3627,1450,220,2,689.77,15
3628,1451,96,3,14218.16,5
3629,1451,22,1,25980.62,5
3630,1451,35,2,43857.57,5
3631,1452,222,1,1136.78,10
3632,1452,121,5,1505.7,10
3633,1453,260,4,7970.08,0
3634,1453,60,2,11390.55,5
3635,1453,16,2,35006.04,20
3636,1453,207,3,1375.8,10
3637,1454,298,1,47401.23,0
3638,1455,46,1,39726.21,15
3639,1455,90,1,13214.14,25
3640,1455,137,2,1533.56,5
3641,1456,69,1,10181.23,5
3642,1456,61,2,14953.88,5
3643,1457,21,3,54944.97,15
3644,1457,54,2,6324.57,25
3645,1457,189,5,4052.19,0
3646,1458,199,4,2017.14,0
3647,1458,263,1,8541.14,10
3648,1458,18,3,18485.8,0
3649,1459,103,3,9553.33,15
3650,1459,61,1,14086.19,0
3651,1459,141,2,1995.11,15
3652,1459,109,1,1546.96,0
3653,1460,243,3,3800.12,0
3654,1460,56,2,39371.84,20
3655,1460,195,1,3330.19,20
3656,1461,292,1,492.41,15
3657,1461,66,4,14721.79,5
3658,1462,13,3,80171.15,20
3659,1462,292,3,448.15,0
3660,1462,14,1,22610.13,5
3661,1463,214,2,956.68,5
3662,1463,10,2,23576.8,25
3663,1463,198,1,1680.64,20
3664,1463,150,1,16052.64,5
3665,1463,108,1,1398.77,0
3666,1464,92,4,5627.98,10
3667,1464,177,2,13932.88,0
3668,1465,154,1,9603.36,15
3669,1465,254,1,2097.42,0
3670,1465,23,2,17176.26,5
3671,1465,136,1,2257.59,15
3672,1466,231,3,938.97,15
3673,1466,149,1,18351.76,0
3674,1466,52,1,45158.29,0
3675,1466,42,2,22659.1,20
3676,1467,14,1,22610.47,15
3677,1467,185,2,741.32,20
3678,1468,22,2,25439.98,10
3679,1468,134,1,6194.55,0
3680,1469,277,1,6370.49,0
3681,1469,167,1,13378.0,25
3682,1470,43,1,10128.26,20
3683,1470,79,2,10708.22,15
3684,1471,32,1,47788.27,0
3685,1471,234,3,3284.32,0
3686,1472,179,1,2017.4,0
3687,1472,61,2,14163.08,20
3688,1472,141,1,2176.67,0
3689,1473,142,2,2897.56,0
3690,1474,70,2,39730.12,10
3691,1474,99,2,5605.13,15
3692,1474,129,3,4370.1,20
3693,1475,185,1,694.75,0
3694,1476,289,1,3581.58,5
3695,1476,278,2,6601.44,0
3696,1476,229,2,3712.79,20
3697,1476,32,1,45824.62,10
3698,1477,120,1,4853.81,20
3699,1477,81,2,7233.33,0
3700,1478,211,1,4700.58,10
3701,1478,40,2,27716.01,0
3702,1478,68,1,6841.8,5
3703,1478,64,1,43625.31,0
3704,1479,297,1,48580.41,20
3705,1479,196,2,1941.13,0
3706,1480,99,2,5561.77,5
3707,1480,199,1,2102.37,0
3708,1481,259,1,4618.55,0
3709,1482,103,2,10035.72,0
3710,1482,263,1,8213.0,0
3711,1483,139,2,5118.75,5
3712,1483,83,1,12114.82,25
3713,1483,269,1,4930.73,25
3714,1484,147,4,3025.72,0
3715,1485,191,2,420.69,0
3716,1485,299,1,45974.27,10
3717,1485,41,2,41117.67,15
3718,1485,180,1,8731.24,5
3719,1486,72,1,3407.54,10
3720,1486,71,1,23351.63,25
3721,1486,50,4,16680.49,0
3722,1487,12,2,9647.81,0
3723,1487,80,1,2242.71,5
3724,1487,39,2,42890.02,10
3725,1488,252,5,729.57,10
3726,1488,265,1,7457.08,20
3727,1488,57,1,14131.63,0
3728,1489,71,3,21927.92,0
3729,1489,144,1,3713.74,10
3730,1490,158,1,6976.38,25
3731,1490,95,2,13327.89,0
3732,1491,191,4,380.68,0
3733,1491,172,1,19346.27,25
3734,1491,71,1,23755.65,25
3735,1491,69,2,9967.6,25
3736,1491,245,2,923.49,20
3737,1492,157,1,10270.1,25
3738,1492,40,2,27325.96,20
3739,1492,33,1,79365.28,20
3740,1493,290,1,5361.89,0
3741,1494,55,1,3185.55,15
3742,1494,145,2,6135.43,0
3743,1495,248,3,946.25,10
3744,1496,190,4,1508.91,5
3745,1497,71,1,22144.9,5
3746,1497,108,1,1412.64,0
3747,1497,283,1,4328.97,25
3748,1498,158,2,6807.35,0
3749,1498,212,1,759.82,15
3750,1499,57,2,14262.29,5
3751,1499,61,2,15266.9,25
3752,1499,190,1,1495.99,20
3753,1499,253,1,6030.23,0
3754,1500,92,1,5482.45,10
3755,1500,155,2,13188.39,5
3756,1501,144,2,3837.58,0
3757,1501,237,2,2775.18,25
3758,1502,35,1,41161.19,0
3759,1502,255,1,417.16,10
3760,1502,271,2,2302.25,0
3761,1503,119,2,6558.48,20
3762,1503,227,1,395.7,10
3763,1504,204,1,2393.26,0
3764,1504,235,1,3659.86,25
3765,1505,113,1,2031.24,25
3766,1505,152,4,23203.4,15
3767,1505,229,2,3868.35,5
3768,1506,125,3,5629.41,0
3769,1506,53,1,19880.96,10
3770,1506,265,1,7008.94,15
3771,1507,181,2,4675.64,0
3772,1507,176,2,19785.58,0
3773,1508,227,3,422.91,15
3774,1508,29,1,42024.16,0
3775,1509,101,1,14855.6,0
3776,1510,89,4,9743.28,0
3777,1511,295,1,9311.28,10
3778,1511,284,1,1977.95,0
3779,1511,183,1,4436.27,25
3780,1512,273,1,1286.32,20
3781,1512,182,1,2408.56,10
3782,1513,158,2,6884.77,0
3783,1513,80,1,2083.74,10
3784,1514,215,1,3356.22,0
3785,1515,193,1,3626.64,0
3786,1515,175,2,19314.78,20
3787,1516,211,1,4414.99,0
3788,1517,29,1,41780.67,0
3789,1517,294,2,27465.37,5
3790,1518,31,1,45264.06,20
3791,1518,192,3,296.45,0
3792,1518,1,2,26839.55,15
3793,1519,267,1,3867.57,10
3794,1519,130,1,5584.04,0
3795,1519,140,3,3016.05,0
3796,1519,180,1,8875.86,25
3797,1520,18,1,19044.81,0
3798,1520,153,1,5434.04,15
3799,1521,239,1,1925.68,25
3800,1522,92,1,5490.81,15
3801,1522,296,1,7619.64,5
3802,1522,209,1,2312.55,0
3803,1523,24,1,34683.86,0
3804,1523,147,4,3145.2,0
3805,1524,239,1,1996.31,15
3806,1525,291,4,5779.54,20
3807,1525,99,1,5815.91,20
3808,1525,205,5,798.99,25
3809,1525,250,2,2694.5,5
3810,1526,265,1,7003.21,15
3811,1526,30,1,72346.08,0
3812,1526,61,4,14635.18,15
3813,1526,54,4,5797.17,5
3814,1527,172,1,19463.51,0
3815,1527,23,1,16545.61,0
3816,1528,282,2,1467.28,10
3817,1528,205,3,819.75,0
3818,1529,203,1,1050.5,25
3819,1529,188,2,1581.68,25
3820,1530,62,3,42286.25,20
3821,1531,198,2,1817.41,0
3822,1532,195,1,3508.88,20
3823,1532,38,2,47541.57,15
3824,1533,43,2,9366.29,25
3825,1533,23,1,16143.72,20
3826,1534,17,1,83070.12,0
3827,1534,170,1,21273.48,0
3828,1535,141,1,2148.74,15
3829,1535,204,3,2271.33,0
3830,1535,138,3,4477.33,20
3831,1535,167,2,13620.81,0
3832,1535,5,2,50324.34,0
3833,1536,40,1,25514.49,0
3834,1536,252,2,724.0,0
3835,1536,261,1,7427.16,0
3836,1537,67,1,16490.35,25
3837,1537,73,1,7545.5,20
3838,1537,179,1,2100.75,25
3839,1538,133,3,2965.98,5
3840,1539,8,2,12989.54,10
3841,1539,256,1,1342.87,5
3842,1540,112,3,4463.88,0
3843,1540,201,3,3357.58,20
3844,1541,266,2,7154.18,15
3845,1541,13,1,73753.91,0
3846,1542,74,1,9522.55,5
3847,1543,9,3,66908.45,0
3848,1543,144,1,3718.58,0
3849,1543,241,1,91.25,5
3850,1544,148,3,22441.35,0
3851,1544,231,2,951.54,10
3852,1544,91,3,2126.97,0
3853,1544,256,1,1376.67,0
3854,1545,127,3,6872.68,0
3855,1545,203,2,1016.44,25
3856,1545,294,1,29276.45,0
3857,1546,177,2,13441.01,0
3858,1546,258,2,3985.0,0
3859,1546,54,2,6066.98,0
3860,1547,107,1,7188.91,0
3861,1547,119,5,6996.93,15
3862,1548,96,1,13732.47,0
3863,1548,248,2,919.68,25
3864,1548,185,1,744.96,0
3865,1548,133,3,2987.54,5
3866,1549,26,2,29170.42,5
3867,1550,96,1,13124.47,20
3868,1550,291,1,6144.09,0
3869,1550,227,1,418.95,0
3870,1551,152,1,22796.16,20
3871,1551,167,3,13347.61,15
3872,1551,55,3,3290.07,0
3873,1552,208,3,612.82,0
3874,1552,203,2,1038.53,0
3875,1552,157,2,10807.02,5
3876,1553,61,2,15365.43,15
3877,1553,299,4,48744.51,20
3878,1553,45,4,642.8,15
3879,1554,33,1,78648.01,0
3880,1554,194,4,2625.11,20
3881,1554,235,2,3610.41,0
3882,1554,216,1,4293.3,10
3883,1554,185,2,719.03,15
3884,1555,149,2,19739.36,5
3885,1555,121,3,1495.29,0
3886,1555,231,1,890.38,20
3887,1556,102,1,4015.97,10
3888,1557,140,1,3036.82,10
3889,1557,76,1,9257.24,25
3890,1557,93,1,10097.88,0
3891,1558,132,1,6998.74,0
3892,1558,228,2,252.16,5
3893,1558,105,2,7520.06,5
3894,1558,54,1,6007.6,0
3895,1559,107,1,7223.08,20
3896,1559,166,2,15709.79,10
3897,1560,34,4,25408.52,15
3898,1560,226,1,2978.66,15
3899,1560,40,3,27562.16,5
3900,1560,195,1,3386.17,0
3901,1560,118,1,7068.98,20
3902,1561,73,1,7596.2,0
3903,1561,76,2,9256.48,10
3904,1562,283,1,4381.35,10
3905,1562,22,1,25229.86,20
3906,1563,52,4,44071.76,0
3907,1563,289,1,3368.72,5
3908,1563,264,1,2516.47,5
3909,1564,174,1,11922.76,20
3910,1564,52,1,43048.11,25
3911,1564,103,2,10023.84,0
3912,1565,220,1,653.0,25
3913,1565,6,2,65704.07,5
3914,1566,41,1,39041.72,0
3915,1566,66,1,15486.67,15
3916,1567,40,3,26754.2,0
3917,1567,90,2,12898.47,25
3918,1567,56,1,41836.03,25
3919,1567,233,5,191.49,10
3920,1567,271,1,2258.0,5
3921,1568,55,2,3504.11,25
3922,1569,286,2,8924.14,10
3923,1569,198,1,1824.37,0
3924,1570,74,1,9256.44,15
3925,1570,187,1,4413.21,20
3926,1570,177,3,13094.78,10
3927,1571,278,1,7186.44,0
3928,1571,140,3,2911.32,10
3929,1571,26,1,29256.41,0
3930,1572,46,1,38460.65,0
3931,1572,133,2,2794.65,20
3932,1572,67,2,16105.82,15
3933,1573,83,1,11814.6,5
3934,1573,260,1,8366.53,20
3935,1573,268,1,1655.76,10
3936,1574,184,2,4180.25,0
3937,1574,275,3,1669.0,25
3938,1575,263,2,8009.97,0
3939,1575,186,1,2535.33,10
3940,1576,209,1,2312.14,25
3941,1576,101,1,14109.53,0
3942,1577,224,1,669.31,10
3943,1577,190,4,1522.49,20
3944,1577,109,2,1580.58,15
3945,1577,176,2,19909.61,10
3946,1577,171,2,16502.72,0
3947,1578,237,1,2997.35,10
3948,1578,78,1,2693.2,10
3949,1578,267,3,3729.93,0
3950,1579,37,1,45228.27,0
3951,1579,183,2,4255.2,20
3952,1580,74,2,10163.49,25
3953,1581,159,4,12528.18,25
3954,1581,12,2,9654.68,0
3955,1582,129,1,4483.03,5
3956,1582,237,1,2917.37,25
3957,1583,251,2,2985.37,0
3958,1583,165,1,8827.79,0
3959,1583,40,2,25822.82,25
3960,1584,117,1,298.69,0
3961,1585,22,1,27079.79,25
3962,1585,140,1,2804.68,0
3963,1586,74,3,9220.82,5
3964,1587,3,2,42312.76,0
3965,1587,92,1,5326.28,25
3966,1587,300,1,798.95,15
3967,1588,165,1,8791.03,10
3968,1588,65,2,29358.9,15
3969,1588,124,1,1006.99,15
3970,1588,247,1,680.91,10
3971,1588,259,1,4564.02,5
3972,1589,126,2,1471.53,20
3973,1589,286,1,9004.09,0
3974,1590,149,1,18254.0,0
3975,1590,288,1,3580.96,0
3976,1591,26,2,30494.73,10
3977,1591,208,3,582.47,15
3978,1592,290,4,5420.99,25
3979,1592,125,2,5529.59,5
3980,1592,149,1,19696.73,5
3981,1593,22,2,25329.1,0
3982,1593,233,2,184.79,0
3983,1593,57,3,14613.11,20
3984,1593,281,2,2054.65,5
3985,1594,193,1,3873.31,0
3986,1595,14,1,22339.09,5
3987,1595,279,3,2553.86,25
3988,1595,32,3,49476.11,0
3989,1596,183,1,4204.63,10
3990,1596,231,1,886.2,0
3991,1596,163,2,676.14,15
3992,1597,232,2,520.43,20
3993,1597,95,1,13230.26,0
3994,1598,135,1,1992.75,15
3995,1598,74,2,9409.9,0
3996,1599,13,2,72895.31,20
3997,1599,98,2,9986.61,5
3998,1599,187,2,4749.78,0
3999,1600,247,1,655.6,0
4000,1601,164,4,13215.93,0
4001,1601,111,3,1035.7,20
4002,1602,295,1,9174.18,15
4003,1602,88,2,4099.41,0
4004,1603,58,5,14247.56,15
4005,1604,156,3,23045.03,0
4006,1604,158,1,6994.76,15
4007,1604,282,1,1520.47,25
4008,1605,97,2,3443.47,25
4009,1606,28,1,79570.65,5
4010,1606,69,2,9189.91,5
4011,1607,141,1,1982.04,25
4012,1608,35,1,40417.63,25
4013,1609,175,3,19172.27,15
4014,1610,59,1,40780.62,25
4015,1610,80,2,2157.16,5
4016,1610,221,1,1107.84,0
4017,1610,110,1,4973.31,20
4018,1611,273,1,1287.56,10
4019,1611,90,1,12472.21,5
4020,1612,187,3,4595.97,0
4021,1612,296,2,7617.72,20
4022,1613,204,4,2409.22,15
4023,1613,82,3,7746.52,10
4024,1613,33,3,73888.51,10
4025,1613,297,1,51639.54,25
4026,1614,101,2,14822.03,0
4027,1614,232,1,530.61,10
4028,1615,182,3,2645.88,20
4029,1615,279,1,2379.49,15
4030,1615,220,2,671.6,0
4031,1616,288,3,3887.01,0
4032,1616,209,1,2426.51,20
4033,1617,173,2,10709.59,0
4034,1617,35,3,43708.07,20
4035,1617,51,2,36602.83,0
4036,1617,192,1,296.1,25
4037,1618,24,2,32824.86,20
4038,1618,280,1,7012.02,20
4039,1618,25,1,12370.35,0
4040,1619,17,1,81356.43,25
4041,1619,152,1,23504.31,0
4042,1620,81,1,6646.91,0
4043,1621,115,1,1315.75,10
4044,1621,288,1,3836.48,0
4045,1621,7,3,70100.21,15
4046,1622,50,2,16313.58,0
4047,1622,151,1,400.85,15
4048,1622,262,1,2089.56,5
4049,1622,238,2,2525.82,5
4050,1622,135,3,2210.03,5
4051,1623,151,2,435.83,0
4052,1623,293,1,12585.27,15
4053,1624,174,2,12103.98,15
4054,1624,74,1,10206.43,0
4055,1624,69,1,9259.75,10
4056,1624,282,2,1475.26,0
4057,1625,148,3,22952.28,5
4058,1626,14,2,21971.06,0
4059,1626,290,1,5346.96,15
4060,1627,200,3,1545.11,0
4061,1627,53,1,20350.75,25
4062,1627,232,1,536.79,10
4063,1628,149,1,19691.94,0
4064,1628,184,1,4105.19,10
4065,1628,140,3,3042.94,0
4066,1628,87,2,11849.46,20
4067,1629,292,3,476.7,0
4068,1629,19,1,69134.48,15
4069,1630,172,2,18991.99,25
4070,1630,62,1,43018.11,25
4071,1631,227,1,424.77,10
4072,1631,297,1,50759.88,0
4073,1631,195,1,3349.7,5
4074,1631,16,1,34878.38,15
4075,1631,206,2,2630.48,0
4076,1632,32,2,49888.78,0
4077,1632,210,1,1794.83,0
4078,1633,199,1,2013.0,0
4079,1633,289,1,3302.99,0
4080,1633,129,1,4141.36,0
4081,1633,15,2,24419.72,10
4082,1634,197,1,1459.96,25
4083,1634,299,1,45576.71,10
4084,1635,288,1,3643.66,10
4085,1635,178,2,6873.54,25
4086,1635,217,3,2489.68,0
4087,1635,103,1,9661.68,0
4088,1636,119,1,6763.89,15
4089,1637,82,1,7869.73,0
4090,1637,107,2,7412.12,25
4091,1637,104,3,7900.89,0
4092,1637,49,1,36423.87,20
4093,1638,262,2,2058.04,0
4094,1638,249,3,2090.01,5
4095,1639,89,4,9300.6,0
4096,1639,26,1,29592.54,5
4097,1639,260,3,7893.92,25
4098,1640,288,1,3600.58,15
4099,1640,51,1,40104.32,0
4100,1641,73,2,7549.2,0
4101,1641,175,2,18554.38,10
4102,1641,9,2,66012.88,0
4103,1641,8,2,13844.75,5
4104,1642,49,2,35289.65,0
4105,1642,123,1,4871.7,0
4106,1642,254,3,2042.94,25
4107,1642,253,2,5981.9,0
4108,1643,115,4,1273.26,5
4109,1643,126,1,1447.05,0
4110,1644,172,3,19075.78,25
4111,1645,284,1,1913.44,20
4112,1645,189,4,4018.62,0
4113,1645,148,1,21960.43,0
4114,1646,68,3,7322.5,20
4115,1646,138,1,4640.51,15
4116,1646,6,2,63691.48,0
4117,1646,235,3,3495.92,5
4118,1647,171,1,16542.66,20
4119,1647,23,2,17404.13,15
4120,1647,52,1,42594.64,0
4121,1647,54,3,6043.42,10
4122,1648,299,2,46518.71,15
4123,1648,143,1,6153.64,0
4124,1649,129,5,4360.06,25
4125,1649,157,3,10756.09,10
4126,1650,135,1,2043.12,10
4127,1650,197,1,1419.57,15
4128,1650,167,1,14164.51,10
4129,1651,82,2,8188.2,20
4130,1651,163,1,648.96,0
4131,1651,69,3,9829.96,0
4132,1652,43,4,9397.29,0
4133,1652,244,1,84.83,5
4134,1653,256,2,1407.82,25
4135,1653,175,1,20145.73,0
4136,1653,134,2,6921.01,0
4137,1654,129,1,4185.73,0
4138,1654,78,2,2774.93,5
4139,1654,84,1,2929.49,10
4140,1654,132,1,7064.46,25
4141,1654,60,3,10382.95,10
4142,1655,248,1,916.02,20
4143,1655,177,1,12797.53,25
4144,1655,111,4,980.52,15
4145,1655,245,1,991.38,15
4146,1656,97,2,3595.19,0
4147,1656,236,4,2232.21,0
4148,1656,188,4,1642.85,10
4149,1656,183,3,4403.85,15
4150,1657,32,2,48357.93,0
4151,1657,286,2,9347.94,10
4152,1657,268,1,1637.22,5
4153,1657,178,1,7438.97,0
4154,1658,98,2,9956.99,15
4155,1658,103,1,9982.55,5
4156,1659,289,2,3531.75,25
4157,1660,7,1,73713.74,5
4158,1661,76,1,8795.13,0
4159,1662,42,1,21195.62,10
4160,1662,236,2,2006.69,25
4161,1662,116,2,3948.15,10
4162,1662,58,1,13524.01,0
4163,1663,61,1,14782.95,20
4164,1663,70,4,43864.65,0
4165,1663,43,1,10002.63,0
4166,1663,86,1,8972.52,10
4167,1664,185,5,708.35,0
4168,1664,91,1,2246.49,5
4169,1665,290,1,5668.94,15
4170,1666,208,1,642.98,0
4171,1667,25,1,11438.21,0
4172,1667,27,1,13971.77,0
4173,1667,191,2,385.35,0
4174,1667,142,1,2891.48,25
4175,1668,13,1,75017.29,20
4176,1668,18,2,18127.92,10
4177,1669,244,2,87.3,25
4178,1669,122,4,5892.49,0
4179,1670,280,2,7731.67,5
4180,1670,138,3,4789.6,0
4181,1670,188,1,1694.12,0
4182,1671,100,5,815.28,0
4183,1672,58,1,14191.58,0
4184,1672,48,2,36599.6,0
4185,1673,195,1,3311.6,15
4186,1674,233,2,185.32,0
4187,1675,82,1,7975.76,20
4188,1675,79,1,10860.91,10
4189,1675,295,1,8829.88,0
4190,1676,48,1,39562.85,0
4191,1676,153,1,5530.54,15
4192,1677,145,1,6369.35,20
4193,1677,82,2,7832.14,20
4194,1677,105,3,7654.1,0
4195,1677,226,1,2983.89,0
4196,1677,131,1,6730.52,15
4197,1678,74,1,9977.64,10
4198,1678,151,4,403.2,10
4199,1678,88,2,4006.33,20
4200,1678,23,1,17007.3,20
4201,1679,97,1,3677.78,25
4202,1680,114,1,1157.2,15
4203,1680,36,1,1612.64,15
4204,1680,56,1,39490.77,15
4205,1680,220,1,648.64,0
4206,1681,12,2,9431.46,25
4207,1682,32,3,45448.23,5
4208,1682,269,1,5299.83,15
4209,1682,213,3,1146.69,5
4210,1683,165,2,8624.93,25
4211,1683,135,2,2158.53,25
4212,1684,179,4,2155.1,0
4213,1684,150,2,17437.55,5
4214,1685,86,1,9343.25,25
4215,1685,245,3,942.18,0
4216,1686,232,4,551.49,5
4217,1686,268,1,1712.77,15
4218,1686,221,2,1176.56,20
4219,1686,247,4,679.25,10
4220,1687,56,2,43060.89,10
4221,1687,114,1,1120.41,0
4222,1688,88,1,3814.08,0
4223,1688,111,2,1039.81,15
4224,1689,198,3,1780.54,25
4225,1689,98,1,9364.54,5
4226,1689,163,3,628.29,5
4227,1689,38,1,45287.8,0
4228,1690,160,3,1131.29,0
4229,1691,247,3,689.5,0
4230,1691,81,2,6675.36,25
4231,1691,289,1,3625.4,20
4232,1692,114,3,1146.33,0
4233,1692,79,4,10434.09,5
4234,1692,269,3,5318.59,25
4235,1693,236,1,2069.2,25
4236,1694,283,2,4244.07,5
4237,1694,239,4,1818.99,20
4238,1694,244,3,86.71,25
4239,1695,87,1,11849.79,0
4240,1695,252,1,791.04,25
4241,1696,27,2,14086.85,0
4242,1696,1,2,24970.86,20
4243,1697,37,1,42099.88,15
4244,1697,279,2,2502.99,0
4245,1698,32,3,45846.28,0
4246,1699,68,2,7243.91,5
4247,1699,60,3,11494.88,0
4248,1699,87,1,11745.7,0
4249,1700,40,2,27645.3,0
4250,1701,290,2,5416.6,20
4251,1701,101,3,14069.42,25
4252,1701,138,3,4332.68,0
4253,1702,157,1,11235.77,20
4254,1702,41,1,38678.67,0
4255,1703,186,1,2552.2,15
4256,1703,58,2,13755.15,20
4257,1703,291,1,5741.69,25
4258,1704,80,3,2114.66,10
4259,1705,200,1,1411.72,10
4260,1705,162,4,15783.65,0
4261,1705,168,3,2909.09,0
4262,1706,135,2,2200.01,15
4263,1706,269,1,5394.28,10
4264,1706,26,1,28702.28,0
4265,1706,170,1,20776.33,15
4266,1707,60,2,11106.4,10
4267,1708,255,3,427.63,0
4268,1708,64,1,40353.94,0
4269,1709,67,1,17000.62,25
4270,1709,8,1,13770.35,25
4271,1709,121,1,1541.48,0
4272,1710,251,2,3163.31,5
4273,1711,23,1,17421.97,20
4274,1711,154,1,9943.33,20
4275,1711,222,1,1078.39,0
4276,1712,223,1,3000.06,0
4277,1712,160,5,1134.46,15
4278,1712,36,3,1630.66,15
4279,1712,22,2,27401.84,10
4280,1713,177,1,13661.5,25
4281,1713,240,1,1192.3,0
4282,1713,237,1,3014.52,5
4283,1713,61,2,14050.78,25
4284,1714,75,2,13078.85,15
4285,1714,89,1,9902.07,10
4286,1714,240,1,1284.74,10
4287,1715,157,3,10288.06,0
4288,1715,176,1,18679.85,10
4289,1715,141,1,2067.64,10
4290,1715,31,1,48215.66,0
4291,1715,97,5,3461.63,5
4292,1716,171,1,16794.66,0
4293,1716,126,5,1550.72,20
4294,1717,248,2,946.26,5
4295,1717,189,3,4309.52,0
4296,1717,156,1,22372.21,25
4297,1717,77,2,7973.74,0
4298,1718,234,3,3520.66,0
4299,1718,247,4,666.54,0
4300,1718,5,2,52329.1,5
4301,1718,51,1,37655.32,10
4302,1719,38,1,46997.52,20
4303,1720,296,1,7577.95,25
4304,1720,33,3,76420.76,15
4305,1721,71,1,23764.63,0
4306,1721,62,1,43978.52,10
4307,1721,190,1,1391.06,0
4308,1721,33,1,75203.66,0
4309,1722,172,1,18721.48,20
4310,1722,204,2,2397.3,0
4311,1722,290,1,5471.42,0
4312,1723,228,1,248.72,0
4313,1723,214,1,941.86,25
4314,1723,116,5,3997.01,10
4315,1723,52,3,46766.77,20
4316,1724,150,1,16544.54,10
4317,1724,69,2,10134.74,10
4318,1724,114,4,1178.22,5
4319,1725,260,1,8463.9,15
4320,1725,33,3,80866.84,15
4321,1725,212,2,732.27,10
4322,1725,255,1,419.78,10
4323,1726,173,2,11916.85,25
4324,1726,69,3,9338.75,10
4325,1727,235,2,3686.01,0
4326,1727,289,1,3564.95,15
4327,1728,152,2,23705.22,0
4328,1728,14,1,20256.84,10
4329,1729,205,2,811.86,25
4330,1729,61,2,15080.46,15
4331,1729,57,1,14723.7,0
4332,1730,226,1,2812.97,20
4333,1730,280,2,7718.11,5
4334,1730,195,1,3273.13,5
4335,1731,5,2,52923.97,15
4336,1731,17,3,81749.37,15
4337,1731,66,1,14557.89,25
4338,1731,178,2,6981.88,0
4339,1732,81,2,6891.91,0
4340,1732,160,1,1226.41,0
4341,1732,186,1,2434.33,25
4342,1732,272,1,3186.5,5
4343,1733,151,2,402.12,0
4344,1733,289,1,3479.94,10
4345,1734,254,1,1979.82,0
4346,1734,281,1,2142.5,5
4347,1735,263,1,7703.12,15
4348,1735,300,2,772.7,0
4349,1736,82,1,8107.85,10
4350,1736,248,1,926.56,0
4351,1737,79,2,10623.76,20
4352,1737,1,2,26525.53,25
4353,1738,79,1,10266.6,20
4354,1738,242,2,1418.1,0
4355,1738,247,2,672.92,15
4356,1739,197,1,1403.74,0
4357,1740,280,2,7237.01,0
4358,1740,161,1,2470.39,5
4359,1740,203,1,1105.58,0
4360,1740,266,1,7460.79,15
4361,1740,169,1,21870.21,20
4362,1741,65,1,28730.25,0
4363,1741,51,2,39872.75,20
4364,1741,266,1,7332.28,15
4365,1742,282,1,1508.99,20
4366,1742,167,3,13976.56,5
4367,1742,88,2,3794.41,25
4368,1743,124,1,995.98,10
4369,1743,264,2,2705.44,10
4370,1743,225,4,920.0,0
4371,1744,150,3,17276.95,25
4372,1744,173,2,11302.89,10
4373,1745,151,3,435.16,15
4374,1746,257,1,1087.57,15
4375,1746,108,1,1395.9,5
4376,1746,50,2,15806.84,15
4377,1746,206,1,2627.08,20
4378,1747,29,5,41908.32,15
4379,1747,233,1,188.69,20
4380,1748,23,2,17375.47,0
4381,1748,198,2,1740.94,0
4382,1749,25,2,11968.77,15
4383,1749,216,3,4468.64,0
4384,1750,131,1,6538.8,10
4385,1750,255,1,414.37,0
4386,1751,134,1,6393.84,5
4387,1751,101,1,14630.92,20
4388,1751,292,1,447.71,0
4389,1752,80,1,2147.62,5
4390,1752,4,2,10879.52,5
4391,1752,263,2,8183.72,0
4392,1753,290,2,5713.01,5
4393,1753,49,2,37950.35,25
4394,1754,66,1,15647.66,0
4395,1754,50,1,16111.85,20
4396,1754,212,2,687.28,0
4397,1754,171,4,16878.04,25
4398,1755,164,1,13676.27,0
4399,1755,65,1,28633.91,5
4400,1755,211,1,4351.04,20
4401,1756,173,1,10966.78,25
4402,1756,42,3,22054.31,0
4403,1756,250,1,2575.68,25
4404,1756,251,2,3137.52,0
4405,1757,177,4,13077.84,15
4406,1757,176,1,20359.94,0
4407,1757,127,1,7060.64,20
4408,1758,173,1,10843.27,0
4409,1758,57,1,14769.57,10
4410,1758,197,2,1341.29,0
4411,1759,100,1,843.84,0
4412,1759,148,1,22586.53,0
4413,1760,160,1,1153.85,10
4414,1760,213,1,1064.42,10
4415,1760,259,2,4424.54,25
4416,1761,286,1,8556.99,15
4417,1761,91,3,2171.6,25
4418,1762,144,2,3769.83,5
4419,1762,21,1,54249.99,15
4420,1762,180,1,9009.89,20
4421,1762,30,1,68330.14,20
4422,1762,112,2,4520.1,25
4423,1763,151,1,410.81,0
4424,1763,246,1,1586.2,5
4425,1763,252,1,779.32,0
4426,1764,235,2,3741.73,25
4427,1764,70,1,41038.85,20
4428,1765,22,2,27456.29,5
4429,1765,216,1,4292.13,25
4430,1765,256,1,1360.17,0
4431,1766,287,1,1692.42,0
4432,1767,58,5,13234.52,0
4433,1767,267,1,4097.22,10
4434,1767,96,1,14115.97,15
4435,1768,262,2,1942.78,25
4436,1768,94,1,2599.28,0
4437,1768,245,3,983.22,5
4438,1769,6,1,65039.19,20
4439,1770,50,1,16903.33,25
4440,1770,257,2,1073.82,25
4441,1770,137,2,1595.12,10
4442,1771,257,2,1102.07,25
4443,1771,252,2,749.31,0
4444,1772,45,3,655.15,10
4445,1772,235,1,3709.77,0
4446,1773,91,1,2178.65,5
4447,1773,116,4,4221.66,20
4448,1773,293,1,13320.93,10
4449,1773,182,1,2370.44,0
4450,1774,170,3,22395.13,10
4451,1774,31,1,44875.42,0
4452,1774,117,1,286.91,20
4453,1774,26,1,28180.42,5
4454,1775,92,1,5398.47,20
4455,1775,289,1,3531.64,20
4456,1776,37,2,46321.8,0
4457,1776,16,2,34838.07,0
4458,1776,277,1,6041.03,20
4459,1776,139,2,5096.9,0
4460,1777,291,1,5771.37,5
4461,1777,230,1,378.97,20
4462,1777,211,2,4805.94,5
4463,1778,62,2,42317.17,15
4464,1778,177,1,13831.97,0
4465,1778,102,3,4218.03,0
4466,1778,263,2,7955.04,0
4467,1778,98,1,10384.27,0
4468,1779,144,1,3932.66,0
4469,1779,54,3,6228.03,5
4470,1779,231,1,900.99,0
4471,1779,17,1,82792.44,25
4472,1780,263,2,8092.8,20
4473,1781,39,2,46106.08,25
4474,1782,151,1,434.87,25
4475,1782,73,1,7571.08,0
4476,1782,91,1,2130.14,0
4477,1783,173,1,10805.48,0
4478,1783,11,1,17603.28,10
4479,1783,252,2,778.07,20
4480,1783,291,2,6328.1,15
4481,1784,203,1,1071.14,10
4482,1785,27,1,14451.04,20
4483,1785,218,2,3136.61,5
4484,1786,191,1,410.3,25
4485,1786,230,1,355.16,5
4486,1787,45,1,674.22,25
4487,1787,253,2,5754.44,0
4488,1787,195,2,3363.04,20
4489,1787,245,2,964.28,10
4490,1788,227,5,406.89,5
4491,1788,259,1,4870.44,5
4492,1789,255,1,419.44,10
4493,1789,257,1,1110.66,10
4494,1789,21,2,50779.17,20
4495,1790,156,1,22473.66,5
4496,1790,262,2,1918.57,0
4497,1791,284,3,1986.25,25
4498,1792,106,1,7140.93,25
4499,1793,147,1,3229.43,20
4500,1793,168,3,2764.39,0
4501,1794,215,1,3484.01,0
4502,1794,148,1,22238.72,15
4503,1795,190,1,1453.83,5
4504,1795,10,2,22249.03,0
4505,1795,133,2,2937.0,15
4506,1795,39,1,45881.52,25
4507,1795,71,1,22098.75,0
4508,1796,218,1,3215.68,25
4509,1796,217,1,2342.32,0
4510,1796,91,3,2283.36,0
4511,1797,36,1,1502.95,20
4512,1797,32,1,48710.23,5
4513,1798,200,2,1511.1,5
4514,1798,245,2,951.17,5
4515,1798,126,1,1452.55,5
4516,1799,220,2,676.58,20
4517,1799,284,2,2074.22,0
4518,1800,63,1,33014.91,20
4519,1800,230,4,356.71,20
4520,1801,73,1,7242.92,5
4521,1801,128,1,905.55,5
4522,1802,185,2,714.96,20
4523,1802,69,4,9441.41,20
4524,1802,59,1,38758.51,5
4525,1803,91,1,2084.45,0
4526,1803,180,1,8936.91,0
4527,1803,30,2,72066.06,25
4528,1803,278,1,6862.67,25
4529,1804,276,2,4961.72,0
4530,1804,212,5,682.65,25
4531,1804,227,1,413.47,5
4532,1804,118,1,7280.76,25
4533,1805,218,4,3031.25,0
4534,1805,81,1,6694.09,0
4535,1806,285,1,7103.45,0
4536,1806,242,2,1338.09,0
4537,1807,210,1,1744.42,0
4538,1807,202,1,4146.55,25
4539,1807,42,1,21801.87,5
4540,1808,179,3,2161.92,15
4541,1808,244,1,83.59,10
4542,1808,76,3,9115.87,15
4543,1809,5,2,52181.61,20
4544,1809,14,1,21895.51,0
4545,1810,138,4,4345.63,10
4546,1810,161,2,2332.92,25
4547,1810,9,2,64867.09,25
4548,1811,116,4,4017.95,20
4549,1811,147,3,3202.68,20
4550,1812,32,1,49212.01,25
4551,1813,77,1,8310.25,20
4552,1813,83,2,11770.97,15
4553,1814,122,1,5455.25,15
4554,1814,18,2,19183.36,25
4555,1814,6,3,68086.6,25
4556,1814,76,2,9305.7,5
4557,1815,20,1,59493.75,20
4558,1815,164,2,13798.96,0
4559,1815,56,4,41470.06,0
4560,1815,130,1,5614.83,0
4561,1816,4,1,10953.31,0
4562,1816,28,4,80631.07,15
4563,1817,113,3,1955.91,15
4564,1817,300,4,778.08,5
4565,1817,81,1,6585.52,10
4566,1817,74,1,9216.33,15
4567,1818,229,2,3756.94,0
4568,1818,206,1,2544.48,20
4569,1818,289,2,3483.1,0
4570,1819,179,2,2173.38,0
4571,1819,223,3,3035.57,5
4572,1820,58,3,13963.84,25
4573,1820,33,1,79403.38,0
4574,1821,98,5,10066.66,5
4575,1822,75,1,13100.5,20
4576,1822,36,1,1558.96,5
4577,1822,142,1,2991.9,10
4578,1822,161,1,2288.28,15
4579,1823,197,3,1398.55,5
4580,1824,293,2,12160.41,15
4581,1824,50,2,16418.83,20
4582,1824,77,1,8484.14,0
4583,1825,140,2,2833.95,20
4584,1825,8,1,13128.16,0
4585,1826,96,2,13552.88,25
4586,1826,256,1,1385.34,15
4587,1826,27,1,13594.0,0
4588,1827,25,2,12772.99,10
4589,1827,191,2,419.17,15
4590,1827,201,1,3236.24,5
4591,1827,4,3,10270.85,20
4592,1828,193,3,3957.34,0
4593,1828,222,5,1107.9,15
4594,1828,29,2,44405.01,20
4595,1829,276,1,5142.49,5
4596,1829,295,2,9554.08,10
4597,1830,116,1,4131.46,0
4598,1830,237,2,2875.29,0
4599,1831,291,2,6299.53,0
4600,1832,14,1,22125.26,25
4601,1832,71,1,23319.26,10
4602,1832,234,1,3444.05,5
4603,1833,52,1,45100.13,0
4604,1834,214,2,931.44,25
4605,1835,283,2,4596.64,5
4606,1835,56,1,43293.95,5
4607,1836,135,1,2014.52,25
4608,1837,7,1,68807.81,5
4609,1837,107,2,7192.01,25
4610,1838,79,1,10371.8,20
4611,1838,187,1,4692.97,15
4612,1839,21,3,53711.81,15
4613,1839,17,4,86687.18,5
4614,1839,26,2,28954.79,15
4615,1839,185,3,677.17,0
4616,1840,139,1,4927.11,0
4617,1840,114,4,1171.29,10
4618,1840,279,2,2479.31,0
4619,1840,171,2,17739.48,0
4620,1841,59,1,39706.46,15
4621,1841,152,1,22472.7,0
4622,1842,209,3,2376.68,0
4623,1843,201,1,3526.65,15
4624,1843,220,2,652.54,20
4625,1843,275,1,1757.47,25
4626,1843,284,1,1976.71,15
4627,1844,24,1,35186.77,0
4628,1844,87,1,11691.16,0
4629,1844,118,3,7130.11,20
4630,1845,138,3,4628.75,0
4631,1845,262,2,2006.66,10
4632,1846,83,2,12215.89,15
4633,1846,281,2,1937.53,15
4634,1847,103,1,9317.62,5
4635,1847,45,1,619.49,0
4636,1847,185,4,745.04,0
4637,1848,149,1,18804.11,5
4638,1848,244,1,86.27,5
4639,1849,57,1,14659.04,20
4640,1849,248,2,936.93,15
4641,1849,195,2,3274.16,10
4642,1850,62,2,44155.95,10
4643,1850,111,1,1007.7,25
4644,1850,161,1,2482.13,5
4645,1851,78,1,2665.11,20
4646,1851,295,1,9099.9,0
4647,1851,215,1,3332.16,5
4648,1852,135,1,2095.7,15
4649,1852,77,1,8200.57,0
4650,1852,169,1,22757.94,0
4651,1853,222,1,1062.69,0
4652,1853,122,4,5910.37,0
4653,1854,25,2,11569.8,10
4654,1854,195,1,3521.73,25
4655,1854,129,2,4201.26,0
4656,1855,185,1,680.59,20
4657,1856,56,1,41275.37,5
4658,1856,195,1,3482.7,10
4659,1856,153,1,5708.98,5
4660,1856,40,1,26857.17,0
4661,1857,3,1,44975.21,25
4662,1858,154,1,9395.53,10
4663,1858,177,2,13475.98,15
4664,1858,53,1,20507.73,25
4665,1859,197,1,1372.59,0
4666,1859,282,3,1485.29,10
4667,1859,19,1,73132.1,0
4668,1859,240,1,1240.12,0
4669,1860,87,1,10690.35,10
4670,1860,101,2,13987.55,10
4671,1860,12,1,9404.11,0
4672,1860,17,1,80020.82,15
4673,1861,64,1,42745.3,5
4674,1861,25,1,11448.69,25
4675,1861,262,2,2003.34,0
4676,1862,234,2,3271.23,20
4677,1862,94,2,2483.25,10
4678,1862,86,3,8954.96,20
4679,1862,106,3,7108.06,0
4680,1863,120,1,4928.72,0
4681,1863,183,1,4429.63,15
4682,1864,106,4,7503.89,15
4683,1864,27,3,14884.01,25
4684,1865,157,2,10676.17,20
4685,1865,190,1,1458.41,20
4686,1865,50,3,16763.62,25
4687,1865,100,1,795.05,0
4688,1866,46,1,39280.6,10
4689,1866,133,1,2691.41,0
4690,1866,125,2,5344.27,20
4691,1867,26,2,30942.29,0
4692,1867,81,1,6543.66,0
4693,1868,295,1,9136.45,5
4694,1868,94,1,2522.85,5
4695,1869,164,1,14101.95,0
4696,1869,294,1,26586.23,25
4697,1870,249,1,1985.63,25
4698,1870,165,1,8575.81,15
4699,1871,264,3,2663.93,15
4700,1872,104,1,7541.59,25
4701,1872,275,1,1596.59,0
4702,1872,97,1,3426.34,0
4703,1872,220,1,683.58,25
4704,1872,252,1,726.69,10
4705,1873,155,1,12856.03,15
4706,1874,170,1,21407.13,5
4707,1874,233,2,192.15,5
4708,1875,66,1,14694.14,0
4709,1875,186,2,2389.98,15
4710,1875,78,2,2799.07,15
4711,1876,33,1,77523.09,10
4712,1877,216,4,4462.99,0
4713,1877,11,4,18011.57,0
4714,1877,222,4,1090.41,15
4715,1878,54,2,6137.1,0
4716,1878,9,1,63888.3,0
4717,1879,53,2,19239.46,15
4718,1880,55,1,3239.82,15
4719,1880,92,3,5228.66,0
4720,1880,50,4,16199.09,5
4721,1880,214,2,962.0,0
4722,1880,263,1,7893.12,5
4723,1881,55,1,3483.61,20
4724,1881,173,1,11805.81,25
4725,1881,19,2,75513.88,0
4726,1881,137,2,1617.92,0
4727,1882,217,1,2396.43,0
4728,1882,275,2,1655.76,15
4729,1883,138,2,4333.17,5
4730,1883,213,2,1126.62,5
4731,1884,175,1,19432.33,5
4732,1885,281,1,1991.24,15
4733,1886,287,2,1664.36,0
4734,1887,4,1,10553.42,5
4735,1887,94,1,2565.57,20
4736,1887,111,2,1068.41,15
4737,1888,288,1,3885.73,20
4738,1889,290,4,5983.27,0
4739,1889,112,3,4735.25,10
4740,1889,269,2,5358.06,25
4741,1890,61,1,14848.8,0
4742,1890,89,1,9418.18,15
4743,1891,254,2,1966.09,5
4744,1891,168,3,2992.22,5
4745,1892,104,3,7270.78,20
4746,1892,85,1,10625.9,20
4747,1893,273,1,1276.19,0
4748,1893,189,3,4042.95,20
4749,1893,277,1,6410.53,0
4750,1893,138,1,4629.7,25
4751,1894,207,2,1301.48,5
4752,1894,187,1,4591.9,25
4753,1895,24,2,35472.97,0
4754,1895,105,1,7733.22,0
4755,1896,280,2,7517.25,5
4756,1896,297,5,51356.33,10
4757,1896,170,1,22360.76,5
4758,1897,291,1,5894.09,0
4759,1898,281,1,2021.36,0
4760,1899,263,1,7900.85,0
4761,1899,56,1,42789.25,10
4762,1899,283,2,4272.54,15
4763,1900,286,2,9138.43,10
4764,1900,179,1,2069.02,0
4765,1900,8,4,13703.76,5
4766,1901,131,1,6773.95,25
4767,1901,37,1,45078.33,5
4768,1901,94,2,2602.11,0
4769,1902,109,1,1539.29,10
4770,1902,204,1,2505.04,25
4771,1903,142,1,2857.52,20
4772,1903,71,2,22228.91,0
4773,1904,222,3,1034.08,0
4774,1904,258,2,4233.66,0
4775,1905,197,1,1457.49,0
4776,1906,275,1,1582.92,25
4777,1906,21,2,50344.32,20
4778,1906,250,2,2642.43,0
4779,1907,163,1,641.12,0
4780,1907,40,1,25381.8,15
4781,1907,39,3,43361.98,25
4782,1907,241,1,88.29,10
4783,1908,121,2,1482.82,15
4784,1908,240,1,1176.83,0
4785,1908,246,1,1563.43,5
4786,1908,177,1,12485.08,5
4787,1909,96,3,13619.51,25
4788,1909,173,2,11875.33,0
4789,1909,196,1,1941.25,0
4790,1909,295,4,8967.93,20
4791,1910,149,2,19640.47,0
4792,1910,277,1,6276.71,5
4793,1911,155,3,12140.85,0
4794,1912,160,1,1145.35,15
4795,1912,292,1,491.28,20
4796,1912,61,1,13908.34,20
4797,1912,127,1,7159.93,5
4798,1912,39,1,45920.71,10
4799,1913,95,2,12261.42,0
4800,1913,264,3,2628.12,10
4801,1914,165,3,8769.06,5
4802,1914,96,2,13899.33,20
4803,1915,225,1,924.41,5
4804,1915,234,1,3232.1,25
4805,1916,199,1,2237.18,10
4806,1917,101,4,14883.02,0
4807,1918,21,1,56140.37,5
4808,1918,80,1,2284.82,15
4809,1919,205,1,781.91,0
4810,1920,138,3,4660.64,0
4811,1920,293,1,12957.67,20
4812,1920,59,1,42070.88,10
4813,1920,130,1,5600.36,0
4814,1920,53,1,20729.74,10
4815,1921,146,1,17301.43,25
4816,1921,104,2,7616.44,10
4817,1921,199,1,2159.14,0
4818,1922,264,2,2430.03,0
4819,1922,210,2,1671.44,0
4820,1923,288,4,3833.0,25
4821,1923,282,1,1505.95,20
4822,1924,248,1,877.69,10
4823,1924,62,2,45016.68,15
4824,1924,291,1,6166.07,15
4825,1925,64,2,44107.91,10
4826,1925,213,2,1065.77,0
4827,1926,215,3,3457.59,25
4828,1926,264,2,2635.02,0
4829,1927,44,2,8290.6,0
4830,1927,6,2,64846.43,0
4831,1928,98,4,9805.23,0
4832,1928,81,3,6903.73,0
4833,1928,173,1,10721.98,0
4834,1929,114,1,1117.52,25
4835,1929,147,1,3278.55,0
4836,1929,248,3,936.14,15
4837,1929,37,2,45776.77,0
4838,1930,72,1,3415.15,0
4839,1930,79,2,10181.46,0
4840,1930,19,1,73592.12,15
4841,1931,62,4,43890.7,25
4842,1932,241,3,88.98,0
4843,1932,125,1,5682.65,20
4844,1932,278,5,7240.23,0
4845,1933,4,2,10429.14,20
4846,1933,283,3,4502.65,20
4847,1934,156,2,23838.69,20
4848,1934,131,1,6664.98,0
4849,1935,80,1,2218.41,10
4850,1935,12,3,9817.79,0
4851,1935,196,2,1898.69,0
4852,1935,271,1,2364.03,0
4853,1936,6,2,65953.73,5
4854,1937,112,3,4709.73,0
4855,1937,300,2,754.54,25
4856,1937,62,2,42048.73,5
4857,1937,149,1,18871.1,0
4858,1938,144,1,3989.18,0
4859,1938,293,1,13276.34,0
4860,1938,174,2,12418.88,0
4861,1938,28,1,82054.75,10
4862,1938,145,2,6123.39,20
4863,1939,194,2,2737.02,20
4864,1940,140,2,3077.62,0
4865,1940,30,4,70171.57,20
4866,1940,267,1,3798.52,0
4867,1940,270,1,1978.99,15
4868,1941,151,1,418.77,0
4869,1941,40,1,27525.35,15
4870,1942,63,1,33037.99,5
4871,1942,168,2,2722.27,20
4872,1942,66,1,15045.3,0
4873,1943,61,1,14587.13,25
4874,1943,211,1,4393.52,0
4875,1943,145,2,6115.43,0
4876,1943,143,3,6146.56,0
4877,1943,223,4,2936.16,15
4878,1944,51,2,40596.83,0
4879,1944,283,1,4318.04,0
4880,1944,189,1,4372.3,5
4881,1945,204,2,2274.65,10
4882,1945,261,4,7638.85,0
4883,1945,84,2,3012.11,5
4884,1945,262,3,2008.27,20
4885,1946,74,1,9736.8,0
4886,1946,232,1,559.53,10
4887,1947,263,1,8214.78,5
4888,1947,236,1,2166.33,25
4889,1947,46,2,37130.88,0
4890,1947,280,1,7691.69,10
4891,1948,1,1,27514.99,0
4892,1948,285,4,6962.28,0
4893,1949,262,2,2112.93,10
4894,1949,89,2,9126.3,10
4895,1949,160,1,1169.73,10
4896,1950,168,2,2766.55,0
4897,1951,47,2,10520.9,5
4898,1951,232,1,527.12,0
4899,1951,215,1,3374.11,0
4900,1952,102,1,4156.09,20
4901,1952,23,1,16088.03,0
4902,1952,110,1,5337.4,10
4903,1953,160,4,1163.85,0
4904,1953,276,2,5122.26,0
4905,1953,70,2,41752.59,20
4906,1953,16,2,33420.84,10
4907,1954,132,1,7279.03,10
4908,1954,29,1,43253.07,0
4909,1955,293,2,12666.6,0
4910,1955,210,2,1744.92,20
4911,1955,101,1,14428.58,10
4912,1956,151,2,403.69,5
4913,1956,57,1,14537.95,0
4914,1956,245,1,960.28,20
4915,1957,270,1,2079.13,0
4916,1957,193,2,3941.75,5
4917,1958,263,1,8364.2,15
4918,1958,129,2,4075.32,0
4919,1958,27,3,13856.49,15
4920,1958,157,1,11362.71,10
4921,1959,220,1,664.29,25
4922,1960,235,2,3832.16,0
4923,1961,72,1,3632.48,0
4924,1961,20,2,57916.38,5
4925,1961,254,2,2004.97,25
4926,1961,10,2,23356.42,20
4927,1962,174,1,11846.42,0
4928,1963,122,1,5897.49,10
4929,1963,97,2,3713.99,20
4930,1964,221,2,1193.19,5
4931,1965,130,4,5135.58,25
4932,1965,105,2,7424.84,0
4933,1965,144,2,3623.83,5
4934,1966,299,2,45345.73,0
4935,1966,279,1,2294.74,25
4936,1967,216,3,4559.31,0
4937,1967,177,1,12900.67,15
4938,1967,284,1,2061.73,0
4939,1967,159,3,12643.01,25
4940,1968,24,2,34003.94,0
4941,1969,237,1,2831.38,0
4942,1969,289,2,3551.37,0
4943,1969,4,2,10442.03,20
4944,1970,272,1,3327.98,20
4945,1970,277,1,6307.65,20
4946,1970,97,4,3645.91,25
4947,1970,195,3,3317.15,25
4948,1971,211,2,4775.31,0
4949,1971,293,2,12983.06,15
4950,1972,277,2,6004.46,0
4951,1972,237,1,3042.99,25
4952,1972,279,2,2410.65,15
4953,1972,46,1,37919.96,25
4954,1973,174,1,11447.17,10
4955,1973,21,3,53462.5,20
4956,1974,189,1,4440.27,0
4957,1974,13,4,73430.85,25
4958,1975,143,3,5644.34,0
4959,1976,124,1,990.83,10
4960,1977,90,2,13695.74,10
4961,1977,280,1,7333.44,10
4962,1978,224,2,719.78,0
4963,1978,101,1,14432.07,25
4964,1979,120,1,4640.96,10
4965,1979,25,1,12303.75,10
4966,1979,257,3,1026.9,0
4967,1979,293,3,13494.14,0
4968,1980,165,1,8662.95,5
4969,1980,152,1,23615.66,0
4970,1980,199,2,2026.24,10
4971,1980,288,1,3669.08,25
4972,1981,295,1,8696.33,0
4973,1982,180,2,8471.74,25
4974,1982,207,2,1277.84,0
4975,1983,18,1,19306.68,15
4976,1983,73,1,6860.78,0
4977,1983,270,2,2046.04,0
4978,1983,14,1,22293.93,20
4979,1983,178,2,6837.94,15
4980,1984,81,1,7135.14,0
4981,1984,255,1,388.74,15
4982,1984,191,2,387.73,5
4983,1985,12,1,9274.44,5
4984,1985,165,2,8879.93,0
4985,1985,100,4,832.85,0
4986,1986,111,1,1040.23,5
4987,1987,73,3,7185.08,25
4988,1987,117,2,281.3,20
4989,1987,239,1,1913.43,5
4990,1987,247,3,660.51,10
4991,1988,80,2,2190.34,0
4992,1988,215,3,3307.57,25
4993,1989,147,1,3249.46,15
4994,1989,224,1,677.44,0
4995,1989,177,2,13314.04,10
4996,1989,272,1,3320.94,10
4997,1990,66,4,14362.63,15
4998,1990,287,1,1707.86,25
4999,1991,107,1,7486.3,5
5000,1991,168,1,2897.39,10
5001,1991,56,1,43275.45,25
5002,1991,45,1,643.7,20
5003,1991,282,2,1496.45,0
5004,1992,10,1,23274.27,0
5005,1992,99,1,6070.58,20
5006,1992,35,4,43858.02,20
5007,1992,269,1,5297.66,10
5008,1992,275,2,1614.44,0
5009,1993,16,1,36306.09,20
5010,1993,167,1,14652.77,20
5011,1994,209,1,2459.58,15
5012,1994,170,2,21020.16,0
5013,1995,151,3,428.28,5
5014,1996,65,2,28145.14,20
5015,1996,257,2,1048.15,0
5016,1996,248,4,873.32,20
5017,1997,53,2,20147.06,25
5018,1997,254,1,2100.6,15
5019,1997,8,1,13974.77,0
5020,1997,180,1,8387.14,0
5021,1998,198,1,1806.24,15
5022,1998,192,2,302.31,5
5023,1999,59,1,42125.72,0
5024,1999,195,1,3478.21,0
5025,1999,279,1,2459.81,0
5026,1999,123,1,4446.6,10
5027,2000,27,1,14903.77,15
5028,2000,17,3,83179.92,25
5029,2000,274,2,5582.88,5
5030,2001,93,1,10203.91,5
5031,2002,34,2,27271.92,5
5032,2003,298,2,45463.8,0
5033,2003,135,2,2068.29,25
5034,2004,296,3,7260.59,15
5035,2004,233,1,183.6,5
5036,2005,74,3,9552.85,10
5037,2005,133,1,2842.36,0
5038,2006,195,2,3321.64,5
5039,2006,205,4,810.05,0
5040,2006,15,4,25579.67,20
5041,2007,170,4,21609.31,25
5042,2007,258,1,4100.02,10
5043,2007,273,1,1407.53,5
5044,2008,272,2,3406.04,0
5045,2009,89,2,9849.66,0
5046,2009,235,2,3481.17,0
5047,2009,157,1,10297.85,0
5048,2010,50,2,16381.01,0
5049,2010,71,1,22668.86,0
5050,2011,56,2,39832.85,5
5051,2011,199,1,2008.29,25
5052,2012,191,2,413.69,5
5053,2012,40,1,27856.72,20
5054,2013,124,1,1018.28,10
5055,2014,219,4,2346.91,10
5056,2014,240,1,1303.58,5
5057,2015,32,3,50661.61,0
5058,2016,119,4,7020.14,10
5059,2016,279,1,2476.93,25
5060,2017,183,1,4116.07,20
5061,2017,281,3,1987.63,15
5062,2018,215,1,3219.19,0
5063,2018,280,2,7742.96,0
5064,2018,77,1,8831.16,5
5065,2019,87,1,10820.45,0
5066,2019,106,1,7470.68,15
5067,2019,11,1,18862.53,25
5068,2020,235,1,3736.76,15
5069,2020,256,1,1440.82,25
5070,2020,96,1,13909.26,25
5071,2020,154,1,9257.78,0
5072,2021,213,3,1051.62,0
5073,2021,270,1,2012.85,10
5074,2022,220,2,655.94,20
5075,2022,119,2,6685.76,5
5076,2023,7,1,69844.9,15
5077,2023,294,2,27887.35,20
5078,2023,8,1,12945.87,25
5079,2024,96,2,13914.62,20
5080,2024,252,1,718.23,0
5081,2025,282,2,1534.9,0
5082,2026,223,4,3058.25,10
5083,2026,213,2,1086.3,20
5084,2027,161,2,2433.19,0
5085,2027,297,2,48780.76,10
5086,2027,2,1,87701.76,5
5087,2028,74,2,9984.71,0
5088,2028,97,1,3406.04,0
5089,2029,261,4,7211.69,0
5090,2029,242,1,1448.76,15
5091,2029,3,1,45860.65,0
5092,2029,23,2,16531.93,15
5093,2030,26,2,27964.32,20
5094,2030,271,1,2365.65,0
5095,2031,8,3,12936.64,25
5096,2031,48,3,39552.39,0
5097,2031,147,2,3304.63,5
5098,2031,241,2,92.34,20
5099,2032,207,2,1367.28,15
5100,2032,264,1,2553.39,0
5101,2033,101,1,13403.56,15
5102,2034,157,3,10668.27,20
5103,2035,103,4,9856.59,15
5104,2035,65,1,29334.72,0
5105,2035,238,2,2638.52,10
5106,2035,32,2,48746.78,15
5107,2036,154,2,9417.57,20
5108,2036,196,2,1946.72,10
5109,2037,62,1,43297.78,0
5110,2037,143,1,6215.08,0
5111,2038,57,1,14354.37,25
5112,2038,109,2,1490.9,25
5113,2038,228,1,265.05,5
5114,2038,135,4,2010.93,5
5115,2039,219,2,2159.2,5
5116,2039,85,2,10425.52,0
5117,2040,142,1,2942.75,15
5118,2041,216,1,4450.5,0
5119,2041,224,1,723.42,0
5120,2042,63,2,30861.08,5
5121,2042,272,2,3342.39,5
5122,2042,196,4,1857.89,0
5123,2042,84,1,2940.03,20
5124,2043,116,2,3891.31,0
5125,2043,45,2,638.26,15
5126,2043,164,1,12915.3,5
5127,2043,178,1,7560.15,5
5128,2043,180,2,8857.81,5
5129,2044,276,1,4909.0,15
5130,2044,144,1,3911.54,0
5131,2045,188,3,1646.86,10
5132,2045,153,1,5459.0,20
5133,2046,166,1,15503.25,25
5134,2046,233,1,191.22,25
5135,2046,24,2,31943.41,20
5136,2047,206,1,2758.71,25
5137,2047,23,1,16989.41,5
5138,2048,20,2,59542.51,0
5139,2049,247,1,698.53,0
5140,2049,240,1,1167.86,0
5141,2049,161,2,2415.16,20
5142,2050,185,1,742.4,0
5143,2051,285,1,7255.75,0
5144,2052,247,1,656.09,5
5145,2052,161,1,2382.03,5
5146,2052,258,5,4301.18,5
5147,2053,135,2,2208.14,0
5148,2054,209,1,2450.06,0
5149,2054,297,2,48308.28,20
5150,2055,112,3,4752.06,20
5151,2055,129,4,4354.57,0
5152,2056,214,3,1000.95,0
5153,2057,176,2,18579.09,5
5154,2057,271,2,2237.37,0
5155,2058,283,1,4615.13,5
5156,2058,236,1,2075.29,0
5157,2058,189,2,4428.33,15
5158,2059,149,4,20077.05,0
5159,2059,286,1,9425.15,25
5160,2059,280,3,7685.04,25
5161,2059,123,2,4513.69,0
5162,2060,97,4,3577.39,0
5163,2060,71,1,22577.4,25
5164,2061,49,1,35597.87,0
5165,2061,62,1,45306.18,5
5166,2062,256,1,1430.02,10
5167,2062,160,1,1177.53,0
5168,2063,271,1,2163.54,0
5169,2063,3,3,42541.55,5
5170,2064,87,2,11020.45,0
5171,2065,5,1,52233.73,5
5172,2065,41,3,41355.89,0
5173,2066,286,3,9315.61,0
5174,2067,252,1,730.04,25
5175,2067,76,2,9570.49,15
5176,2068,266,1,7624.49,0
5177,2068,159,1,12984.67,5
5178,2069,204,2,2367.6,25
5179,2069,169,3,24220.83,0
5180,2070,237,2,2998.3,0
5181,2070,61,3,15060.94,5
5182,2071,68,1,7171.25,20
5183,2071,193,2,3630.42,20
5184,2071,178,1,7360.44,0
5185,2071,217,1,2578.45,0
5186,2072,235,2,3650.1,20
5187,2072,232,2,528.15,25
5188,2072,14,4,22148.31,20
5189,2073,231,2,913.11,25
5190,2073,227,1,415.93,0
5191,2074,237,1,3009.89,20
5192,2075,99,2,5650.86,5
5193,2075,128,2,838.08,10
5194,2076,90,2,12922.74,15
5195,2076,223,1,2911.49,15
5196,2076,256,1,1374.48,15
5197,2077,236,5,2230.93,0
5198,2078,112,1,4579.68,25
5199,2079,299,2,44277.43,0
5200,2079,86,5,9617.48,0
5201,2079,261,2,7878.25,15
5202,2080,256,1,1393.29,5
5203,2080,204,1,2432.27,25
5204,2080,112,2,4711.26,0
5205,2081,6,2,66930.33,15
5206,2081,214,2,941.44,10
5207,2081,66,1,14341.45,25
5208,2081,97,1,3717.86,0
5209,2082,147,1,3021.97,25
5210,2082,278,2,6630.38,15
5211,2082,204,3,2349.86,10
5212,2083,192,4,291.78,20
5213,2083,25,4,12270.78,20
5214,2084,92,1,5578.38,0
5215,2084,137,1,1631.31,0
5216,2084,6,3,64872.98,20
5217,2084,259,1,4396.87,0
5218,2084,195,2,3190.52,0
5219,2085,171,2,17149.07,0
5220,2086,24,3,34973.28,0
5221,2086,244,1,79.93,0
5222,2086,41,5,40503.92,20
5223,2087,18,1,18052.25,0
5224,2088,47,1,10805.67,10
5225,2088,243,3,3510.11,15
5226,2088,122,1,5578.39,0
5227,2088,152,4,23505.47,15
5228,2089,39,2,45961.83,0
5229,2089,213,1,1076.12,5
5230,2090,101,1,13743.78,20
5231,2091,261,1,7560.42,10
5232,2091,205,1,766.74,15
5233,2091,171,3,16053.58,0
5234,2092,119,1,6416.72,20
5235,2092,204,2,2413.36,25
5236,2093,51,1,37942.27,15
5237,2093,107,1,7838.08,10
5238,2094,222,2,1039.71,15
5239,2094,141,1,2185.79,0
5240,2095,101,3,13815.08,20
5241,2095,180,4,8904.52,10
5242,2095,39,2,44192.56,0
5243,2096,105,1,7267.05,0
5244,2096,75,3,13083.33,10
5245,2096,234,4,3276.39,10
5246,2097,14,2,20616.85,0
5247,2097,288,1,3882.31,0
5248,2097,51,5,40348.0,5
5249,2098,78,1,2693.85,5
5250,2098,125,1,5416.07,15
5251,2098,201,1,3499.38,0
5252,2099,87,2,11617.02,5
5253,2099,151,1,397.49,0
5254,2099,294,3,28776.73,0
5255,2099,56,2,43318.14,0
5256,2099,72,1,3402.62,25
5257,2100,253,1,6245.51,20
5258,2100,231,1,944.7,0
5259,2100,205,1,750.43,0
5260,2101,168,1,2931.09,15
5261,2101,290,1,5923.94,5
5262,2102,86,3,9558.34,10
5263,2102,279,5,2472.24,0
5264,2103,15,1,26649.74,25
5265,2103,295,1,9457.27,0
5266,2103,130,2,5405.98,0
5267,2104,66,1,14863.7,0
5268,2105,50,1,16344.82,5
5269,2105,205,2,813.31,10
5270,2105,100,2,835.74,25
5271,2105,193,3,3660.99,0
5272,2106,72,1,3699.62,5
5273,2106,71,1,23591.33,5
5274,2107,41,1,38337.1,15
5275,2107,82,5,8577.76,25
5276,2108,278,2,6723.1,25
5277,2108,144,1,3661.48,20
5278,2108,245,1,915.17,0
5279,2108,178,1,7177.18,10
5280,2109,18,1,18129.96,0
5281,2109,198,2,1795.02,10
5282,2109,165,1,8449.03,5
5283,2110,192,2,303.19,15
5284,2110,61,3,15003.58,25
5285,2111,136,1,2325.72,0
5286,2111,253,2,6213.53,0
5287,2112,217,1,2461.69,0
5288,2112,92,1,5353.49,25
5289,2112,178,1,6905.99,10
5290,2112,1,2,25980.94,10
5291,2113,300,1,778.95,5
5292,2113,67,1,17435.73,0
5293,2114,287,1,1718.74,0
5294,2114,25,2,12111.55,0
5295,2114,261,1,7208.19,0
5296,2115,59,2,41495.7,10
5297,2115,3,2,43071.45,15
5298,2116,252,1,770.72,25
5299,2116,290,3,5716.43,0
5300,2116,42,1,20863.22,0
5301,2117,86,2,9774.03,0
5302,2117,87,3,11736.33,5
5303,2117,246,1,1655.17,10
5304,2118,87,1,10885.82,0
5305,2118,221,2,1217.82,25
5306,2118,18,1,17468.96,5
5307,2118,119,1,6810.5,25
5308,2119,178,1,7113.35,15
5309,2120,196,1,1858.29,15
5310,2121,83,1,12152.14,0
5311,2121,26,1,30728.76,20
5312,2121,278,3,7255.92,0
5313,2121,168,4,2883.31,25
5314,2122,149,2,18377.43,0
5315,2122,296,1,7084.86,25
5316,2122,144,1,3676.88,15
5317,2122,57,2,14825.35,0
5318,2122,53,2,19096.61,20
5319,2123,267,1,3793.55,0
5320,2123,105,5,8042.99,25
5321,2124,219,1,2202.6,0
5322,2124,252,3,770.92,15
5323,2125,166,2,14562.55,25
5324,2125,249,1,2030.92,0
5325,2125,42,2,20854.7,0
5326,2126,97,1,3464.74,15
5327,2126,113,2,1923.74,25
5328,2127,137,1,1563.92,0
5329,2128,273,2,1328.27,5
5330,2128,279,3,2311.86,10
5331,2129,278,1,6557.21,10
5332,2129,239,1,1989.95,0
5333,2129,29,1,45403.42,15
5334,2130,59,1,40495.68,0
5335,2130,76,1,8832.95,20
5336,2130,198,1,1778.39,10
5337,2131,112,3,4416.91,0
5338,2131,231,2,939.09,0
5339,2132,56,2,39907.57,10
5340,2132,3,1,44022.08,10
5341,2132,210,4,1742.12,15
5342,2132,127,1,6875.07,0
5343,2133,250,3,2553.69,25
5344,2133,257,2,1038.51,5
5345,2133,170,1,21531.59,0
5346,2134,110,2,5261.71,0
5347,2134,139,4,5030.12,10
5348,2134,188,1,1554.01,0
5349,2134,132,1,6920.03,15
5350,2135,277,2,6308.38,5
5351,2135,48,4,39957.61,5
5352,2136,241,2,92.01,20
5353,2137,148,2,23014.14,0
5354,2137,9,1,68397.32,0
5355,2137,122,2,5644.48,0
5356,2138,31,1,43757.22,0
5357,2138,193,1,3761.86,0
5358,2139,167,2,14663.5,0
5359,2140,169,2,22549.91,10
5360,2140,111,1,997.4,5
5361,2141,44,3,8622.87,20
5362,2141,269,2,5074.57,5
5363,2141,187,1,4656.43,0
5364,2142,211,2,4359.69,25
5365,2142,265,2,7485.92,20
5366,2142,281,5,2085.95,5
5367,2143,42,2,20746.95,5
5368,2144,269,1,5311.68,0
5369,2145,89,1,9681.61,0
5370,2145,168,1,2933.98,0
5371,2146,226,1,2803.18,15
5372,2147,280,3,7266.97,10
5373,2147,16,1,34231.7,0
5374,2147,231,1,970.95,0
5375,2147,258,3,4136.89,25
5376,2148,162,1,16045.91,15
5377,2148,255,2,420.1,25
5378,2148,48,2,39899.59,15
5379,2148,95,1,12629.68,10
5380,2149,10,1,23534.98,0
5381,2149,35,1,44123.69,10
5382,2149,136,1,2332.96,0
5383,2150,192,1,291.63,25
5384,2150,75,3,13859.46,5
5385,2150,57,2,15107.46,0
5386,2151,207,2,1330.94,0
5387,2151,200,3,1492.45,0
5388,2152,124,1,1029.8,15
5389,2153,253,1,6374.09,0
5390,2153,5,1,48309.65,15
5391,2154,243,1,3487.74,0
5392,2154,225,2,965.68,0
5393,2154,282,3,1493.88,0
5394,2155,215,1,3463.55,5
5395,2155,213,1,1136.58,0
5396,2156,230,1,369.94,15
5397,2157,105,2,7613.23,5
5398,2157,66,1,15556.82,0
5399,2158,3,1,45338.87,0
5400,2158,43,2,10063.07,0
5401,2158,283,1,4554.12,5
5402,2158,66,1,15617.67,20
5403,2159,159,2,12132.04,15
5404,2159,9,1,63142.33,0
5405,2160,152,1,23481.91,0
5406,2160,260,4,8663.38,25
5407,2161,55,1,3521.06,5
5408,2161,261,1,7424.17,0
5409,2162,77,3,8727.24,20
5410,2163,267,2,3859.31,5
5411,2163,240,2,1193.93,0
5412,2164,68,1,7405.09,0
5413,2164,83,1,11786.41,0
5414,2165,43,1,9960.35,0
5415,2165,172,3,19787.07,15
5416,2165,173,1,10835.76,5
5417,2165,251,4,3232.34,10
5418,2166,40,1,27108.18,10
5419,2167,176,3,20435.29,20
5420,2167,188,4,1684.93,20
5421,2168,104,1,7962.56,0
5422,2169,70,1,43820.09,25
5423,2169,23,2,16314.88,25
5424,2170,177,1,12456.81,0
5425,2170,89,1,10168.09,0
5426,2171,231,1,919.97,5
5427,2171,47,5,10441.87,5
5428,2172,183,2,4109.24,0
5429,2172,44,1,8230.27,0
5430,2172,232,1,556.42,5
5431,2173,216,2,4169.27,0
5432,2173,242,2,1310.16,5
5433,2173,220,1,640.61,0
5434,2174,135,1,1987.49,15
5435,2175,24,1,32980.23,20
5436,2176,274,1,5778.51,15
5437,2176,206,1,2727.27,0
5438,2176,178,1,7432.86,5
5439,2176,46,3,39508.13,0
5440,2177,110,1,5069.86,0
5441,2178,210,1,1723.51,20
5442,2178,224,1,670.72,15
5443,2179,85,1,11022.14,0
5444,2179,284,3,2069.75,15
5445,2179,291,2,5843.77,10
5446,2179,52,2,45341.17,0
5447,2179,132,4,7251.15,10
5448,2180,239,2,1827.46,5
5449,2180,279,2,2354.52,10
5450,2180,62,2,44729.68,10
5451,2181,155,1,12629.72,20
5452,2181,275,2,1730.98,10
5453,2182,169,2,22257.57,15
5454,2182,42,1,22180.92,0
5455,2183,195,1,3228.38,0
5456,2183,29,1,45421.03,0
5457,2184,145,1,6596.37,5
5458,2184,204,2,2342.99,10
5459,2185,76,2,9393.46,5
5460,2185,172,1,19555.32,0
5461,2186,240,4,1298.85,25
5462,2186,226,2,2850.45,5
5463,2186,112,1,4699.25,0
5464,2186,31,1,45947.37,5
5465,2187,45,2,622.74,0
5466,2187,299,2,48009.23,15
5467,2187,98,1,9565.46,10
5468,2188,165,1,8222.14,0
5469,2188,174,1,12147.49,10
5470,2189,236,1,2190.33,20
5471,2189,258,1,4195.92,20
5472,2190,237,3,3041.6,10
5473,2190,91,1,2135.51,15
5474,2190,159,1,13210.74,10
5475,2190,118,2,7356.56,5
5476,2191,36,1,1495.51,10
5477,2191,152,1,22038.87,0
5478,2191,133,1,2878.63,0
5479,2192,267,2,3914.3,0
5480,2193,66,4,15695.79,5
5481,2193,28,1,82552.09,5
5482,2194,290,2,5762.88,0
5483,2195,21,1,55987.41,10
5484,2196,256,1,1436.58,20
5485,2196,219,3,2174.44,0
5486,2196,209,2,2366.7,20
5487,2196,225,1,905.12,0
5488,2197,247,1,704.47,20
5489,2197,250,1,2735.68,15
5490,2197,114,2,1208.04,0
5491,2198,187,1,4512.23,0
5492,2199,114,1,1243.26,20
5493,2200,200,1,1395.9,25
5494,2200,220,2,704.2,10
5495,2200,298,1,45260.9,0
5496,2201,90,1,13239.95,10
5497,2201,94,3,2485.11,25
5498,2202,178,1,7602.22,0
5499,2203,283,3,4562.51,15
5500,2204,79,3,10599.39,15
5501,2204,199,1,2240.15,5
5502,2205,28,1,82428.43,10
5503,2205,237,2,2958.34,0
5504,2205,82,2,8478.57,20
5505,2206,259,1,4573.28,15
5506,2206,297,4,51476.51,0
5507,2206,271,2,2220.78,10
5508,2206,8,2,12710.52,0
5509,2207,218,3,3254.06,20
5510,2207,53,3,20862.29,5
5511,2207,131,2,6469.77,0
5512,2208,134,3,6217.53,15
5513,2208,72,1,3616.86,10
5514,2209,3,2,44315.99,0
5515,2209,227,1,405.59,15
5516,2209,292,2,497.62,0
5517,2209,117,2,300.63,0
5518,2210,152,1,21427.54,0
5519,2210,285,2,7192.64,0
5520,2210,229,1,3963.48,25
5521,2210,268,1,1725.27,15
5522,2211,40,1,25320.17,5
5523,2211,166,1,15345.46,0
5524,2211,206,2,2640.57,10
5525,2211,83,2,12082.49,25
5526,2212,121,1,1585.98,0
5527,2212,118,1,7733.23,0
5528,2212,6,2,68719.1,10
5529,2212,298,1,48791.77,20
5530,2213,234,1,3314.72,25
5531,2213,143,1,5863.2,20
5532,2214,226,3,2838.78,25
5533,2214,285,1,7027.99,20
5534,2214,176,1,20629.05,0
5535,2215,208,3,605.2,15
5536,2216,71,1,22628.74,25
5537,2216,160,2,1136.65,5
5538,2216,37,1,45314.91,0
5539,2216,254,1,1879.37,0
5540,2216,61,1,14846.47,5
5541,2217,138,1,4339.67,0
5542,2217,293,2,12148.96,0
5543,2217,35,2,43560.65,25
5544,2218,287,5,1711.55,20
5545,2218,48,1,38233.12,10
5546,2219,97,2,3444.58,15
5547,2219,257,3,1061.48,10
5548,2219,29,3,43334.59,0
5549,2219,96,2,13013.51,25
5550,2220,93,1,10246.38,15
5551,2221,99,2,5603.92,10
5552,2221,210,1,1691.62,25
5553,2222,89,1,10059.14,15
5554,2223,150,2,16081.14,0
5555,2223,205,1,799.7,25
5556,2223,208,1,633.94,5
5557,2223,224,2,710.35,25
5558,2224,261,2,7414.69,5
5559,2224,211,2,4781.79,0
5560,2224,124,2,984.89,0
5561,2224,107,2,7843.29,15
5562,2224,155,1,13356.77,0
5563,2225,286,1,8630.63,0
5564,2225,156,2,23203.5,10
5565,2225,143,2,5788.31,10
5566,2225,1,3,25927.65,0
5567,2225,79,1,10433.65,0
5568,2226,252,1,762.94,20
5569,2226,86,1,9369.28,0
5570,2227,265,1,7392.49,0
5571,2227,76,2,8770.8,25
5572,2228,216,2,4378.77,10
5573,2228,247,1,687.59,5
5574,2229,76,1,9572.57,0
5575,2230,281,1,2067.17,5
5576,2231,164,2,14146.37,0
5577,2231,275,1,1674.98,5
5578,2231,112,1,4477.47,0
5579,2232,201,2,3556.28,0
5580,2232,30,1,69303.97,10
5581,2232,265,2,7381.35,0
5582,2232,110,1,5473.8,0
5583,2233,155,1,13357.9,20
5584,2234,299,2,44626.35,0
5585,2235,205,4,818.05,5
5586,2235,101,2,14084.96,15
5587,2235,76,2,9293.43,0
5588,2236,134,1,6448.3,10
5589,2237,68,1,7369.58,10
5590,2237,80,5,2275.4,25
5591,2238,131,2,7120.06,5
5592,2238,85,1,10694.91,15
5593,2238,90,2,13100.08,25
5594,2238,176,3,20327.37,0
5595,2239,27,3,14597.42,5
5596,2239,205,1,821.92,25
5597,2239,3,1,44275.05,20
5598,2240,187,1,4686.29,25
5599,2240,260,4,8466.68,15
5600,2241,120,1,5010.34,5
5601,2241,116,1,4318.04,0
5602,2242,274,2,6066.25,10
5603,2243,29,2,42411.22,25
5604,2243,168,1,2729.06,0
5605,2243,224,1,711.78,0
5606,2244,23,1,17295.11,0
5607,2245,19,2,71755.03,0
5608,2245,295,1,8737.63,25
5609,2246,60,2,11438.13,25
5610,2246,231,1,887.78,0
5611,2247,229,1,3810.19,20
5612,2248,151,1,401.53,20
5613,2248,246,1,1598.25,10
5614,2249,261,5,7851.36,25
5615,2249,289,4,3527.35,25
5616,2250,266,1,7826.42,10
5617,2250,264,5,2595.79,0
5618,2250,27,1,14429.12,0
5619,2251,5,1,50598.59,0
5620,2251,287,2,1715.39,0
5621,2251,110,5,5027.64,5
5622,2251,115,1,1319.07,0
5623,2251,155,1,12650.11,5
5624,2252,128,1,832.35,0
5625,2253,293,2,12827.14,0
5626,2253,190,2,1478.38,15
5627,2253,15,2,27219.0,25
5628,2253,139,1,5268.95,0
5629,2254,247,3,657.3,20
5630,2254,269,1,5217.94,0
5631,2254,20,1,54084.5,20
5632,2254,74,3,9737.69,5
5633,2255,114,2,1232.29,10
5634,2255,278,2,6880.38,25
5635,2255,33,2,79347.22,20
5636,2255,199,3,2204.69,10
5637,2256,33,1,74157.36,10
5638,2256,62,2,42982.03,0
5639,2256,280,1,7750.17,5
5640,2256,180,1,8411.62,0
5641,2257,70,2,40067.42,5
5642,2257,173,1,10909.37,25
5643,2258,93,1,9905.21,0
5644,2258,249,1,2144.06,0
5645,2258,191,1,418.88,10
5646,2258,82,1,7778.73,20
5647,2259,120,1,4724.58,15
5648,2259,278,2,6848.87,25
5649,2260,57,2,13973.49,0
5650,2260,293,1,13098.17,10
5651,2261,170,2,20745.34,20
5652,2261,226,2,2967.81,25
5653,2261,147,1,3229.93,20
5654,2261,32,2,48630.53,0
5655,2261,196,2,1852.05,5
5656,2262,10,1,23403.93,0
5657,2262,167,3,14918.44,0
5658,2263,7,1,70935.0,25
5659,2264,60,3,10522.4,20
5660,2264,266,1,7680.77,0
5661,2265,249,3,1966.13,0
5662,2265,25,2,11530.45,5
5663,2265,107,1,7607.3,0
5664,2266,133,3,2754.04,15
5665,2266,150,2,16368.87,10
5666,2267,83,2,12818.51,10
5667,2267,228,1,254.25,25
5668,2267,266,4,7199.99,10
5669,2267,254,1,2084.81,20
5670,2268,296,1,6847.63,20
5671,2268,134,1,6533.48,0
5672,2269,193,1,3841.47,15
5673,2270,105,3,7664.41,0
5674,2270,16,2,33228.11,0
5675,2270,279,1,2304.29,0
5676,2270,253,3,5902.91,0
5677,2270,266,1,7543.32,0
5678,2271,200,1,1503.24,0
5679,2272,99,1,6132.32,10
5680,2272,163,1,661.61,0
5681,2272,215,2,3210.76,10
5682,2273,51,3,38143.07,0
5683,2274,136,1,2195.91,0
5684,2275,257,1,1054.62,20
5685,2275,61,2,14472.94,25
5686,2276,14,4,21419.96,10
5687,2276,99,1,5896.91,25
5688,2277,110,1,5435.6,10
5689,2277,250,2,2625.81,0
5690,2278,195,2,3521.67,0
5691,2278,254,2,2059.61,0
5692,2278,289,2,3255.69,10
5693,2279,219,1,2268.04,0
5694,2279,180,1,8710.35,10
5695,2279,128,2,844.66,5
5696,2279,263,2,7701.39,0
5697,2279,173,1,11293.84,0
5698,2280,243,1,3788.99,15
5699,2280,85,1,10981.18,15
5700,2281,90,1,12693.05,0
5701,2282,95,1,13335.57,15
5702,2282,244,4,85.1,5
5703,2282,87,2,11245.77,15
5704,2283,170,2,21317.67,25
5705,2283,129,1,4331.06,25
5706,2284,267,1,3888.27,0
5707,2284,98,1,9907.2,20
5708,2284,289,1,3411.92,25
5709,2285,154,3,10042.85,25
5710,2285,7,1,72844.5,0
5711,2285,297,2,50557.1,25
5712,2286,273,1,1273.17,15
5713,2286,8,1,12700.51,0
5714,2287,186,1,2567.77,10
5715,2287,196,2,1766.32,10
5716,2287,171,2,17601.23,5
5717,2288,206,3,2591.19,15
5718,2288,18,3,17572.78,25
5719,2288,69,2,10123.27,20
5720,2288,70,1,42161.26,0
5721,2289,130,4,5324.45,10
5722,2289,201,1,3455.47,0
5723,2290,99,1,5773.81,0
5724,2290,42,3,20731.02,10
5725,2291,103,2,9373.43,20
5726,2291,40,1,25514.02,15
5727,2292,275,2,1695.88,15
5728,2293,259,5,4851.54,0
5729,2293,164,1,13404.82,0
5730,2293,100,2,801.95,0
5731,2293,243,2,3785.81,25
5732,2293,245,1,918.32,25
5733,2294,93,1,10242.61,15
5734,2295,237,3,3073.19,25
5735,2295,147,1,2996.25,15
5736,2296,283,1,4519.13,20
5737,2296,260,1,8668.69,5
5738,2296,98,4,10252.09,15
5739,2297,37,1,42381.55,25
5740,2297,165,1,8268.77,15
5741,2298,197,3,1408.63,0
5742,2298,83,2,12798.74,0
5743,2298,200,1,1519.54,0
5744,2298,206,1,2688.88,10
5745,2299,53,2,20497.38,20
5746,2299,217,1,2614.74,20
5747,2300,289,1,3384.83,5
5748,2300,103,2,9319.78,5
5749,2300,83,1,11777.0,5
5750,2301,184,1,4137.14,0
5751,2301,147,2,3315.82,0
5752,2301,262,2,2132.42,20
5753,2302,165,1,8783.7,0
5754,2302,107,1,7057.84,0
5755,2303,43,1,9260.59,20
5756,2303,1,1,27077.7,25
5757,2303,21,2,53305.41,20
5758,2303,11,2,18121.66,0
5759,2304,74,2,9973.75,15
5760,2304,254,1,2070.94,10
5761,2305,83,1,12785.87,0
5762,2305,182,1,2421.46,5
5763,2305,32,1,50648.23,0
5764,2305,44,4,7999.2,25
5765,2306,202,1,3995.81,5
5766,2306,60,1,10359.87,0
5767,2306,193,2,3804.29,0
5768,2306,86,1,9286.25,10
5769,2307,11,1,19547.15,20
5770,2307,277,1,5901.67,15
5771,2308,281,2,2135.13,0
5772,2309,105,3,7432.95,25
5773,2309,114,1,1124.66,25
5774,2309,60,1,11117.6,5
5775,2309,164,1,12924.57,0
5776,2310,288,2,3714.56,0
5777,2310,210,3,1668.21,25
5778,2311,99,2,5517.54,10
5779,2311,67,2,17794.18,20
5780,2311,228,1,252.0,15
5781,2312,9,1,66770.21,0
5782,2312,35,1,42917.4,15
5783,2312,73,1,6997.67,15
5784,2313,122,2,5616.88,10
5785,2313,4,2,10802.17,15
5786,2313,43,2,9755.29,10
5787,2314,185,1,747.7,0
5788,2314,291,1,6101.79,5
5789,2314,52,2,45269.97,0
5790,2314,134,2,6238.05,20
5791,2314,161,1,2326.89,0
5792,2315,51,3,36617.6,10
5793,2316,249,1,1941.96,0
5794,2316,242,2,1381.08,15
5795,2317,178,2,7569.94,20
5796,2317,170,3,20625.99,0
5797,2318,165,1,8525.94,20
5798,2318,137,1,1611.04,0
5799,2318,146,2,17668.63,20
5800,2318,49,2,37865.72,25
5801,2318,236,5,2205.6,10
5802,2319,253,1,6114.23,5
5803,2319,73,4,7358.71,15
5804,2319,124,1,1018.73,0
5805,2320,238,1,2382.28,5
5806,2321,229,1,3774.49,0
5807,2321,201,1,3280.56,0
5808,2321,67,1,17394.24,5
5809,2322,80,3,2135.31,20
5810,2322,203,3,1038.06,5
5811,2322,83,1,12909.08,0
5812,2323,119,3,6716.12,20
5813,2323,2,1,90280.14,0
5814,2323,37,1,41912.93,15
5815,2323,134,2,6849.06,0
5816,2324,85,1,10698.98,0
5817,2324,32,3,45958.33,0
5818,2325,139,1,5076.62,0
5819,2325,111,2,962.64,5
5820,2326,22,1,26450.96,25
5821,2326,297,3,48777.89,10
5822,2326,210,2,1707.75,15
5823,2326,11,2,18110.67,0
5824,2327,238,1,2470.68,15
5825,2327,226,1,2914.56,10
5826,2328,73,1,7245.0,0
5827,2328,298,1,45259.09,15
5828,2329,209,3,2348.83,10
5829,2330,96,2,13243.12,20
5830,2331,182,1,2588.46,10
5831,2331,90,2,12990.15,10
5832,2332,12,2,9911.88,15
5833,2333,256,2,1330.2,10
5834,2333,231,1,941.48,20
5835,2334,110,2,5496.77,25
5836,2334,193,1,3751.26,5
5837,2334,76,2,8799.37,10
5838,2335,240,3,1264.66,20
5839,2335,222,1,1097.87,0
5840,2335,112,1,4828.04,15
5841,2335,32,1,49694.24,20
5842,2336,35,1,42720.95,5
5843,2336,177,2,13569.19,15
5844,2336,284,5,2105.95,10
5845,2336,292,2,483.61,10
5846,2337,65,3,27093.95,25
5847,2337,291,1,6091.06,25
5848,2337,269,1,5065.57,0
5849,2338,178,4,7091.6,0
5850,2339,154,3,9683.31,0
5851,2340,206,1,2687.84,0
5852,2340,196,1,1766.53,25
5853,2340,54,3,6088.31,0
5854,2341,96,2,13527.07,20
5855,2341,213,1,1132.85,0
5856,2341,260,1,7834.64,0
5857,2341,110,2,5149.7,25
5858,2342,6,1,64587.18,0
5859,2342,176,3,20392.94,0
5860,2343,35,1,43190.44,0
5861,2343,153,2,5425.53,0
5862,2343,230,1,386.76,25
5863,2344,65,1,29094.8,0
5864,2344,175,4,18719.81,0
5865,2344,232,3,517.64,10
5866,2345,289,1,3531.96,5
5867,2345,32,5,50044.46,25
5868,2346,41,2,40791.0,10
5869,2347,203,2,1059.62,25
5870,2347,108,3,1375.56,25
5871,2347,35,2,43744.05,15
5872,2347,37,1,43223.43,10
5873,2348,98,2,9550.02,0
5874,2348,56,1,40426.62,25
5875,2349,296,2,7000.92,0
5876,2350,11,1,17490.3,20
5877,2350,176,1,20412.23,0
5878,2351,197,1,1396.77,0
5879,2351,67,1,16563.67,15
5880,2351,139,3,5413.55,10
5881,2352,5,2,52219.47,25
5882,2352,240,2,1283.2,15
5883,2352,69,2,9728.81,15
5884,2353,28,1,81347.23,25
5885,2353,91,4,2214.63,0
5886,2354,28,1,81257.59,25
5887,2355,91,1,2093.74,10
5888,2356,139,3,4936.64,0
5889,2356,180,1,8795.44,0
5890,2357,4,3,11386.06,5
5891,2358,107,2,7288.45,25
5892,2359,266,1,7418.27,15
5893,2360,95,1,12438.02,25
5894,2360,118,1,7238.99,20
5895,2360,236,2,2237.49,5
5896,2360,123,1,4875.97,5
5897,2360,173,1,10938.65,0
5898,2361,229,2,3945.87,0
5899,2361,134,1,6567.08,25
5900,2362,113,2,2009.9,25
5901,2362,245,2,901.11,0
5902,2362,5,2,52394.82,0
5903,2362,174,4,12446.66,0
5904,2363,7,2,69323.93,0
5905,2363,77,1,8545.22,25
5906,2363,110,2,5237.36,15
5907,2364,108,1,1323.98,20
5908,2364,184,1,3961.46,20
5909,2364,17,1,82672.57,5
5910,2364,28,1,80380.58,20
5911,2365,156,1,23574.49,15
5912,2365,37,3,42201.73,5
5913,2365,296,2,7576.15,10
5914,2366,165,1,8371.97,15
5915,2366,127,2,7152.2,0
5916,2366,83,2,11776.78,20
5917,2366,200,1,1543.15,20
5918,2367,154,2,9882.46,0
5919,2367,95,1,12440.18,0
5920,2368,89,2,9609.0,0
5921,2368,152,2,23041.59,10
5922,2369,59,3,42138.9,20
5923,2369,37,1,42978.54,25
5924,2369,134,1,6254.91,0
5925,2370,218,1,3267.62,15
5926,2370,248,1,899.67,10
5927,2370,141,4,2067.06,5
5928,2370,9,1,67265.38,15
5929,2371,170,1,21468.46,0
5930,2371,56,2,43195.51,0
5931,2372,154,1,9620.82,25
5932,2372,250,1,2758.05,15
5933,2372,206,2,2651.06,0
5934,2373,281,1,2135.68,10
5935,2373,112,1,4605.82,20
5936,2374,105,1,7379.94,0
5937,2374,261,3,7728.75,5
5938,2374,77,4,8807.77,15
5939,2375,82,4,7793.73,0
5940,2375,25,2,12348.9,20
5941,2375,266,1,7360.46,10
5942,2376,230,3,391.02,5
5943,2376,269,1,5147.66,0
5944,2376,224,4,685.62,10
5945,2377,59,5,39650.08,25
5946,2377,281,4,2077.72,25
5947,2378,59,2,40384.5,25
5948,2378,176,1,20265.06,15
5949,2378,117,2,274.99,0
5950,2379,300,2,810.23,15
5951,2379,299,2,44839.32,0
5952,2379,154,3,9320.37,20
5953,2380,68,1,7149.97,0
5954,2381,42,3,21941.97,15
5955,2381,86,3,9692.11,5
5956,2382,16,1,33458.09,25
5957,2382,287,2,1624.03,0
5958,2382,60,2,11540.61,0
5959,2383,299,4,45546.57,0
5960,2384,62,1,44028.87,25
5961,2384,78,3,2638.99,5
5962,2384,278,1,6767.78,0
5963,2384,184,1,4070.91,25
5964,2385,138,3,4543.7,0
5965,2385,67,4,16614.59,0
5966,2385,297,3,48684.31,0
5967,2385,184,2,4114.13,5
5968,2386,292,2,473.38,0
5969,2386,257,2,1092.6,10
5970,2386,144,4,4034.31,10
5971,2386,273,1,1289.3,0
5972,2387,292,1,479.64,5
5973,2387,195,2,3161.78,20
5974,2388,74,1,9276.68,10
5975,2389,108,1,1405.18,25
5976,2389,196,1,1818.55,0
5977,2389,46,3,37490.47,10
5978,2390,192,2,315.95,0
5979,2390,155,2,12484.68,0
5980,2391,294,2,29489.12,15
5981,2391,144,1,3641.5,20
5982,2392,258,1,4345.84,15
5983,2392,174,1,11412.39,25
5984,2392,284,2,2076.02,5
5985,2392,212,1,731.03,0
5986,2393,293,1,12114.49,20
5987,2393,289,5,3500.65,25
5988,2393,107,3,7708.11,10
5989,2393,65,5,29207.53,5
5990,2394,274,1,5564.72,0
5991,2394,103,1,9698.65,15
5992,2394,231,2,936.74,25
5993,2394,269,1,5115.99,0
5994,2395,21,1,52214.56,15
5995,2395,129,1,4139.32,20
5996,2395,212,2,695.99,5
5997,2396,283,3,4232.56,0
5998,2396,59,3,42249.69,0
5999,2396,107,1,7234.29,0
6000,2396,74,3,9454.52,25
6001,2396,72,2,3643.59,5
6002,2397,24,1,32451.56,25
6003,2397,48,3,38151.26,5
6004,2398,242,1,1388.69,0
6005,2398,178,2,7526.81,0
6006,2398,4,1,10748.38,10
6007,2399,243,2,3665.76,15
6008,2399,137,1,1633.24,25
6009,2400,41,2,40304.41,5
6010,2400,42,3,21664.55,20
6011,2400,116,2,4157.49,0
6012,2401,288,1,3499.69,0
6013,2401,115,2,1229.92,5
6014,2401,45,2,671.88,20
6015,2402,102,1,4231.6,10
6016,2402,208,1,608.32,10
6017,2402,36,3,1613.45,20
6018,2403,164,2,13535.89,0
6019,2404,148,2,22241.41,0
6020,2405,121,1,1559.25,15
6021,2406,268,2,1642.44,0
6022,2406,298,3,44354.21,0
6023,2406,108,3,1349.44,5
6024,2407,73,2,7562.54,25
6025,2408,226,1,2782.02,10
6026,2408,266,1,7140.32,5
6027,2409,138,1,4440.17,10
6028,2409,129,1,4321.12,10
6029,2410,254,2,2000.31,25
6030,2411,23,2,17054.6,5
6031,2411,80,1,2200.51,15
6032,2411,111,1,964.37,0
6033,2412,123,2,4637.38,0
6034,2413,123,2,4858.73,10
6035,2413,159,1,12063.43,20
6036,2413,47,1,9740.69,20
6037,2413,15,2,25574.16,10
6038,2414,34,1,27155.49,20
6039,2414,281,3,2135.62,20
6040,2415,241,4,90.76,25
6041,2416,289,2,3262.3,0
6042,2416,214,2,970.77,0
6043,2416,65,1,26758.78,10
6044,2417,15,2,27099.46,15
6045,2418,92,1,5239.21,20
6046,2418,109,2,1638.15,15
6047,2418,25,3,11846.3,0
6048,2418,199,3,2207.53,0
6049,2419,159,1,12031.86,0
6050,2419,214,2,987.3,15
6051,2419,13,2,72455.3,0
6052,2419,187,3,4478.92,0
6053,2419,141,2,2082.64,0
6054,2420,226,4,2898.6,0
6055,2420,287,1,1723.24,10
6056,2420,279,1,2345.34,5
6057,2420,170,1,21758.6,0
6058,2421,38,1,46634.83,0
6059,2421,31,1,47747.82,15
6060,2421,111,2,979.21,0
6061,2422,240,2,1268.08,15
6062,2422,159,1,12073.8,5
6063,2423,202,3,3843.38,20
6064,2424,116,1,3998.55,10
6065,2425,58,1,13631.35,15
6066,2425,258,2,4187.91,10
6067,2425,294,2,28360.44,5
6068,2426,119,1,7026.73,5
6069,2427,23,2,16772.8,15
6070,2427,174,1,11232.6,20
6071,2427,281,1,1958.74,0
6072,2427,42,2,22121.41,10
6073,2428,292,1,457.9,5
6074,2428,129,1,4425.37,5
6075,2428,123,2,4603.89,15
6076,2429,283,3,4157.77,0
6077,2429,175,3,18218.64,0
6078,2430,279,2,2541.97,0
6079,2430,153,1,5550.39,5
6080,2431,144,2,3918.31,0
6081,2431,203,1,1026.56,0
6082,2431,167,1,14504.82,0
6083,2431,39,2,45127.96,5
6084,2432,3,3,46053.96,20
6085,2432,231,2,890.0,0
6086,2433,113,3,1967.9,20
6087,2433,57,1,13682.69,15
6088,2433,226,1,3022.7,25
6089,2434,165,5,8314.6,20
6090,2434,104,1,7401.23,0
6091,2434,53,1,18820.65,0
6092,2434,254,1,1947.31,5
6093,2435,172,1,18257.17,0
6094,2435,277,2,5948.97,25
6095,2436,137,5,1590.86,10
6096,2436,7,3,74408.43,15
6097,2436,272,1,3318.49,0
6098,2436,252,2,722.44,20
6099,2436,191,1,384.63,10
6100,2437,273,1,1371.77,10
6101,2437,262,3,2029.38,0
6102,2437,153,1,5710.54,5
6103,2438,78,1,2542.68,15
6104,2438,3,2,44429.01,10
6105,2438,178,3,7510.11,5
6106,2439,119,1,6878.89,0
6107,2439,6,1,66320.65,0
6108,2439,149,2,19259.08,10
6109,2440,123,3,4511.88,10
6110,2440,253,2,5761.24,0
6111,2441,11,2,19129.96,0
6112,2441,26,1,28165.83,0
6113,2442,7,1,71648.09,20
6114,2442,252,1,781.07,5
6115,2442,177,1,12903.08,10
6116,2443,31,1,48273.66,25
6117,2443,171,4,17763.6,0
6118,2444,76,1,9246.46,0
6119,2444,118,4,7045.97,25
6120,2444,284,2,2026.71,15
6121,2445,275,1,1738.4,0
6122,2445,15,3,24695.96,20
6123,2445,252,1,737.96,0
6124,2446,223,3,2834.81,25
6125,2446,267,1,3784.73,0
6126,2447,115,2,1306.45,25
6127,2448,134,1,6835.94,25
6128,2449,150,1,16444.84,0
6129,2449,15,1,25969.71,0
6130,2449,82,1,8381.51,5
6131,2449,195,1,3336.82,15
6132,2449,181,2,4740.13,0
6133,2450,48,2,36472.52,5
6134,2450,130,1,5504.94,10
6135,2450,121,3,1459.57,10
6136,2450,265,2,7240.79,0
6137,2451,34,3,25256.09,0
6138,2451,104,1,8006.09,10
6139,2452,49,1,37704.8,5
6140,2452,119,1,6530.84,15
6141,2452,111,1,1042.87,20
6142,2452,180,1,8936.1,0
6143,2452,134,3,6268.91,15
6144,2453,233,5,174.93,25
6145,2453,57,3,14441.68,0
6146,2454,97,1,3589.7,15
6147,2454,220,2,683.19,0
6148,2454,213,2,1088.61,0
6149,2455,230,2,363.98,20
6150,2455,143,1,6185.17,0
6151,2455,163,5,626.52,20
6152,2456,117,1,297.7,15
6153,2456,244,2,81.37,0
6154,2456,119,1,6625.17,5
6155,2456,213,1,1033.12,0
6156,2457,169,3,22466.57,20
6157,2457,272,1,3198.95,0
6158,2457,106,1,7130.15,15
6159,2458,255,2,411.19,20
6160,2458,145,1,6207.47,0
6161,2458,245,1,887.94,5
6162,2458,136,1,2227.35,25
6163,2459,2,1,90457.28,20
6164,2459,109,1,1631.06,5
6165,2459,300,1,803.31,15
6166,2459,105,3,7378.92,0
6167,2460,150,1,16615.11,0
6168,2460,77,4,8413.56,0
6169,2460,214,4,997.31,0
6170,2461,221,1,1116.98,20
6171,2462,96,1,14117.01,25
6172,2462,73,2,7588.82,15
6173,2463,35,1,43203.63,0
6174,2463,153,2,5532.64,5
6175,2463,136,4,2299.27,20
6176,2464,234,1,3338.59,10
6177,2464,52,1,43982.38,0
6178,2464,223,2,2836.82,0
6179,2465,272,2,3138.16,25
6180,2465,89,2,9826.63,15
6181,2465,107,3,7225.96,0
6182,2465,111,1,1014.13,25
6183,2465,285,2,7399.1,20
6184,2466,294,2,27766.06,15
6185,2467,60,3,11313.1,25
6186,2467,25,1,11819.17,20
6187,2467,181,2,4784.38,0
6188,2468,151,1,428.27,25
6189,2469,84,3,3033.61,0
6190,2469,300,1,784.59,0
6191,2469,120,3,4853.21,0
6192,2470,294,2,28087.52,20
6193,2470,68,1,7444.44,20
6194,2471,251,1,3119.11,5
6195,2471,232,3,513.12,5
6196,2471,219,1,2128.02,25
6197,2472,6,1,66259.47,0
6198,2472,132,2,7703.63,5
6199,2473,294,1,27386.2,0
6200,2473,27,2,14380.09,0
6201,2473,51,3,40498.19,25
6202,2474,255,2,416.84,20
6203,2474,248,1,899.98,15
6204,2474,298,1,44511.81,20
6205,2475,88,2,3825.61,0
6206,2475,283,1,4575.63,0
6207,2476,151,1,429.22,15
6208,2476,199,1,2175.79,15
6209,2476,222,2,1080.81,0
6210,2477,182,3,2518.47,5
6211,2477,255,1,409.71,5
6212,2477,27,5,14424.59,10
6213,2477,153,1,5682.8,0
6214,2478,203,3,1022.24,20
6215,2479,295,1,9604.2,10
6216,2479,286,1,8640.22,15
6217,2479,188,2,1721.86,0
6218,2480,234,1,3245.46,0
6219,2480,14,1,22285.82,20
6220,2480,165,2,8975.48,20
6221,2481,129,1,4324.04,0
6222,2481,242,2,1359.17,0
6223,2482,59,1,38225.25,25
6224,2482,24,2,33470.76,20
6225,2483,24,1,34147.05,5
6226,2483,27,2,14036.0,0
6227,2483,92,1,5270.69,5
6228,2483,82,1,7882.88,0
6229,2484,52,4,45211.81,20
6230,2484,85,1,10856.86,0
6231,2484,134,2,6845.45,0
6232,2485,14,1,20426.91,5
6233,2485,296,2,7172.43,10
6234,2486,169,1,23819.31,15
6235,2486,161,1,2414.41,5
6236,2487,166,3,15155.16,0
6237,2487,14,1,21470.86,25
6238,2488,252,1,770.68,5
6239,2488,79,2,10012.06,5
6240,2489,208,3,614.99,15
6241,2489,52,4,44825.19,10
6242,2489,154,1,9655.44,0
6243,2489,122,1,5737.33,0
6244,2490,66,1,14645.73,0
6245,2490,115,1,1292.8,5
6246,2490,242,2,1335.02,0
6247,2491,198,2,1776.44,0
6248,2491,273,1,1277.94,25
6249,2491,271,2,2271.84,0
6250,2491,240,1,1298.72,25
6251,2492,260,1,8497.84,0
6252,2492,175,5,19453.91,0
6253,2493,237,1,3079.59,0
6254,2493,253,3,5927.35,0
6255,2494,100,2,854.61,20
6256,2494,85,2,10880.19,10
6257,2495,64,2,44815.22,0
6258,2495,5,4,47755.7,20
6259,2495,136,1,2281.7,5
6260,2496,133,1,2742.53,0
6261,2496,288,3,3520.45,10
6262,2496,249,1,1988.36,25
6263,2496,269,1,5404.53,5
6264,2497,163,1,672.13,0
6265,2498,215,1,3213.12,0
6266,2498,36,1,1497.9,0
6267,2499,235,1,3638.3,20
6268,2499,294,5,27843.87,0
6269,2499,79,1,10647.73,5
6270,2500,21,2,51880.01,25
6271,2500,171,1,16454.45,0
6272,2500,197,1,1441.94,25
6273,2501,135,1,2145.87,0
6274,2501,60,3,11389.83,0
6275,2501,117,3,299.63,0
6276,2501,94,3,2548.28,0
6277,2502,259,1,4672.72,0
6278,2503,115,1,1265.25,10
6279,2504,22,1,24925.21,0
6280,2504,111,2,978.7,20
6281,2504,264,1,2561.48,10
6282,2505,71,1,21665.37,25
6283,2505,294,2,29526.59,15
6284,2506,197,2,1348.76,20
6285,2506,256,3,1317.56,0
6286,2507,218,4,3236.75,25
6287,2507,101,3,14615.89,15
6288,2508,49,3,38511.04,20
6289,2508,69,2,10140.17,15
6290,2508,272,2,3168.53,0
6291,2509,170,1,21144.63,0
6292,2510,201,2,3460.95,25
6293,2510,242,2,1328.36,0
6294,2511,67,2,17206.98,0
6295,2512,87,3,11370.8,15
6296,2513,130,1,5541.02,10
6297,2513,231,4,884.01,15
6298,2513,205,1,785.73,15
6299,2514,23,1,16542.06,25
6300,2514,199,2,2137.61,10
6301,2514,294,2,29011.86,10
6302,2515,1,1,25723.0,0
6303,2515,203,2,1057.13,10
6304,2515,20,1,58261.46,0
6305,2516,290,2,5739.73,0
6306,2517,255,1,427.35,0
6307,2517,239,1,1800.61,5
6308,2517,256,1,1460.85,25
6309,2517,100,1,803.39,25
6310,2518,181,1,4732.05,0
6311,2518,120,4,4849.93,0
6312,2518,277,2,5920.02,5
6313,2519,72,2,3460.45,0
6314,2519,184,1,3906.26,0
6315,2519,267,1,3770.62,0
6316,2519,288,1,3839.28,0
6317,2520,167,1,14808.44,15
6318,2520,155,1,13096.41,20
6319,2520,140,2,2760.34,0
6320,2521,274,3,5743.79,5
6321,2521,48,3,37791.33,25
6322,2522,172,2,19120.59,20
6323,2522,49,1,35210.15,25
6324,2523,158,1,7289.47,10
6325,2524,156,4,22033.45,0
6326,2525,176,4,20650.54,5
6327,2525,218,3,3250.88,5
6328,2526,141,1,1977.43,0
6329,2526,173,2,11024.41,0
6330,2527,271,1,2260.2,20
6331,2527,223,1,3059.72,5
6332,2527,275,1,1620.41,0
6333,2527,218,1,3081.84,0
6334,2528,182,1,2529.17,0
6335,2528,98,2,9827.85,0
6336,2529,156,1,24181.68,25
6337,2530,30,3,66083.6,20
6338,2530,84,1,3165.77,0
6339,2530,244,1,85.72,20
6340,2530,117,1,283.35,0
6341,2531,265,1,7466.72,5
6342,2531,90,2,13556.38,20
6343,2532,157,4,10556.55,0
6344,2532,230,1,389.62,0
6345,2532,252,2,763.9,5
6346,2532,110,1,5092.14,0
6347,2533,37,1,43413.18,0
6348,2533,265,3,7040.54,15
6349,2533,207,1,1312.95,20
6350,2533,148,2,23587.04,0
6351,2534,220,1,655.69,5
6352,2534,299,2,46958.16,0
6353,2535,174,2,11291.44,15
6354,2536,87,1,10728.66,10
6355,2536,43,1,9238.15,0
6356,2536,227,1,425.83,20
6357,2536,139,1,4955.28,0
6358,2537,29,1,45299.16,0
6359,2537,132,1,7167.94,20
6360,2537,207,3,1404.0,0
6361,2537,153,4,5542.36,5
6362,2538,112,2,4657.83,5
6363,2539,245,1,962.72,5
6364,2539,193,1,3913.38,0
6365,2540,91,1,2171.57,0
6366,2540,132,1,7360.78,25
6367,2541,55,1,3536.8,0
6368,2541,69,1,9943.48,25
6369,2541,259,1,4660.6,10
6370,2542,259,1,4810.28,20
6371,2542,38,2,44763.01,25
6372,2542,299,1,49290.82,0
6373,2543,19,1,75706.98,5
6374,2543,287,1,1731.34,20
6375,2544,137,1,1571.12,0
6376,2544,267,1,3725.11,20
6377,2545,201,2,3488.39,20
6378,2545,100,3,777.92,0
6379,2546,135,1,2163.15,0
6380,2547,257,1,1054.86,0
6381,2547,216,1,4393.01,0
6382,2547,154,3,9962.69,0
6383,2548,99,1,5516.34,15
6384,2548,195,2,3399.21,0
6385,2548,65,1,27957.12,15
6386,2549,71,3,22300.45,0
6387,2549,104,1,8091.17,10
6388,2549,168,1,2953.05,20
6389,2549,151,1,422.34,15
6390,2550,25,1,11463.12,10
6391,2551,45,2,612.11,0
6392,2551,12,2,9767.89,10
6393,2551,205,1,794.46,0
6394,2551,196,1,1861.73,5
6395,2552,192,3,285.2,0
6396,2553,278,2,6820.24,0
6397,2554,276,2,5218.74,0
6398,2555,48,2,38309.67,15
6399,2555,132,3,7626.58,0
6400,2556,247,5,690.97,5
6401,2556,283,4,4524.96,0
6402,2556,57,1,14430.62,5
6403,2556,188,4,1617.2,10
6404,2557,101,1,13822.57,0
6405,2557,145,1,6507.4,20
6406,2558,239,3,1889.58,0
6407,2558,281,1,1999.47,15
6408,2558,138,1,4644.86,20
6409,2558,175,4,19494.73,20
6410,2559,30,1,68915.79,20
6411,2559,190,1,1515.13,0
6412,2560,279,2,2451.69,0
6413,2560,81,3,6732.14,25
6414,2561,232,4,548.86,0
6415,2561,150,1,16774.77,0
6416,2562,255,3,424.69,20
6417,2562,104,2,7992.94,10
6418,2562,7,1,70059.5,0
6419,2562,58,1,13607.39,15
6420,2563,161,3,2396.29,10
6421,2563,285,1,7236.1,10
6422,2563,298,3,48597.29,0
6423,2564,268,3,1686.19,15
6424,2564,141,5,2192.84,25
6425,2564,55,1,3494.95,15
6426,2565,232,2,537.37,15
6427,2565,296,4,6911.55,0
6428,2565,241,1,92.33,5
6429,2566,247,1,687.6,10
6430,2566,207,2,1332.94,25
6431,2566,111,1,1009.58,20
6432,2566,47,1,10725.76,10
6433,2567,256,1,1346.94,0
6434,2567,56,2,39564.52,25
6435,2567,274,2,5966.45,0
6436,2567,42,1,21847.13,20
6437,2567,247,4,702.13,10
6438,2568,30,1,69654.48,20
6439,2568,212,3,749.28,20
6440,2568,26,2,29930.96,20
6441,2568,79,4,10086.86,25
6442,2569,259,1,4787.58,20
6443,2569,123,4,4916.67,5
6444,2569,110,1,5155.14,0
6445,2570,216,2,4142.56,0
6446,2570,298,3,44385.44,25
6447,2571,230,1,394.15,20
6448,2571,81,2,7007.81,25
6449,2571,217,3,2345.8,0
6450,2572,279,2,2361.64,20
6451,2572,109,1,1492.68,0
6452,2572,131,1,6456.87,20
6453,2573,85,1,10342.96,0
6454,2573,281,1,2009.91,20
6455,2574,172,1,19605.13,0
6456,2574,94,1,2500.66,15
6457,2575,245,2,917.7,0
6458,2575,232,2,510.4,0
6459,2575,157,1,10600.8,0
6460,2576,194,5,2722.7,25
6461,2577,89,1,9892.06,20
6462,2577,35,2,41948.27,0
6463,2577,256,4,1437.35,0
6464,2577,15,2,26117.81,0
6465,2578,223,1,2812.38,0
6466,2579,176,1,20406.21,15
6467,2579,260,2,8291.76,0
6468,2580,213,2,1109.62,5
6469,2580,184,1,4058.36,0
6470,2581,79,4,10911.87,0
6471,2582,33,1,75311.57,0
6472,2582,15,2,25398.7,20
6473,2583,294,1,27314.53,0
6474,2583,134,2,6477.39,0
6475,2583,249,1,2025.45,0
6476,2583,282,5,1477.09,10
6477,2584,160,3,1144.78,20
6478,2584,146,1,18183.37,20
6479,2584,58,1,13497.92,5
6480,2584,240,2,1189.94,15
6481,2585,248,3,855.95,5
6482,2586,53,1,20679.26,0
6483,2587,236,3,2085.39,0
6484,2587,77,2,8490.5,5
6485,2587,194,4,2468.34,0
6486,2587,244,1,85.12,0
6487,2587,18,1,19263.37,0
6488,2588,43,1,9924.67,0
6489,2588,125,1,5421.5,0
6490,2588,6,2,63297.85,5
6491,2589,282,1,1464.57,20
6492,2590,96,1,13766.75,15
6493,2590,141,2,2134.47,10
6494,2591,50,4,16490.26,0
6495,2592,136,2,2364.06,10
6496,2593,135,2,2070.64,0
6497,2593,15,3,26010.27,0
6498,2594,69,3,9929.2,10
6499,2594,27,3,13966.67,5
6500,2594,252,2,756.4,15
6501,2595,173,1,10798.04,0
6502,2595,61,2,14044.11,15
6503,2595,151,1,399.1,15
6504,2595,113,1,1937.47,0
6505,2596,59,1,40105.26,0
6506,2596,232,1,518.92,10
6507,2596,263,1,7831.06,10
6508,2597,31,3,47049.36,15
6509,2598,115,1,1308.5,0
6510,2598,221,1,1108.19,0
6511,2599,246,2,1671.28,20
6512,2599,295,2,9581.2,0
6513,2599,81,3,7202.59,0
6514,2600,74,1,9322.32,20
6515,2600,44,2,8293.02,0
6516,2600,117,1,294.97,0
6517,2601,28,1,84508.74,20
6518,2601,78,1,2523.42,5
6519,2601,75,1,12751.87,0
6520,2601,150,1,17317.85,0
6521,2602,116,3,3979.18,10
6522,2602,63,3,32698.5,5
6523,2603,36,1,1498.79,5
6524,2603,265,2,6950.96,25
6525,2603,86,3,9357.98,25
6526,2603,118,1,7742.17,0
6527,2603,28,1,85133.56,25
6528,2604,259,1,4854.34,25
6529,2604,12,2,9453.99,25
6530,2604,4,3,11106.18,25
6531,2605,189,1,4418.66,0
6532,2605,77,1,8399.27,10
6533,2606,116,1,4180.35,15
6534,2606,63,3,30336.65,15
6535,2606,236,1,2232.51,5
6536,2606,134,1,6373.12,0
6537,2607,285,4,7430.77,0
6538,2607,260,1,8278.35,0
6539,2608,53,5,20770.85,25
6540,2608,228,1,250.99,0
6541,2608,50,1,16985.38,20
6542,2609,204,2,2369.06,0
6543,2609,6,3,64624.38,25
6544,2610,256,2,1397.12,25
6545,2610,170,2,21480.56,15
6546,2610,121,1,1499.36,0
6547,2610,262,3,2081.0,0
6548,2611,61,4,14619.68,25
6549,2611,219,1,2376.77,20
6550,2611,78,2,2815.42,0
6551,2611,59,1,41001.66,15
6552,2612,38,2,47883.45,0
6553,2612,199,1,2159.8,10
6554,2612,148,1,23412.04,20
6555,2613,295,1,8626.71,20
6556,2613,93,1,10427.27,0
6557,2614,140,2,3069.85,10
6558,2615,164,1,14074.98,25
6559,2616,112,1,4781.14,10
6560,2617,250,2,2679.2,5
6561,2617,102,1,4100.56,5
6562,2617,297,1,48049.44,5
6563,2617,13,1,76873.8,15
6564,2618,59,1,41106.44,20
6565,2618,121,2,1516.25,10
6566,2618,98,1,9574.88,10
6567,2618,116,1,3970.67,15
6568,2619,255,2,419.85,25
6569,2620,243,1,3772.14,25
6570,2620,247,3,677.69,10
6571,2620,81,1,7169.26,20
6572,2620,28,2,81180.85,20
6573,2621,182,2,2587.81,0
6574,2621,185,2,674.39,5
6575,2622,250,2,2744.17,10
6576,2622,222,1,1080.2,10
6577,2622,206,1,2585.97,5
6578,2622,154,1,9259.56,0
6579,2623,277,1,5899.1,5
6580,2624,97,1,3386.62,15
6581,2624,9,4,66970.51,15
6582,2624,85,1,11098.89,5
6583,2625,64,2,40640.87,20
6584,2625,209,1,2293.57,5
6585,2626,221,2,1229.72,0
6586,2626,139,2,5075.28,0
6587,2626,31,2,45072.02,10
6588,2626,212,2,752.7,5
6589,2627,121,2,1543.36,25
6590,2627,62,3,41144.4,5
6591,2628,270,1,2071.69,5
6592,2629,118,4,7710.59,5
6593,2629,217,1,2585.63,0
6594,2629,209,1,2419.65,0
6595,2629,3,5,42618.99,0
6596,2630,294,1,26874.04,0
6597,2630,36,2,1519.78,0
6598,2630,127,1,7250.28,20
6599,2630,15,2,26401.76,20
6600,2630,166,1,15696.74,5
6601,2631,131,1,7027.87,25
6602,2632,264,1,2505.86,10
6603,2632,270,2,2066.75,10
6604,2633,80,1,2258.55,25
6605,2633,166,1,14424.06,0
6606,2634,4,1,10327.55,20
6607,2635,78,1,2742.73,0
6608,2635,121,5,1609.3,0
6609,2635,146,2,16330.95,0
6610,2635,91,1,2080.07,15
6611,2636,250,2,2686.29,25
6612,2637,150,1,16619.71,20
6613,2637,51,2,38561.96,25
6614,2637,156,1,22444.95,5
6615,2638,244,2,79.95,5
6616,2638,100,1,793.59,15
6617,2638,234,1,3286.76,0
6618,2639,275,3,1638.23,20
6619,2640,29,1,45437.36,0
6620,2640,250,2,2810.95,0
6621,2641,195,1,3182.77,0
6622,2641,56,1,41602.45,15
6623,2641,116,2,4294.12,0
6624,2642,261,5,7866.32,15
6625,2643,283,1,4310.62,10
6626,2643,129,2,4184.07,20
6627,2644,290,1,5618.89,0
6628,2644,240,1,1205.42,0
6629,2644,237,5,3017.31,15
6630,2645,14,3,20295.38,0
6631,2646,248,1,920.42,10
6632,2646,221,1,1117.77,0
6633,2647,95,2,12386.64,0
6634,2647,22,1,26417.6,0
6635,2648,44,2,8369.16,25
6636,2648,281,1,1949.17,5
6637,2649,77,1,7998.63,5
6638,2649,107,1,7097.75,25
6639,2649,21,1,53724.49,15
6640,2649,234,1,3516.98,15
6641,2649,116,3,3944.61,15
6642,2650,164,1,13177.42,10
6643,2650,166,1,15617.15,10
6644,2650,293,1,12795.67,10
6645,2650,175,1,20339.94,10
6646,2651,208,3,624.7,10
6647,2651,17,1,81471.1,0
6648,2651,219,2,2295.29,5
6649,2652,255,2,409.85,0
6650,2652,170,1,22492.84,0
6651,2653,1,1,25580.72,10
6652,2653,220,1,661.06,15
6653,2654,93,1,10476.81,10
6654,2654,200,1,1505.9,0
6655,2654,177,2,12975.18,20
6656,2654,123,2,4882.3,0
6657,2655,270,1,2211.69,0
6658,2655,122,1,5600.93,25
6659,2656,64,3,43112.39,0
6660,2656,142,1,2845.54,5
6661,2656,91,1,2101.81,0
6662,2657,53,1,19372.26,10
6663,2658,267,1,3866.55,5
6664,2658,22,3,26765.28,5
6665,2658,148,1,22951.53,20
6666,2659,102,1,3827.69,15
6667,2659,159,1,13379.23,0
6668,2659,64,1,41893.87,10
6669,2659,213,1,1148.36,5
6670,2660,109,1,1515.5,0
6671,2661,285,2,7597.66,5
6672,2661,64,2,42543.26,0
6673,2661,61,3,15322.27,25
6674,2662,287,3,1712.45,25
6675,2662,265,3,7401.14,20
6676,2662,49,3,38302.07,10
6677,2663,101,1,14239.78,5
6678,2663,46,3,35928.69,0
6679,2663,222,1,1128.98,0
6680,2663,165,1,9079.48,0
6681,2664,103,1,10148.27,10
6682,2664,118,1,7183.69,10
6683,2665,163,3,638.49,15
6684,2665,110,2,4919.99,15
6685,2666,189,2,4087.79,0
6686,2666,267,1,3772.9,5
6687,2666,145,1,6050.73,0
6688,2667,275,1,1602.3,5
6689,2667,205,2,766.54,15
6690,2668,26,1,29675.25,25
6691,2668,177,3,13824.93,0
6692,2669,198,1,1729.89,20
6693,2669,215,1,3428.1,0
6694,2670,46,1,38339.61,0
6695,2670,45,2,639.9,10
6696,2670,9,2,63810.52,15
6697,2670,257,2,1054.04,15
6698,2671,137,1,1636.92,0
6699,2671,72,1,3658.7,0
6700,2671,191,1,414.84,25
6701,2671,77,1,8243.0,15
6702,2672,107,1,7256.55,10
6703,2672,255,2,411.41,0
6704,2673,16,4,33195.85,0
6705,2674,37,3,43869.47,20
6706,2675,200,1,1482.16,25
6707,2675,204,2,2328.01,0
6708,2675,69,1,9963.06,10
6709,2676,90,1,13409.67,25
6710,2676,48,1,39566.71,0
6711,2677,132,1,7528.46,10
6712,2678,243,1,3441.84,0
6713,2678,286,2,8957.95,10
6714,2678,289,2,3514.65,0
6715,2678,45,2,639.23,5
6716,2678,104,2,7836.65,0
6717,2679,158,1,7297.98,15
6718,2679,45,1,645.21,5
6719,2680,24,2,33665.94,0
6720,2681,264,2,2672.9,15
6721,2681,83,2,12344.52,10
6722,2682,119,3,7124.21,20
6723,2682,143,3,6129.12,10
6724,2682,157,1,10840.7,20
6725,2683,291,1,5715.8,15
6726,2683,63,1,30493.82,0
6727,2683,128,4,871.63,0
6728,2683,51,1,39896.18,15
6729,2684,273,1,1409.91,20
6730,2684,37,1,44163.03,0
6731,2684,84,1,2977.69,15
6732,2684,101,1,13765.69,15
6733,2685,89,2,9969.61,15
6734,2685,166,1,14406.28,25
6735,2685,136,1,2355.83,0
6736,2686,45,1,673.26,5
6737,2686,110,1,4970.64,0
6738,2686,82,1,8591.39,25
6739,2686,143,1,6225.4,15
6740,2687,192,2,291.15,5
6741,2687,63,1,31355.71,10
6742,2687,227,3,414.66,15
6743,2688,47,2,9761.01,20
6744,2688,191,4,423.56,15
6745,2689,48,1,38103.61,10
6746,2689,225,1,981.19,20
6747,2690,59,1,38287.99,25
6748,2691,82,1,8589.2,20
6749,2691,89,2,9448.99,20
6750,2691,65,1,27382.44,0
6751,2691,146,2,16338.07,15
6752,2692,6,2,67502.98,0
6753,2692,15,2,26102.66,0
6754,2693,239,2,1881.77,0
6755,2694,20,2,56627.55,0
6756,2694,238,1,2400.84,25
6757,2694,278,1,7165.7,25
6758,2695,40,1,25757.05,0
6759,2695,171,1,16983.5,20
6760,2696,222,2,1084.78,25
6761,2696,242,3,1380.4,15
6762,2696,26,1,29280.72,0
6763,2696,295,1,9593.75,15
6764,2697,265,1,7334.44,0
6765,2698,173,4,11072.0,0
6766,2699,10,2,22717.86,0
6767,2699,205,1,786.82,0
6768,2699,264,1,2625.64,25
6769,2700,274,5,5785.76,15
6770,2700,251,1,3075.29,20
6771,2700,103,3,9593.07,25
6772,2700,140,2,2983.46,20
6773,2700,262,2,1983.36,0
6774,2701,103,2,9412.9,0
6775,2702,287,2,1646.78,0
6776,2702,101,4,14671.84,15
6777,2702,196,1,1760.98,20
6778,2703,150,1,16108.13,10
6779,2703,178,3,7570.69,0
6780,2704,228,2,269.21,0
6781,2704,275,1,1603.21,10
6782,2705,201,1,3350.5,0
6783,2705,27,2,14023.87,0
6784,2705,141,1,2153.59,15
6785,2706,219,1,2124.74,15
6786,2706,87,1,11580.97,0
6787,2707,70,1,41416.85,10
6788,2707,21,3,54142.81,15
6789,2708,255,1,414.08,25
6790,2708,110,2,5132.5,0
6791,2708,9,4,68019.72,5
6792,2708,124,1,966.27,0
6793,2709,265,4,6876.53,20
6794,2709,63,1,31989.81,0
6795,2709,227,1,422.4,0
6796,2710,36,2,1549.67,0
6797,2710,220,1,692.01,25
6798,2710,109,1,1517.47,0
6799,2710,232,5,540.33,25
6800,2711,288,4,3677.83,0
6801,2712,162,5,16018.84,0
6802,2712,87,1,11886.16,5
6803,2712,154,3,9111.37,5
6804,2712,89,5,9617.02,10
6805,2713,19,1,69044.97,5
6806,2713,95,1,13310.14,0
6807,2713,175,4,18329.36,10
6808,2713,135,1,2192.25,0
6809,2714,278,2,7192.84,15
6810,2714,282,2,1450.12,0
6811,2715,282,2,1513.4,20
6812,2715,68,2,7600.82,0
6813,2715,253,2,6092.75,10
6814,2716,225,2,915.43,5
6815,2716,133,1,2840.91,10
6816,2717,172,1,18638.81,25
6817,2718,249,1,2012.32,10
6818,2719,209,1,2271.23,0
6819,2719,223,1,2776.35,0
6820,2719,44,1,8533.75,0
6821,2719,77,3,8003.86,20
6822,2720,204,1,2275.68,20
6823,2721,84,1,3089.81,25
6824,2721,210,1,1634.85,0
6825,2721,93,1,9593.05,10
6826,2722,18,3,17674.28,10
6827,2723,300,2,836.59,0
6828,2723,183,2,4416.6,20
6829,2724,294,2,28618.46,25
6830,2724,202,1,3849.27,25
6831,2725,71,2,22786.32,25
6832,2725,252,1,786.37,10
6833,2725,107,1,7159.56,5
6834,2725,35,1,44124.88,15
6835,2726,296,2,7399.09,5
6836,2726,40,1,25420.3,0
6837,2727,47,1,10212.2,0
6838,2727,51,3,40815.28,20
6839,2728,68,1,7449.13,10
6840,2728,6,1,62959.6,5
6841,2728,254,2,1909.2,25
6842,2728,30,1,70270.07,10
6843,2729,292,3,464.25,25
6844,2729,69,2,9993.59,20
6845,2729,66,2,14701.67,0
6846,2730,257,1,1016.65,0
6847,2730,293,1,13003.84,15
6848,2731,210,1,1725.06,0
6849,2731,203,3,1029.73,0
6850,2732,124,4,976.57,25
6851,2732,182,2,2533.49,15
6852,2733,236,1,2107.0,20
6853,2733,183,1,4244.87,10
6854,2733,215,4,3410.16,5
6855,2733,144,1,3843.44,20
6856,2734,143,1,5685.2,0
6857,2734,7,1,72695.32,15
6858,2734,109,1,1511.99,10
6859,2734,86,2,9103.08,0
6860,2735,205,1,739.46,5
6861,2736,22,1,26371.2,5
6862,2736,28,1,77948.78,10
6863,2737,30,2,65742.85,5
6864,2737,166,1,14648.93,25
6865,2738,17,1,85150.66,10
6866,2738,19,1,73317.01,25
6867,2738,165,1,9134.1,15
6868,2739,109,5,1536.29,15
6869,2740,221,4,1109.73,10
6870,2741,77,2,7945.73,15
6871,2742,2,1,88626.8,0
6872,2742,98,1,10315.36,15
6873,2742,52,2,46166.79,15
6874,2743,89,2,9581.84,20
6875,2743,138,1,4478.58,5
6876,2743,36,1,1466.5,0
6877,2744,241,2,86.43,0
6878,2745,78,2,2637.95,10
6879,2745,182,1,2598.21,0
6880,2745,103,1,9270.18,0
6881,2746,174,3,12553.47,0
6882,2746,38,3,44645.5,10
6883,2746,160,3,1148.95,25
6884,2747,195,1,3210.92,15
6885,2747,60,1,11357.52,10
6886,2747,61,1,15186.8,15
6887,2747,253,1,6155.22,20
6888,2747,121,4,1490.38,5
6889,2748,78,3,2761.9,0
6890,2748,61,4,15240.64,0
6891,2748,104,1,7462.02,20
6892,2749,199,3,2034.7,5
6893,2749,66,4,15575.96,0
6894,2750,117,2,303.57,10
6895,2751,197,1,1442.42,10
6896,2752,58,1,14277.86,10
6897,2752,68,2,7018.05,25
6898,2753,103,3,9130.67,10
6899,2753,218,2,3309.69,5
6900,2754,109,4,1649.45,10
6901,2754,126,1,1494.54,0
6902,2755,2,2,85024.1,0
6903,2755,230,1,366.2,5
6904,2756,286,1,8629.18,15
6905,2756,193,2,3809.48,0
6906,2757,3,2,45088.65,25
6907,2757,246,3,1646.55,15
6908,2757,106,1,7486.61,20
6909,2757,22,1,26192.06,0
6910,2758,110,1,5032.51,25
6911,2758,208,1,613.54,0
6912,2758,92,2,5279.85,10
6913,2758,266,1,7741.58,5
6914,2759,117,3,304.59,0
6915,2759,292,3,475.92,0
6916,2759,133,2,2951.68,15
6917,2759,83,2,12711.46,20
6918,2760,28,1,83326.05,10
6919,2761,238,1,2524.91,5
6920,2761,10,1,22570.18,0
6921,2762,80,4,2109.41,15
6922,2762,138,2,4521.52,10
6923,2762,146,1,17461.83,5
6924,2763,200,2,1530.21,5
6925,2763,14,2,20591.16,0
6926,2763,201,2,3422.85,25
6927,2764,258,2,4355.15,20
6928,2764,242,2,1405.64,0
6929,2764,143,3,6034.08,20
6930,2764,182,2,2597.91,15
6931,2765,244,1,85.16,20
6932,2765,160,1,1222.64,10
6933,2765,265,2,7641.83,0
6934,2766,64,2,41947.75,0
6935,2766,290,4,5422.83,10
6936,2767,117,1,282.58,25
6937,2768,297,1,49324.75,10
6938,2768,50,3,15523.43,0
6939,2769,229,1,3752.76,20
6940,2769,1,1,26490.24,15
6941,2769,285,2,7230.46,10
6942,2770,88,2,3994.9,0
6943,2770,227,1,408.57,0
6944,2770,61,4,15287.91,15
6945,2771,56,2,42210.68,25
6946,2772,158,2,7377.65,20
6947,2772,228,1,266.22,5
6948,2772,192,2,299.19,10
6949,2772,217,1,2540.18,5
6950,2773,64,1,42727.53,0
6951,2773,84,2,2943.12,5
6952,2773,186,4,2611.12,0
6953,2773,12,2,10210.29,25
6954,2774,170,1,20823.46,15
6955,2774,43,1,9693.24,0
6956,2774,222,1,1126.13,0
6957,2774,94,2,2553.09,15
6958,2774,136,2,2277.24,0
6959,2775,225,1,966.4,10
6960,2775,248,1,929.6,15
6961,2775,18,3,17685.23,0
6962,2776,258,4,4371.99,0
6963,2776,232,1,535.84,20
6964,2777,128,2,877.62,25
6965,2777,188,1,1662.14,5
6966,2778,27,1,13468.07,0
6967,2779,182,2,2417.95,15
6968,2779,183,2,4089.74,20
6969,2779,245,1,979.02,20
6970,2780,243,2,3480.19,10
6971,2780,139,3,4894.75,0
6972,2780,286,1,8825.14,20
6973,2781,28,2,81453.53,0
6974,2781,66,2,14774.35,10
6975,2781,198,3,1672.86,5
6976,2782,35,2,40571.04,25
6977,2782,273,1,1281.36,0
6978,2782,283,1,4566.17,0
6979,2782,209,1,2501.92,0
6980,2782,170,1,21086.64,0
6981,2783,231,1,888.57,10
6982,2783,15,2,26356.29,25
6983,2783,121,1,1454.19,0
6984,2783,191,2,381.87,10
6985,2784,133,2,2886.65,5
6986,2784,26,2,31088.66,0
6987,2784,243,1,3740.37,15
6988,2784,37,2,42541.07,10
6989,2785,71,3,23224.78,0
6990,2785,225,1,958.0,0
6991,2785,287,1,1587.4,5
6992,2786,98,2,10011.94,15
6993,2786,57,2,14885.77,0
6994,2786,39,1,42798.32,5
6995,2787,29,2,41135.46,25
6996,2787,282,2,1549.96,5
6997,2788,197,1,1447.86,0
6998,2788,240,1,1166.18,0
6999,2789,31,1,43916.87,5
7000,2789,215,1,3416.02,0
7001,2789,149,3,19755.36,10
7002,2789,15,2,24459.24,0
7003,2790,265,3,7502.26,15
7004,2790,290,1,5635.56,0
7005,2791,222,1,1067.53,0
7006,2791,56,1,43412.13,0
7007,2791,180,1,8858.45,0
7008,2791,184,1,4208.41,0
7009,2792,197,1,1410.52,25
7010,2792,190,1,1422.52,20
7011,2792,277,2,6200.27,20
7012,2792,113,1,2107.88,10
7013,2793,208,2,598.61,0
7014,2793,262,4,2112.08,0
7015,2794,252,1,717.66,5
7016,2794,291,2,5839.52,10
7017,2794,220,3,709.05,10
7018,2795,3,1,44375.0,10
7019,2795,238,1,2555.54,0
7020,2795,284,2,1933.23,5
7021,2796,243,1,3801.45,10
7022,2797,169,2,21830.1,0
7023,2797,17,5,84851.74,25
7024,2797,77,1,8486.85,0
7025,2798,38,2,48842.98,0
7026,2799,113,1,1922.93,10
7027,2799,243,1,3603.45,10
7028,2799,271,1,2349.76,10
7029,2800,118,1,7371.19,0
7030,2800,69,4,10158.58,0
7031,2801,170,1,20842.52,0
7032,2801,39,1,46684.35,0
7033,2801,45,1,636.13,0
7034,2802,223,2,3050.21,0
7035,2802,89,1,10191.82,25
7036,2803,153,1,5885.32,0
7037,2803,55,1,3359.52,15
7038,2803,158,4,7123.23,5
7039,2804,143,2,5827.71,0
7040,2805,253,1,6346.21,0
7041,2805,103,2,10167.7,0
7042,2805,74,1,10169.33,25
7043,2806,50,2,16953.97,15
7044,2806,5,2,48663.59,25
7045,2807,164,4,13243.71,15
7046,2807,298,2,47452.84,10
7047,2807,113,1,1902.32,10
7048,2807,107,4,7403.21,25
7049,2807,170,1,21603.01,0
7050,2808,259,1,4759.39,0
7051,2809,17,2,87330.24,15
7052,2809,166,3,14954.74,25
7053,2810,24,2,35134.42,20
7054,2810,129,2,4513.88,25
7055,2810,74,2,9267.67,15
7056,2810,189,3,4296.47,20
7057,2810,115,1,1315.99,25
7058,2811,91,1,2230.94,25
7059,2811,281,3,1971.92,0
7060,2811,241,1,85.54,0
7061,2812,224,1,684.1,20
7062,2813,93,1,9706.44,0
7063,2813,245,2,914.37,20
7064,2814,150,1,15837.7,20
7065,2814,149,5,19282.06,15
7066,2815,123,2,4831.16,5
7067,2815,75,1,12491.57,10
7068,2815,37,1,42105.85,15
7069,2815,40,5,25872.7,15
7070,2816,180,1,8721.82,10
7071,2816,8,1,13836.01,10
7072,2817,50,2,16765.8,20
7073,2817,208,2,599.58,0
7074,2817,111,1,962.61,5
7075,2817,47,1,10354.09,10
7076,2817,218,4,3295.88,10
7077,2818,60,1,11408.08,20
7078,2818,68,1,7497.62,0
7079,2818,21,2,53469.01,15
7080,2819,4,2,11020.17,0
7081,2819,68,2,6831.94,0
7082,2820,73,1,6891.91,15
7083,2820,142,1,3098.15,25
7084,2821,75,2,13809.69,25
7085,2821,78,1,2704.91,20
7086,2821,195,4,3179.45,15
7087,2821,217,2,2354.18,15
7088,2822,166,1,14544.38,20
7089,2822,139,1,5119.15,25
7090,2822,295,2,9202.17,0
7091,2823,34,2,27662.9,15
7092,2824,48,1,37913.56,25
7093,2825,300,1,769.28,25
7094,2826,14,5,22101.19,10
7095,2827,162,1,15949.94,0
7096,2827,133,2,2846.24,20
7097,2828,284,1,2086.05,10
7098,2828,47,2,10787.37,20
7099,2829,191,2,390.76,5
7100,2829,201,1,3411.88,0
7101,2829,291,4,6006.74,20
7102,2829,59,1,39144.07,10
7103,2830,194,1,2734.07,0
7104,2830,48,2,38896.25,0
7105,2830,15,2,24607.26,5
7106,2830,33,2,78256.32,20
7107,2831,220,2,657.39,0
7108,2831,198,2,1779.33,25
7109,2832,30,1,70626.47,20
7110,2832,117,2,278.24,0
7111,2832,238,1,2585.84,20
7112,2833,270,1,2168.1,0
7113,2833,41,1,38231.59,5
7114,2833,67,2,16404.43,25
7115,2833,160,1,1101.36,20
7116,2834,121,2,1593.32,25
7117,2835,184,1,4318.22,15
7118,2835,237,1,3013.07,10
7119,2835,117,2,273.18,10
7120,2836,17,1,87385.85,10
7121,2836,246,2,1577.85,20
7122,2837,154,1,9264.33,0
7123,2837,41,4,40186.6,10
7124,2838,185,3,698.94,10
7125,2838,80,3,2094.02,15
7126,2838,70,5,43570.39,10
7127,2839,121,2,1579.38,0
7128,2840,162,2,17080.53,5
7129,2840,271,1,2196.3,5
7130,2841,219,1,2350.82,5
7131,2842,64,2,43642.36,25
7132,2843,106,2,7546.58,20
7133,2844,28,1,86037.97,5
7134,2844,262,2,2001.7,0
7135,2845,78,1,2673.98,0
7136,2845,40,4,26618.2,0
7137,2845,61,2,14725.89,5
7138,2846,106,2,7367.36,0
7139,2846,24,2,33991.75,20
7140,2846,33,3,73414.98,0
7141,2846,97,3,3706.82,0
7142,2847,209,2,2336.33,5
7143,2847,260,2,8648.9,20
7144,2847,61,1,14656.1,15
7145,2848,288,1,3720.62,25
7146,2848,5,1,52974.49,20
7147,2849,235,2,3677.48,0
7148,2849,209,1,2377.69,10
7149,2850,103,2,10117.76,20
7150,2851,140,2,3066.03,0
7151,2851,15,2,25713.86,0
7152,2852,249,5,2106.43,0
7153,2852,191,4,408.68,0
7154,2852,131,1,6813.87,5
7155,2853,98,1,9869.41,20
7156,2853,56,2,42426.09,0
7157,2853,172,1,19430.72,10
7158,2853,201,2,3295.43,15
7159,2854,167,3,14684.47,0
7160,2854,124,3,943.05,10
7161,2854,216,1,4326.06,0
7162,2854,233,1,183.6,20
7163,2854,291,1,5727.01,10
7164,2855,218,1,3219.15,0
7165,2855,200,2,1486.21,15
7166,2856,26,1,28250.96,10
7167,2856,248,3,942.78,0
7168,2857,174,1,11699.19,15
7169,2857,214,3,935.82,15
7170,2857,6,1,67097.21,10
7171,2858,10,2,23365.23,10
7172,2858,139,2,5274.02,20
7173,2859,34,1,25787.1,15
7174,2859,273,1,1341.77,0
7175,2859,56,1,40059.07,20
7176,2860,7,2,70889.26,5
7177,2860,19,2,69236.93,20
7178,2860,260,1,8362.95,0
7179,2861,141,1,2193.51,5
7180,2861,217,1,2602.88,25
7181,2862,174,1,11268.19,5
7182,2863,149,2,20268.03,25
7183,2863,117,2,304.24,25
7184,2864,217,2,2483.47,5
7185,2864,115,2,1201.56,0
7186,2864,50,1,15672.72,0
7187,2865,267,3,4119.34,0
7188,2866,87,3,10726.7,15
7189,2866,107,1,7472.87,10
7190,2867,17,3,81282.14,0
7191,2867,191,1,398.65,0
7192,2868,205,2,742.09,0
7193,2868,117,1,286.76,25
7194,2869,56,3,42277.78,0
7195,2869,282,1,1506.91,0
7196,2869,39,2,45936.76,10
7197,2870,276,2,4953.16,5
7198,2870,287,1,1732.13,10
7199,2871,191,2,403.76,20
7200,2871,229,2,3998.18,15
7201,2872,242,1,1343.9,25
7202,2872,119,1,6603.82,25
7203,2872,239,2,1839.72,0
7204,2872,147,1,3027.76,5
7205,2872,171,1,17034.87,0
7206,2873,170,4,22026.58,5
7207,2873,182,1,2531.09,25
7208,2873,139,1,5273.16,0
7209,2874,53,3,19523.51,20
7210,2874,129,1,4223.08,5
7211,2875,189,2,4437.78,0
7212,2876,66,1,14752.41,15
7213,2876,259,4,4740.15,10
7214,2877,8,1,12764.79,0
7215,2878,296,1,7423.82,0
7216,2878,249,2,2016.72,20
7217,2878,267,3,4121.38,25
7218,2878,266,2,7837.14,0
7219,2878,171,1,17082.31,5
7220,2879,17,2,85709.16,25
7221,2879,253,2,6397.17,0
7222,2880,256,4,1421.03,0
7223,2880,296,3,6931.4,5
7224,2880,262,1,1946.67,0
7225,2880,121,2,1484.7,15
7226,2881,77,2,8359.89,10
7227,2881,194,4,2570.68,5
7228,2881,134,2,6805.05,0
7229,2882,169,2,23010.55,10
7230,2882,12,2,9753.69,0
7231,2882,188,2,1710.68,15
7232,2882,157,1,10602.78,0
7233,2883,273,5,1373.83,5
7234,2884,114,3,1123.47,10
7235,2884,232,3,556.79,10
7236,2885,258,2,4001.48,0
7237,2886,237,2,2968.58,10
7238,2886,92,3,5651.11,20
7239,2887,215,1,3399.9,15
7240,2887,163,1,659.98,0
7241,2887,252,1,721.67,25
7242,2888,163,2,675.99,0
7243,2889,3,3,42843.02,25
7244,2889,91,2,2103.28,0
7245,2890,98,2,10290.33,0
7246,2890,238,1,2458.53,20
7247,2891,76,3,9169.55,15
7248,2891,294,1,26508.98,5
7249,2892,4,1,11070.14,0
7250,2893,154,1,9685.98,0
7251,2893,137,1,1569.78,25
7252,2893,63,1,30335.74,5
7253,2894,1,1,24871.9,0
7254,2894,196,4,1777.41,0
7255,2895,148,1,23598.56,0
7256,2896,296,1,6946.96,0
7257,2896,191,1,413.17,0
7258,2896,32,1,48432.35,0
7259,2897,277,1,5950.06,5
7260,2897,162,1,15812.14,0
7261,2897,260,2,8517.31,0
7262,2897,62,1,41286.7,0
7263,2898,298,2,49237.83,0
7264,2898,174,1,11871.92,10
7265,2898,115,5,1311.94,0
7266,2899,127,2,6956.53,10
7267,2899,166,2,14260.3,25
7268,2899,62,4,44680.11,0
7269,2900,124,2,987.65,0
7270,2900,12,1,9448.13,5
7271,2901,223,1,2860.47,0
7272,2901,229,4,4087.14,0
7273,2901,27,3,13998.23,15
7274,2902,75,2,13361.41,5
7275,2902,16,2,35285.3,5
7276,2903,189,2,4335.23,5
7277,2903,75,2,12639.25,0
7278,2904,162,1,16256.65,25
7279,2905,49,4,34722.12,0
7280,2905,218,1,3269.13,10
7281,2905,228,3,261.97,0
7282,2906,179,1,2080.62,5
7283,2906,296,1,7454.28,10
7284,2907,299,1,45242.27,20
7285,2907,233,2,191.76,25
7286,2907,23,4,17694.79,0
7287,2908,32,2,47170.11,0
7288,2908,70,1,39908.4,0
7289,2908,73,1,7160.32,10
7290,2909,32,1,47642.23,0
7291,2909,52,1,45927.12,10
7292,2910,10,1,22144.31,0
7293,2910,209,2,2413.03,10
7294,2911,19,2,72642.94,0
7295,2911,175,3,18514.17,0
7296,2911,223,1,2950.03,0
7297,2911,155,1,12468.53,10
7298,2912,184,3,3879.4,0
7299,2912,116,1,4079.07,5
7300,2912,99,1,5529.53,0
7301,2912,279,3,2538.93,15
7302,2912,153,2,5343.02,15
7303,2913,174,1,11482.18,10
7304,2913,269,1,5194.11,15
7305,2914,187,2,4660.96,10
7306,2914,41,2,41380.6,15
7307,2915,129,2,4415.81,0
7308,2915,152,2,22028.94,15
7309,2915,155,1,12988.23,0
7310,2915,289,2,3336.59,0
7311,2916,293,3,13396.96,0
7312,2916,146,3,16768.98,15
7313,2916,299,2,48902.01,10
7314,2916,151,1,441.25,20
7315,2917,2,3,84582.55,10
7316,2917,143,4,5945.65,20
7317,2917,165,2,8251.84,20
7318,2918,284,3,2009.72,0
7319,2919,173,2,11424.23,0
7320,2920,85,1,11200.1,10
7321,2920,54,1,5851.71,0
7322,2921,223,1,2971.69,5
7323,2921,193,1,4002.48,10
7324,2921,190,3,1523.44,5
7325,2921,189,1,4423.84,0
7326,2921,200,1,1451.39,10
7327,2922,187,3,4811.83,20
7328,2923,47,4,10727.71,5
7329,2923,136,1,2433.1,0
7330,2923,200,2,1418.04,20
7331,2924,189,2,4329.67,0
7332,2924,243,3,3757.15,15
7333,2924,235,1,3605.19,15
7334,2924,135,3,2071.11,0
7335,2925,125,1,5389.55,0
7336,2925,197,1,1324.04,20
7337,2926,210,1,1675.21,0
7338,2926,236,1,2145.98,20
7339,2926,293,4,12410.67,10
7340,2927,89,3,9194.43,20
7341,2927,258,1,4223.16,25
7342,2928,146,2,16442.6,5
7343,2928,228,1,248.74,0
7344,2928,230,1,392.65,20
7345,2929,24,1,34518.98,15
7346,2929,189,1,4171.99,0
7347,2930,186,2,2583.9,0
7348,2930,159,2,12560.76,10
7349,2931,284,1,2113.79,15
7350,2931,253,3,6373.73,10
7351,2932,14,3,22354.47,5
7352,2932,105,2,7999.85,0
7353,2933,221,1,1170.75,0
7354,2933,208,1,595.13,20
7355,2934,173,1,11982.56,0
7356,2934,223,1,2988.65,0
7357,2934,215,4,3481.08,25
7358,2935,84,1,3050.09,0
7359,2935,100,4,813.89,20
7360,2935,212,1,735.21,25
7361,2936,214,3,934.09,0
7362,2936,131,4,6964.85,0
7363,2936,15,3,25084.07,10
7364,2937,174,2,12026.62,0
7365,2937,230,1,363.8,0
7366,2937,90,1,12770.81,0
7367,2937,137,1,1610.12,15
7368,2938,245,1,941.27,0
7369,2938,263,1,7663.0,5
7370,2938,37,2,43379.01,20
7371,2938,288,4,3497.84,5
7372,2939,21,2,51449.54,20
7373,2939,273,1,1348.62,0
7374,2939,169,1,23406.08,15
7375,2939,45,1,652.98,0
7376,2940,100,1,821.55,25
7377,2941,271,2,2343.74,10
7378,2941,198,1,1728.07,10
7379,2941,110,1,5140.83,20
7380,2941,285,1,7308.59,0
7381,2942,2,1,84028.84,15
7382,2942,204,1,2500.0,0
7383,2943,7,2,71198.46,0
7384,2943,149,1,19554.01,10
7385,2943,264,5,2626.09,25
7386,2944,130,1,5498.33,5
7387,2944,28,2,77866.57,5
7388,2945,73,2,7029.26,10
7389,2945,235,2,3784.44,10
7390,2946,278,1,7078.72,5
7391,2946,12,2,10197.39,15
7392,2947,39,2,45685.08,25
7393,2948,88,2,3947.54,5
7394,2948,152,1,21435.07,0
7395,2948,189,1,4454.41,20
7396,2949,225,2,945.42,0
7397,2950,125,1,5462.76,20
7398,2950,101,2,14385.98,25
7399,2950,102,1,4134.61,0
7400,2950,287,2,1643.98,0
7401,2950,181,3,4490.53,5
7402,2951,220,1,648.16,15
7403,2952,64,1,41209.72,15
7404,2952,123,4,4449.85,0
7405,2953,166,1,15091.78,0
7406,2954,274,1,5749.92,25
7407,2954,218,2,3262.12,25
7408,2955,130,1,5225.1,15
7409,2956,120,1,4790.18,0
7410,2956,62,1,40905.48,20
7411,2956,26,1,29775.7,25
7412,2956,241,1,86.66,15
7413,2957,116,1,4180.47,15
7414,2957,143,3,6020.28,20
7415,2957,187,1,4617.97,20
7416,2957,253,2,5809.24,0
7417,2957,37,3,45043.97,5
7418,2958,98,1,10293.14,25
7419,2959,258,1,4081.58,0
7420,2960,211,1,4310.61,10
7421,2960,22,4,25007.91,0
7422,2961,176,2,19064.82,10
7423,2961,270,3,2106.67,0
7424,2962,221,2,1182.03,0
7425,2962,270,3,2182.88,5
7426,2962,286,2,8928.33,15
7427,2963,120,4,4875.17,10
7428,2963,100,1,857.9,25
7429,2964,205,1,756.35,0
7430,2964,272,2,3187.44,0
7431,2965,259,2,4516.25,20
7432,2965,232,3,521.62,15
7433,2966,266,3,7452.68,25
7434,2967,137,3,1639.07,15
7435,2968,286,1,8944.77,25
7436,2968,126,2,1448.52,0
7437,2969,120,1,4627.95,25
7438,2969,279,3,2442.88,10
7439,2969,23,2,17214.51,5
7440,2970,62,2,44884.19,0
7441,2971,15,5,25008.22,15
7442,2971,240,2,1227.66,20
7443,2971,189,2,4473.73,10
7444,2971,113,1,1906.82,5
7445,2972,211,2,4735.32,10
7446,2972,172,2,19221.76,5
7447,2972,150,2,16804.86,0
7448,2973,188,1,1691.38,0
7449,2973,112,4,4767.42,25
7450,2973,211,2,4428.25,25
7451,2973,119,2,7016.61,0
7452,2974,159,1,12185.46,0
7453,2974,129,1,4122.59,10
7454,2975,147,2,3074.42,0
7455,2975,280,1,7430.86,5
7456,2975,4,1,11075.75,15
7457,2976,247,2,669.88,10
7458,2976,200,3,1396.56,10
7459,2977,197,1,1414.58,25
7460,2977,166,2,15676.42,0
7461,2977,256,1,1374.25,5
7462,2977,33,3,76834.68,0
7463,2978,217,4,2436.87,25
7464,2978,112,2,4623.01,5
7465,2978,17,1,85272.47,20
7466,2978,93,1,10539.59,20
7467,2979,15,1,26309.14,0
7468,2979,113,1,2025.24,0
7469,2979,75,1,12853.38,10
7470,2979,50,3,16716.22,0
7471,2980,179,2,2102.16,5
7472,2980,34,2,26255.33,20
7473,2981,273,3,1335.99,0
7474,2981,30,1,68335.29,0
7475,2981,262,1,2074.98,0
7476,2981,74,1,9897.32,5
7477,2982,252,2,724.42,10
7478,2983,251,4,3327.88,0
7479,2984,69,1,9589.17,25
7480,2985,258,1,4403.83,25
7481,2985,189,1,4414.94,20
7482,2985,37,1,45057.39,5
7483,2985,61,2,14740.98,20
7484,2986,238,2,2482.8,0
7485,2987,294,1,26904.67,5
7486,2988,144,3,3810.22,0
7487,2988,138,2,4769.51,5
7488,2988,19,1,73418.36,25
7489,2989,109,2,1498.64,15
7490,2989,192,2,301.88,0
7491,2990,154,2,9428.06,25
7492,2990,186,2,2457.35,15
7493,2990,129,1,4283.8,20
7494,2990,92,2,5214.73,15
7495,2991,109,2,1523.91,5
7496,2991,67,1,16329.58,20
7497,2991,158,2,7455.2,0
7498,2991,45,2,633.05,10
7499,2991,103,2,10146.99,0
7500,2992,152,1,22506.92,15
7501,2993,56,1,41286.93,20
7502,2993,293,3,12454.89,10
7503,2993,66,2,15612.54,0
7504,2994,222,1,1150.34,0
7505,2994,41,2,40177.51,0
7506,2994,86,1,9406.12,20
7507,2995,147,1,3250.54,0
7508,2996,34,1,25577.22,5
7509,2996,65,1,28994.2,0
7510,2996,78,2,2794.82,20
7511,2996,181,1,4546.83,15
7512,2997,216,1,4131.11,0
7513,2997,254,1,1888.58,15
7514,2997,28,4,85372.67,25
7515,2997,98,2,9695.67,0
7516,2998,232,1,511.6,0
7517,2998,285,3,7346.2,15
7518,2998,131,3,6993.65,20
7519,2998,106,2,7399.21,25
7520,2998,235,3,3668.26,25
7521,2999,259,2,4426.98,20
7522,2999,46,1,38213.21,25
7523,2999,185,2,677.49,25
7524,2999,282,1,1459.63,0
7525,3000,206,2,2523.52,0
7526,3000,91,3,2110.0,25
7527,3001,36,1,1572.8,20
7528,3001,293,2,13244.15,0
7529,3001,150,3,16198.69,25
7530,3002,278,1,6666.87,0
7531,3002,214,1,1003.42,25
7532,3002,33,2,74748.82,25
7533,3002,155,2,12848.74,25
7534,3003,217,1,2621.48,0
7535,3003,71,1,21412.88,15
7536,3003,122,3,5948.25,0
7537,3003,57,5,13736.85,20
7538,3003,141,2,2180.45,20
7539,3004,49,5,35382.23,0
7540,3005,129,1,4103.71,20
7541,3005,261,5,8030.83,0
7542,3005,256,1,1314.15,0
7543,3005,224,2,707.81,15
7544,3006,36,1,1519.35,0
7545,3007,128,1,900.08,0
7546,3007,255,1,414.97,0
7547,3007,145,2,6402.92,0
7548,3008,110,2,4999.81,0
7549,3008,291,2,5775.04,5
7550,3008,62,2,44267.28,25
7551,3009,48,3,37738.66,15
7552,3009,105,4,7484.31,10
7553,3010,172,2,18806.1,15
7554,3011,152,5,23662.43,20
7555,3012,21,2,55954.85,10
7556,3012,245,2,887.57,25
7557,3012,18,3,18384.18,25
7558,3012,81,2,6838.36,15
7559,3012,154,2,9751.05,0
7560,3013,161,2,2331.13,25
7561,3014,72,1,3442.21,5
7562,3014,255,1,401.71,15
7563,3014,190,1,1412.99,10
7564,3015,244,1,80.69,15
7565,3015,62,4,42248.5,5
7566,3016,84,1,2928.95,0
7567,3016,24,5,34412.79,15
7568,3017,160,1,1158.91,0
7569,3017,27,2,14268.67,5
7570,3018,242,4,1398.47,0
7571,3018,12,1,10228.56,25
7572,3019,295,3,9173.56,0
7573,3019,201,1,3284.14,25
7574,3020,65,1,26482.87,5
7575,3020,135,1,2190.64,10
7576,3021,249,1,2106.72,15
7577,3021,146,2,16957.82,10
7578,3021,14,2,21223.87,0
7579,3022,170,2,22589.33,25
7580,3022,215,4,3476.5,0
7581,3023,186,1,2612.42,0
7582,3024,54,1,5786.9,0
7583,3024,187,1,4937.81,10
7584,3025,286,2,8906.04,25
7585,3026,109,2,1615.79,15
7586,3026,39,2,43620.1,0
7587,3027,110,2,5258.73,0
7588,3027,125,2,5223.2,25
7589,3028,21,2,53565.64,0
7590,3028,234,2,3448.52,25
7591,3028,130,2,5333.47,0
7592,3028,54,2,6364.3,25
7593,3028,283,3,4441.4,5
7594,3029,225,1,997.99,25
7595,3030,209,3,2332.59,5
7596,3030,49,3,34579.19,5
7597,3030,195,4,3207.57,20
7598,3030,163,1,638.48,20
7599,3031,250,1,2770.38,10
7600,3031,89,2,9891.12,0
7601,3031,257,1,1057.21,0
7602,3032,104,1,7511.26,0
7603,3032,262,3,2092.35,0
7604,3032,3,1,43831.1,0
7605,3033,221,1,1208.24,0
7606,3034,227,2,423.59,0
7607,3034,237,1,2943.33,20
7608,3034,90,1,12939.04,0
7609,3035,9,1,63939.31,15
7610,3036,25,1,12276.18,0
7611,3037,126,2,1578.58,0
7612,3037,9,4,62868.72,0
7613,3037,246,1,1567.37,5
7614,3037,109,2,1622.64,20
7615,3038,66,1,14261.61,10
7616,3038,49,1,38164.03,0
7617,3039,27,1,14319.6,25
7618,3039,18,1,18451.75,15
7619,3039,296,2,6911.1,0
7620,3040,166,1,14326.57,15
7621,3040,12,1,9228.82,0
7622,3040,156,3,22952.2,15
7623,3040,55,1,3364.9,20
7624,3041,22,2,26629.44,5
7625,3041,100,2,811.98,0
7626,3042,124,3,1029.28,0
7627,3042,253,1,6007.89,10
7628,3043,196,2,1856.53,0
7629,3044,163,1,651.3,5
7630,3044,210,2,1688.94,5
7631,3044,33,1,78450.87,0
7632,3045,117,2,282.29,25
7633,3045,214,2,984.5,0
7634,3046,118,4,7530.23,10
7635,3046,99,1,5505.3,0
7636,3047,282,1,1506.9,10
7637,3047,99,3,6144.11,15
7638,3047,183,2,4191.55,0
7639,3047,216,1,4289.8,25
7640,3048,242,1,1365.6,25
7641,3048,12,1,10126.81,0
7642,3049,237,4,2861.87,0
7643,3049,37,1,43986.59,15
7644,3049,30,1,68115.41,0
7645,3049,200,3,1396.56,25
7646,3049,53,2,18790.0,25
7647,3050,288,2,3519.82,15
7648,3050,197,1,1422.76,15
7649,3050,60,1,11251.03,10
7650,3050,220,4,642.26,10
7651,3051,122,2,5476.0,20
7652,3051,135,1,2158.4,15
7653,3051,144,1,4040.12,0
7654,3051,211,2,4413.13,5
7655,3052,156,4,22596.25,15
7656,3053,294,5,27816.78,5
7657,3053,82,1,8285.84,20
7658,3053,237,1,3035.43,0
7659,3053,242,1,1327.44,0
7660,3054,253,1,6304.34,25
7661,3054,257,2,1090.86,0
7662,3055,124,1,1007.99,25
7663,3055,30,1,67563.15,10
7664,3055,295,1,9414.84,0
7665,3056,96,5,13396.39,20
7666,3056,170,2,20193.82,0
7667,3056,14,1,21605.91,0
7668,3056,300,3,814.04,0
7669,3057,267,2,3808.59,25
7670,3057,234,2,3286.89,0
7671,3057,102,2,3882.03,10
7672,3057,236,3,2104.18,0
7673,3058,70,4,41919.31,25
7674,3058,98,2,9338.49,0
7675,3059,115,2,1215.27,0
7676,3059,100,1,849.72,20
7677,3060,11,2,19025.26,15
7678,3060,133,1,2734.6,5
7679,3061,151,1,412.55,20
7680,3061,139,1,4992.09,25
7681,3061,251,1,3330.06,0
7682,3062,132,2,7098.51,0
7683,3063,75,1,12495.84,0
7684,3063,29,3,44948.45,20
7685,3064,89,2,9726.76,25
7686,3064,25,1,12040.66,20
7687,3064,248,3,927.22,25
7688,3064,218,1,2986.84,0
7689,3065,239,1,1997.82,25
7690,3065,126,3,1528.52,10
7691,3066,76,2,8705.14,0
7692,3066,108,3,1428.15,0
7693,3066,62,3,43334.58,0
7694,3067,169,2,22864.06,0
7695,3067,235,1,3611.87,0
7696,3067,37,2,44172.28,5
7697,3067,31,3,47792.93,0
7698,3067,101,1,14411.08,25
7699,3068,182,1,2380.18,25
7700,3069,136,1,2214.22,25
7701,3069,294,4,26888.35,20
7702,3070,30,4,67175.41,10
7703,3070,281,1,1986.93,0
7704,3071,268,1,1702.18,0
7705,3071,172,1,19534.99,20
7706,3071,161,2,2315.85,25
7707,3071,44,2,8728.99,0
7708,3072,267,1,3696.55,5
7709,3072,104,2,7834.1,15
7710,3073,120,1,4993.42,0
7711,3073,228,2,254.86,0
7712,3073,2,1,86827.28,25
7713,3073,55,1,3528.47,5
7714,3074,274,1,5864.52,0
7715,3074,254,1,1899.97,20
7716,3075,187,1,4896.99,15
7717,3076,55,2,3294.58,0
7718,3076,280,3,7104.35,0
7719,3076,72,1,3460.38,20
7720,3077,224,2,656.58,0
7721,3077,183,2,4432.87,0
7722,3077,214,2,940.36,25
7723,3077,188,1,1719.33,5
7724,3078,186,1,2356.85,0
7725,3078,213,2,1062.47,25
7726,3079,155,1,12802.24,0
7727,3079,39,1,43406.29,0
7728,3080,43,5,9648.82,5
7729,3080,127,3,7151.81,0
7730,3080,299,1,48421.88,0
7731,3081,222,1,1033.73,0
7732,3081,249,2,2071.26,5
7733,3081,91,4,2053.55,5
7734,3082,212,2,748.6,10
7735,3083,148,1,23089.05,10
7736,3083,73,1,6994.57,10
7737,3083,254,1,1902.77,15
7738,3083,287,4,1650.85,20
7739,3084,244,5,85.69,0
7740,3084,81,1,7226.85,0
7741,3085,48,1,37366.83,10
7742,3085,245,1,905.87,5
7743,3085,256,2,1344.78,0
7744,3085,57,1,13593.37,0
7745,3086,300,4,831.8,10
7746,3086,191,5,400.92,0
7747,3087,19,1,76910.03,0
7748,3088,22,1,27232.77,0
7749,3088,275,1,1627.78,25
7750,3089,201,1,3558.62,5
7751,3089,247,2,681.43,15
7752,3089,164,2,12843.16,10
7753,3090,299,1,48562.73,0
7754,3090,159,1,12756.17,0
7755,3090,263,3,8315.15,20
7756,3090,94,1,2591.36,20
7757,3091,217,2,2492.8,10
7758,3092,262,1,2075.18,5
7759,3092,38,1,44144.38,25
7760,3093,288,1,3728.25,0
7761,3094,205,1,768.34,20
7762,3094,128,1,860.21,15
7763,3095,11,3,17605.08,0
7764,3095,58,1,13723.64,0
7765,3095,244,1,85.48,15
7766,3095,178,1,6898.03,0
7767,3095,88,1,3979.04,25
7768,3096,185,1,750.07,25
7769,3097,70,3,40034.61,0
7770,3097,276,3,5153.22,0
7771,3097,123,2,4445.58,25
7772,3098,24,2,32645.34,0
7773,3098,29,1,43622.57,10
7774,3099,115,1,1335.83,5
7775,3099,250,1,2677.56,0
7776,3100,141,3,2010.3,0
7777,3100,75,1,13075.21,25
7778,3100,147,1,3290.28,5
7779,3101,121,2,1459.2,5
7780,3101,82,1,7854.53,25
7781,3102,52,2,46562.7,15
7782,3102,256,2,1359.2,10
7783,3103,37,1,45678.94,0
7784,3103,234,2,3383.08,0
7785,3103,113,2,2028.1,0
7786,3104,73,1,7536.14,20
7787,3104,144,5,3776.66,25
7788,3105,71,2,21948.99,0
7789,3105,263,2,7853.13,25
7790,3106,281,3,2063.2,5
7791,3106,19,1,72460.11,15
7792,3106,14,3,20900.77,15
7793,3107,160,1,1135.52,25
7794,3107,146,4,17261.63,20
7795,3108,84,4,2983.43,5
7796,3108,119,1,6917.1,15
7797,3108,105,5,7624.3,5
7798,3109,175,1,19490.34,0
7799,3109,48,1,39602.0,20
7800,3110,59,3,39768.8,15
7801,3110,75,4,13478.27,20
7802,3111,181,1,4613.29,25
7803,3111,227,1,422.49,0
7804,3112,115,1,1255.34,15
7805,3112,118,1,7081.2,15
7806,3112,116,2,4010.32,0
7807,3113,125,1,5222.05,5
7808,3113,134,3,6286.88,0
7809,3113,43,1,9168.56,25
7810,3114,277,3,6259.12,0
7811,3114,90,4,12911.65,20
7812,3115,285,1,7396.02,0
7813,3115,212,2,757.84,10
7814,3115,216,2,4372.69,5
7815,3116,261,2,7261.91,0
7816,3116,232,2,551.38,0
7817,3116,161,1,2254.26,10
7818,3116,220,2,650.46,5
7819,3117,292,1,471.14,5
7820,3117,126,1,1541.36,10
7821,3118,203,2,1022.74,5
7822,3118,98,2,10143.44,20
7823,3118,65,3,28932.14,5
7824,3118,29,1,43935.92,20
7825,3119,37,1,46033.84,0
7826,3119,51,5,38073.59,20
7827,3119,286,1,9136.05,10
7828,3119,194,4,2683.71,0
7829,3120,213,2,1139.46,25
7830,3121,222,1,1033.54,10
7831,3121,300,1,765.6,0
7832,3121,10,1,23189.74,10
7833,3122,98,2,9600.12,25
7834,3122,289,1,3597.41,0
7835,3122,42,4,21173.69,5
7836,3122,104,1,7380.49,0
7837,3123,140,2,3028.65,0
7838,3123,83,1,12239.61,20
7839,3124,44,1,8849.12,25
7840,3125,287,2,1760.99,0
7841,3126,49,1,38406.66,0
7842,3127,213,4,1130.17,25
7843,3128,155,1,13091.81,0
7844,3128,289,2,3480.9,25
7845,3128,247,3,670.3,20
7846,3128,14,2,20817.26,0
7847,3129,159,1,12107.41,10
7848,3130,110,1,5349.25,5
7849,3131,41,1,41773.28,0
7850,3132,178,4,7464.32,5
7851,3132,7,1,68090.26,25
7852,3132,247,3,667.79,10
7853,3133,133,1,2963.9,10
7854,3133,264,2,2683.3,5
7855,3133,114,5,1112.18,0
7856,3133,43,1,9551.98,25
7857,3134,197,1,1336.32,15
7858,3134,115,1,1276.8,5
7859,3134,16,1,34873.6,25
7860,3134,249,3,1946.88,5
7861,3135,286,1,9002.33,25
7862,3135,280,2,7112.37,5
7863,3135,53,4,19289.78,15
7864,3136,70,1,43296.27,0
7865,3136,110,1,5083.88,0
7866,3137,155,1,12291.5,10
7867,3138,73,3,7482.54,25
7868,3138,99,1,5504.68,20
7869,3138,3,1,45297.35,15
7870,3138,186,5,2472.02,5
7871,3138,196,1,1777.59,10
7872,3139,275,4,1748.45,0
7873,3139,263,1,7743.26,20
7874,3140,222,1,1149.19,20
7875,3140,265,2,7431.95,25
7876,3141,287,1,1700.21,25
7877,3141,177,3,13079.49,20
7878,3142,144,1,3969.51,20
7879,3143,283,1,4277.63,20
7880,3143,167,2,14806.94,15
7881,3143,300,2,827.5,0
7882,3143,234,1,3550.1,25
7883,3144,233,5,185.07,15
7884,3144,153,2,5826.12,25
7885,3144,211,1,4447.13,25
7886,3144,143,2,6257.06,0
7887,3145,99,1,5750.34,5
7888,3146,82,1,8163.7,10
7889,3146,268,1,1759.33,10
7890,3147,188,4,1603.24,0
7891,3147,117,2,293.2,15
7892,3148,244,1,84.4,0
7893,3148,69,3,9213.38,0
7894,3148,194,1,2528.88,5
7895,3148,254,1,2054.61,25
7896,3149,10,1,21524.56,15
7897,3149,15,3,24866.06,10
7898,3149,48,1,38156.16,15
7899,3150,6,3,65714.7,0
7900,3150,220,1,649.88,15
7901,3151,279,1,2404.55,20
7902,3151,28,1,86187.81,0
7903,3152,17,1,83325.25,0
7904,3152,216,5,4264.32,10
7905,3152,166,3,15468.71,25
7906,3153,85,2,10179.22,10
7907,3154,74,1,9615.56,25
7908,3155,14,2,20889.88,15
7909,3155,4,1,10984.11,5
7910,3155,291,3,6092.03,20
7911,3156,106,3,6932.47,5
7912,3156,264,3,2670.05,5
7913,3157,110,1,5202.37,20
7914,3157,221,1,1189.06,0
7915,3157,24,2,31811.87,5
7916,3157,202,1,4126.94,20
7917,3157,80,3,2063.17,0
7918,3158,227,1,426.85,0
7919,3158,223,1,2890.91,20
7920,3159,173,1,11673.49,0
7921,3160,143,4,5769.74,0
7922,3160,294,2,27611.4,15
7923,3160,97,2,3450.2,25
7924,3161,288,2,3552.12,15
7925,3161,78,1,2618.75,10
7926,3161,214,3,928.55,10
7927,3162,23,1,16128.18,20
7928,3162,267,1,3698.17,0
7929,3162,20,2,56335.9,0
7930,3163,290,4,5898.5,5
7931,3163,112,1,4558.2,0
7932,3163,64,2,41568.09,5
7933,3163,126,1,1545.04,20
7934,3164,137,2,1520.24,10
7935,3164,192,2,292.56,0
7936,3165,81,2,6766.07,0
7937,3165,259,1,4607.93,0
7938,3165,210,2,1766.01,10
7939,3166,225,1,977.48,0
7940,3166,15,1,25620.3,0
7941,3166,217,1,2385.12,0
7942,3167,136,1,2197.18,20
7943,3167,282,1,1500.55,15
7944,3167,300,1,817.75,0
7945,3167,225,2,969.4,0
7946,3167,35,3,42930.1,25
7947,3168,216,1,4259.93,20
7948,3168,156,2,21980.02,15
7949,3168,228,1,245.69,20
7950,3169,171,5,16716.41,0
7951,3169,212,3,684.36,0
7952,3170,16,1,32965.23,10
7953,3170,90,1,12551.04,10
7954,3171,197,2,1449.71,5
7955,3171,250,1,2693.82,10
7956,3172,277,2,5981.62,15
7957,3172,12,2,10196.99,0
7958,3172,141,2,2122.58,25
7959,3172,137,4,1527.74,0
7960,3173,137,1,1522.74,0
7961,3173,64,2,44983.29,15
7962,3174,258,1,4447.05,20
7963,3174,150,2,17197.57,0
7964,3175,108,2,1427.24,10
7965,3175,47,2,10166.46,25
7966,3176,262,2,2133.18,0
7967,3176,82,1,8260.09,5
7968,3177,176,1,20498.52,5
7969,3177,84,1,2918.26,0
7970,3178,41,3,40501.2,25
7971,3178,186,2,2579.61,0
7972,3178,160,1,1177.17,5
7973,3178,248,1,934.99,0
7974,3179,19,1,70741.03,15
7975,3180,159,1,13204.75,0
7976,3180,126,4,1560.86,5
7977,3180,86,2,9533.82,10
7978,3180,264,1,2429.62,10
7979,3181,42,1,22705.59,0
7980,3181,135,1,1977.2,0
7981,3181,271,2,2160.97,0
7982,3182,249,3,2019.55,5
7983,3182,32,1,48394.89,10
7984,3183,59,1,41682.34,0
7985,3184,213,2,1029.98,25
7986,3185,88,1,4025.17,15
7987,3185,266,2,7682.34,0
7988,3186,77,2,8689.37,0
7989,3186,38,1,48902.89,15
7990,3187,172,3,18268.58,0
7991,3187,218,1,3034.73,25
7992,3187,186,1,2355.45,0
7993,3188,228,4,249.09,5
7994,3188,163,2,677.41,20
7995,3188,120,1,4516.64,20
7996,3188,290,2,5416.0,10
7997,3189,89,1,9299.74,5
7998,3189,60,1,10359.92,10
7999,3189,260,2,8045.08,0
8000,3190,298,1,48358.2,25
8001,3191,53,3,20510.33,0
8002,3191,209,2,2389.77,0
8003,3192,11,3,17804.94,25
8004,3193,283,1,4305.72,25
8005,3193,224,3,701.62,15
8006,3194,291,1,5715.02,5
8007,3194,22,2,27292.68,0
8008,3195,255,2,390.35,25
8009,3195,118,1,7677.25,0
8010,3196,98,2,9546.34,0
8011,3196,177,2,13486.8,0
8012,3197,24,1,34954.61,0
8013,3197,16,5,35709.84,20
8014,3197,56,1,42256.43,0
8015,3198,168,3,2703.77,25
8016,3199,44,1,8579.96,15
8017,3199,30,3,69592.52,25
8018,3199,48,2,38324.06,20
8019,3199,86,1,9492.96,15
8020,3200,142,2,2816.39,20
8021,3200,201,1,3515.36,0
8022,3201,228,1,247.28,15
8023,3202,19,1,69372.47,0
8024,3202,266,4,7808.25,25
8025,3203,277,2,6105.84,10
8026,3203,116,2,4199.62,20
8027,3203,110,1,5367.78,15
8028,3203,219,4,2237.13,5
8029,3204,23,4,17986.21,20
8030,3205,228,1,243.65,0
8031,3205,159,1,12532.27,0
8032,3205,94,2,2584.82,15
8033,3205,243,1,3644.21,25
8034,3205,164,2,13185.57,10
8035,3206,171,2,16843.12,20
8036,3207,145,3,6364.09,0
8037,3207,296,1,7113.73,0
8038,3208,97,3,3430.64,0
8039,3208,77,4,8598.83,0
8040,3208,141,1,2177.28,10
8041,3208,15,1,25621.36,15
8042,3209,55,1,3284.35,0
8043,3209,25,2,12213.8,0
8044,3209,77,3,8190.57,0
8045,3209,127,1,6851.07,10
8046,3209,293,2,13394.23,0
8047,3210,104,1,7324.99,0
8048,3210,72,2,3527.33,25
8049,3210,152,1,23361.3,10
8050,3210,290,2,5391.91,20
8051,3211,115,2,1308.65,25
8052,3211,153,1,5701.96,25
8053,3211,235,1,3819.99,25
8054,3212,2,1,88710.94,25
8055,3212,237,3,2825.65,0
8056,3212,76,1,9400.88,0
8057,3213,263,4,8011.53,0
8058,3213,130,2,5610.62,10
8059,3214,227,1,439.35,25
8060,3214,199,1,2028.95,5
8061,3215,93,2,10048.47,15
8062,3215,161,1,2505.75,10
8063,3216,115,1,1328.93,0
8064,3216,62,3,42655.84,20
8065,3217,216,2,4215.24,5
8066,3218,75,3,13889.37,20
8067,3218,18,2,18799.16,10
8068,3218,150,1,16084.36,0
8069,3218,221,2,1119.15,25
8070,3218,2,2,87146.24,0
8071,3219,250,2,2702.73,15
8072,3219,12,4,10227.35,25
8073,3219,277,1,5893.94,15
8074,3220,84,2,3056.84,5
8075,3220,253,4,6046.26,5
8076,3220,165,1,8483.44,20
8077,3221,84,1,3070.9,0
8078,3221,88,2,4087.01,25
8079,3221,100,2,857.86,0
8080,3221,199,2,2197.49,5
8081,3222,118,5,7302.45,20
8082,3223,57,1,15074.93,20
8083,3223,297,2,49833.83,0
8084,3224,206,1,2748.99,0
8085,3224,195,1,3351.1,20
8086,3225,187,1,4647.44,0
8087,3225,298,5,48957.39,0
8088,3225,253,1,6212.83,0
8089,3226,182,1,2540.12,25
8090,3227,10,1,23323.73,25
8091,3227,207,1,1295.85,0
8092,3227,79,2,10200.85,20
8093,3227,235,1,3613.78,0
8094,3228,257,1,1038.78,0
8095,3228,144,1,3798.98,0
8096,3228,5,2,50478.79,25
8097,3228,166,3,14844.68,0
8098,3229,258,1,4404.06,15
8099,3229,234,2,3513.69,0
8100,3230,253,4,5853.4,15
8101,3230,285,2,6976.99,0
8102,3230,51,2,40473.23,5
8103,3231,216,1,4262.78,0
8104,3231,137,3,1527.12,20
8105,3232,4,2,10287.43,0
8106,3233,78,1,2632.12,15
8107,3233,246,1,1646.77,5
8108,3234,220,2,696.54,0
8109,3234,240,1,1222.61,25
8110,3234,117,1,273.38,10
8111,3234,81,4,7149.27,15
8112,3234,216,2,4346.13,10
8113,3235,20,1,58662.17,20
8114,3235,235,1,3742.11,20
8115,3236,247,2,692.61,20
8116,3236,271,1,2228.55,10
8117,3237,61,1,15263.73,0
8118,3237,118,2,7490.52,25
8119,3237,41,1,39241.09,0
8120,3237,12,1,9941.42,20
8121,3237,206,1,2699.06,0
8122,3238,267,2,3718.18,20
8123,3238,8,2,13972.39,15
8124,3238,206,2,2810.31,20
8125,3239,76,1,8616.03,10
8126,3239,221,1,1230.91,20
8127,3239,88,1,3837.88,10
8128,3239,117,3,303.24,0
8129,3240,29,3,43524.94,25
8130,3240,193,3,3856.2,10
8131,3241,269,2,5005.35,0
8132,3241,248,1,927.94,0
8133,3241,28,2,80732.68,0
8134,3242,212,1,721.56,25
8135,3242,231,2,950.29,10
8136,3242,157,2,11027.19,25
8137,3243,51,5,36664.87,15
8138,3243,162,1,16261.76,10
8139,3243,190,2,1492.49,0
8140,3244,285,2,7249.99,10
8141,3245,142,2,2799.2,10
8142,3246,206,2,2544.52,0
8143,3246,188,2,1701.38,0
8144,3246,149,1,18522.93,0
8145,3247,170,3,21203.21,0
8146,3248,69,1,9465.92,0
8147,3248,155,3,13256.38,0
8148,3249,268,1,1754.66,20
8149,3249,22,1,26089.1,0
8150,3249,276,2,5233.66,0
8151,3249,200,2,1526.15,5
8152,3250,196,1,1958.05,0
8153,3250,276,3,5091.83,25
8154,3250,238,1,2374.34,10
8155,3250,186,1,2595.18,0
8156,3251,290,2,5490.46,0
8157,3251,152,1,22691.12,20
8158,3252,267,2,4007.73,15
8159,3253,168,1,2845.77,5
8160,3253,247,4,684.84,0
8161,3253,52,4,42250.11,15
8162,3254,299,4,45331.03,0
8163,3254,172,2,18385.13,0
8164,3254,118,3,7324.94,0
8165,3255,24,1,34564.45,0
8166,3255,218,3,3249.45,0
8167,3255,288,2,3709.03,15
8168,3255,168,2,2717.42,0
8169,3255,201,2,3442.38,0
8170,3256,18,1,18184.13,0
8171,3257,172,1,19742.82,25
8172,3257,190,2,1403.68,10
8173,3257,131,1,6495.96,15
8174,3257,78,1,2675.45,25
8175,3258,222,4,1034.35,0
8176,3258,260,2,8024.33,15
8177,3259,15,1,26892.63,15
8178,3260,197,1,1438.58,0
8179,3260,142,1,2834.33,0
8180,3260,49,1,36726.11,20
8181,3260,104,4,7600.7,0
8182,3261,163,1,694.02,15
8183,3262,289,3,3618.26,20
8184,3262,229,1,4018.66,25
8185,3262,169,1,21943.92,20
8186,3263,149,1,20217.43,0
8187,3264,17,2,84071.6,20
8188,3264,278,1,7040.59,15
8189,3264,46,2,39416.34,20
8190,3265,196,1,1917.52,0
8191,3266,4,2,11244.84,0
8192,3266,105,1,7367.09,0
8193,3266,254,2,2085.51,20
8194,3266,133,1,2890.81,25
8195,3267,168,4,2811.91,15
8196,3267,229,1,4101.44,5
8197,3268,146,1,17104.25,0
8198,3268,255,2,421.81,25
8199,3268,214,2,957.79,0
8200,3269,62,2,43744.35,0
8201,3269,282,1,1401.71,5
8202,3269,15,3,25475.08,20
8203,3270,69,1,9267.62,5
8204,3270,175,1,19215.97,0
8205,3270,50,1,15444.79,0
8206,3271,248,1,910.91,20
8207,3271,246,2,1644.58,25
8208,3272,218,1,3000.3,0
8209,3272,151,1,427.29,20
8210,3272,46,1,36397.28,15
8211,3273,175,1,18638.34,5
8212,3273,230,5,385.8,0
8213,3274,40,1,26927.29,15
8214,3274,26,3,31077.09,0
8215,3275,274,2,6047.97,10
8216,3275,117,3,304.3,5
8217,3276,146,1,16713.47,15
8218,3276,252,1,761.72,0
8219,3276,192,2,307.74,20
8220,3277,120,3,4550.55,20
8221,3277,129,1,4081.59,20
8222,3277,41,1,38089.01,10
8223,3277,33,1,75222.47,0
8224,3278,32,2,47306.19,10
8225,3278,207,2,1315.77,0
8226,3279,174,2,12553.08,5
8227,3279,209,3,2331.39,0
8228,3280,76,3,8668.35,25
8229,3280,80,1,2142.75,5
8230,3280,143,1,5918.39,0
8231,3281,149,1,18425.62,0
8232,3281,81,3,7091.41,5
8233,3281,34,1,26543.06,25
8234,3282,98,3,9992.42,15
8235,3283,48,1,36749.08,20
8236,3284,267,1,3822.54,0
8237,3284,220,1,685.66,25
8238,3284,100,3,806.45,25
8239,3285,128,4,858.48,20
8240,3285,239,1,1829.74,15
8241,3286,261,1,7201.79,5
8242,3286,187,1,4446.14,0
8243,3287,68,2,6853.61,15
8244,3287,99,3,5533.69,0
8245,3288,140,1,2896.96,0
8246,3288,53,1,19598.84,0
8247,3289,256,1,1354.44,0
8248,3289,38,1,46853.48,0
8249,3289,94,2,2582.04,25
8250,3289,5,2,48640.56,0
8251,3290,147,2,3252.27,0
8252,3290,166,3,14784.39,0
8253,3290,99,3,5954.11,0
8254,3291,286,2,8975.13,25
8255,3291,300,1,789.82,0
8256,3291,116,4,4190.26,10
8257,3292,239,2,1809.65,15
8258,3292,145,1,6750.88,0
8259,3292,133,4,2883.55,0
8260,3293,214,1,1022.94,5
8261,3294,85,1,10473.35,15
8262,3295,114,1,1167.35,10
8263,3295,258,4,4250.64,0
8264,3295,296,2,6996.4,15
8265,3295,107,1,7438.01,10
8266,3296,81,1,6734.95,10
8267,3296,211,1,4472.58,10
8268,3296,227,1,406.72,20
8269,3297,21,1,51626.97,15
8270,3298,180,5,8895.56,0
8271,3298,278,1,6715.53,25
8272,3298,257,2,1027.27,15
8273,3298,174,2,12529.26,15
8274,3299,54,2,6227.09,0
8275,3299,64,1,40537.06,5
8276,3300,42,3,20907.11,20
8277,3301,232,1,526.92,0
8278,3302,295,3,8703.76,0
8279,3302,234,1,3429.68,5
8280,3302,106,1,6913.73,20
8281,3303,73,1,7653.02,25
8282,3303,257,1,1098.96,25
8283,3304,5,1,50538.55,0
8284,3305,126,3,1429.06,20
8285,3305,285,1,7055.75,0
8286,3306,107,4,7358.13,0
8287,3306,128,3,834.45,5
8288,3307,108,2,1316.9,10
8289,3307,198,1,1740.67,0
8290,3307,142,1,2878.55,15
8291,3307,220,1,703.14,0
8292,3308,45,1,658.21,0
8293,3308,210,3,1806.69,0
8294,3309,66,1,15774.13,0
8295,3309,187,2,4755.96,20
8296,3310,69,1,9198.08,0
8297,3311,20,1,57425.51,0
8298,3312,266,1,7259.63,0
8299,3312,263,2,8120.48,5
8300,3313,254,1,2061.71,25
8301,3313,264,1,2444.07,15
8302,3313,172,1,18614.1,25
8303,3313,259,5,4575.55,25
8304,3314,97,2,3538.22,25
8305,3314,247,3,681.78,0
8306,3314,98,1,9795.85,0
8307,3314,227,2,420.28,10
8308,3315,190,1,1553.13,25
8309,3315,17,2,89153.16,5
8310,3315,46,2,36805.75,25
8311,3316,278,1,6799.76,15
8312,3316,113,2,1987.74,10
8313,3316,157,1,10911.6,25
8314,3316,25,2,12010.26,10
8315,3317,290,1,5687.8,20
8316,3317,142,2,3018.68,0
8317,3318,99,1,5752.72,10
8318,3318,86,2,9606.74,0
8319,3318,11,1,18219.68,15
8320,3319,172,1,19718.4,0
8321,3319,118,3,7612.54,5
8322,3319,34,1,26537.18,25
8323,3319,94,4,2667.23,25
8324,3319,180,3,8360.18,0
8325,3320,266,1,7305.01,5
8326,3320,243,1,3718.33,15
8327,3321,257,1,1081.45,0
8328,3321,108,2,1328.71,20
8329,3321,207,1,1298.65,20
8330,3321,107,1,7464.05,5
8331,3322,71,2,21658.54,25
8332,3322,281,2,1996.61,20
8333,3323,21,2,53322.97,0
8334,3323,151,2,414.69,15
8335,3323,238,1,2646.94,0
8336,3323,34,2,27457.59,10
8337,3324,209,1,2318.59,0
8338,3325,201,2,3482.01,20
8339,3325,281,1,2116.5,0
8340,3326,234,1,3510.41,10
8341,3326,281,2,2032.16,15
8342,3326,51,3,37990.33,0
8343,3326,88,1,4036.54,20
8344,3327,248,2,876.49,0
8345,3327,18,2,18986.37,15
8346,3327,151,1,402.28,5
8347,3328,273,1,1350.46,0
8348,3328,122,1,5458.27,10
8349,3328,57,2,14932.52,10
8350,3328,206,1,2704.91,15
8351,3329,101,1,14871.62,0
8352,3329,27,2,13665.59,0
8353,3329,251,2,3326.55,25
8354,3329,153,2,5870.19,5
8355,3329,168,2,2737.67,0
8356,3330,2,1,86173.73,5
8357,3330,106,2,6890.89,20
8358,3331,76,1,9241.86,15
8359,3331,142,2,2940.97,0
8360,3331,207,3,1282.8,5
8361,3332,61,3,13848.35,0
8362,3332,216,2,4438.54,20
8363,3332,15,1,26307.57,0
8364,3333,12,2,9528.35,0
8365,3333,88,5,4129.59,10
8366,3334,236,3,2023.07,25
8367,3335,52,3,46628.06,5
8368,3335,87,1,10947.63,15
8369,3336,75,2,12571.5,25
8370,3336,106,2,7259.23,20
8371,3337,58,2,14646.78,25
8372,3338,222,1,1034.37,20
8373,3338,174,1,12153.36,0
8374,3339,161,2,2266.68,0
8375,3339,29,1,41104.42,0
8376,3340,135,3,2207.94,20
8377,3341,165,1,8746.65,0
8378,3341,173,2,11709.53,10
8379,3341,258,1,4151.2,10
8380,3341,96,3,13490.61,25
8381,3341,4,1,10392.36,25
8382,3342,266,2,7279.92,5
8383,3342,121,2,1620.75,25
8384,3342,94,3,2561.45,15
8385,3343,153,1,5807.54,25
8386,3343,76,1,8791.2,15
8387,3344,47,1,10108.77,15
8388,3344,81,5,6716.44,5
8389,3345,259,1,4417.88,0
8390,3345,242,3,1376.67,0
8391,3345,64,1,44814.4,0
8392,3345,105,1,8101.35,0
8393,3346,198,2,1808.28,0
8394,3346,63,1,30325.7,0
8395,3346,26,2,30453.56,20
8396,3347,215,1,3151.27,10
8397,3347,241,2,86.32,20
8398,3348,111,1,998.08,10
8399,3348,156,2,23176.55,25
8400,3348,279,1,2524.02,0
8401,3349,55,1,3277.99,20
8402,3349,164,1,12997.83,10
8403,3350,198,3,1856.46,0
8404,3350,120,1,4762.56,20
8405,3350,55,1,3400.97,0
8406,3351,129,1,4104.91,0
8407,3351,101,1,13823.89,0
8408,3352,58,1,13856.31,5
8409,3352,178,2,6845.64,25
8410,3353,106,1,7226.83,15
8411,3353,94,2,2488.29,20
8412,3354,120,1,4684.8,25
8413,3354,31,2,47818.13,0
8414,3354,98,4,10163.74,15
8415,3355,274,1,5937.13,10
8416,3355,129,1,4308.36,15
8417,3355,20,2,58395.81,10
8418,3356,265,2,7111.97,25
8419,3356,223,1,3089.01,10
8420,3357,69,1,9660.04,0
8421,3357,253,1,6343.6,0
8422,3357,21,2,54427.15,20
8423,3357,189,2,4403.31,0
8424,3358,222,1,1119.86,5
8425,3358,140,3,2812.35,0
8426,3358,113,2,2008.76,25
8427,3359,84,4,3234.82,0
8428,3359,293,3,12618.2,0
8429,3359,138,4,4367.75,25
8430,3360,228,1,243.09,20
8431,3360,100,2,842.36,0
8432,3360,198,1,1720.48,10
8433,3361,7,2,73189.02,20
8434,3361,291,1,5915.27,25
8435,3362,75,1,12675.47,15
8436,3363,178,2,7100.92,25
8437,3364,228,1,265.81,0
8438,3364,209,1,2361.17,15
8439,3364,264,2,2529.1,5
8440,3364,63,1,32276.76,0
8441,3365,143,2,5988.5,25
8442,3365,102,1,4104.13,0
8443,3366,186,1,2509.24,0
8444,3366,110,1,5027.05,10
8445,3367,67,2,17040.32,0
8446,3367,127,1,6842.27,0
8447,3368,250,4,2742.83,0
8448,3368,269,2,5185.38,5
8449,3369,300,2,764.87,15
8450,3369,176,4,19560.56,0
8451,3370,287,1,1734.7,10
8452,3371,189,1,4017.58,0
8453,3371,283,2,4528.88,25
8454,3371,272,1,3196.5,5
8455,3372,291,1,5948.9,0
8456,3372,169,1,22438.11,10
8457,3373,187,4,4807.31,5
8458,3374,284,4,1942.61,25
8459,3374,279,1,2461.39,15
8460,3374,121,2,1461.81,0
8461,3374,125,2,5585.46,15
8462,3375,258,4,4227.64,15
8463,3375,35,4,41291.63,15
8464,3375,145,1,6395.54,20
8465,3376,94,1,2401.28,5
8466,3376,237,1,2920.82,10
8467,3377,246,2,1657.71,10
8468,3377,31,4,46269.52,0
8469,3377,151,2,425.62,10
8470,3377,72,1,3442.16,25
8471,3378,294,2,29318.18,25
8472,3378,123,2,4463.03,0
8473,3379,233,1,173.98,10
8474,3380,51,1,40029.03,25
8475,3380,253,2,6334.94,25
8476,3380,290,1,5358.16,0
8477,3381,250,4,2584.32,0
8478,3381,36,3,1522.55,10
8479,3381,117,1,290.85,5
8480,3382,69,1,9402.84,20
8481,3383,35,1,39848.16,25
8482,3383,285,1,7432.32,0
8483,3383,208,2,619.94,25
8484,3384,130,1,5286.17,15
8485,3385,132,2,7383.72,0
8486,3385,180,2,9275.3,15
8487,3385,107,1,7774.17,0
8488,3386,151,3,423.23,5
8489,3386,255,1,408.28,0
8490,3387,299,1,46344.11,0
8491,3387,119,3,6853.07,0
8492,3388,87,3,11738.34,5
8493,3388,199,2,2155.61,0
8494,3388,233,1,185.67,0
8495,3388,154,1,9602.13,0
8496,3389,94,1,2639.96,25
8497,3389,247,1,704.7,0
8498,3389,51,2,40575.22,5
8499,3390,271,1,2291.9,5
8500,3390,217,2,2495.2,5
8501,3390,58,1,13311.15,25
8502,3390,240,2,1168.86,15
8503,3391,165,1,8493.48,5
8504,3392,92,2,5745.36,5
8505,3392,37,3,44876.89,15
8506,3393,203,1,1044.55,0
8507,3393,47,1,10205.47,25
8508,3394,156,3,22212.52,25
8509,3394,113,2,2038.9,0
8510,3394,43,1,9584.58,20
8511,3395,21,1,55224.22,0
8512,3395,208,1,645.19,0
8513,3396,276,2,5134.8,0
8514,3397,26,1,30640.1,10
8515,3398,143,1,6141.8,10
8516,3399,152,2,22121.16,0
8517,3400,248,1,849.66,5
8518,3400,71,1,21503.35,0
8519,3401,282,1,1409.6,5
8520,3401,227,1,421.74,10
8521,3402,157,1,10972.53,0
8522,3402,113,1,2008.83,15
8523,3402,51,3,37527.14,15
8524,3403,241,2,85.74,0
8525,3403,267,1,3947.01,5
8526,3404,110,2,5217.75,25
8527,3404,90,1,12919.43,0
8528,3405,181,1,4607.24,15
8529,3406,179,1,2021.92,20
8530,3406,17,3,87696.57,0
8531,3407,98,1,10110.73,20
8532,3407,219,2,2152.72,0
8533,3408,290,1,5896.9,0
8534,3409,236,1,2087.0,15
8535,3409,30,1,72486.29,0
8536,3409,158,2,7225.89,15
8537,3410,101,3,14288.39,0
8538,3410,252,1,716.66,0
8539,3410,84,2,2998.9,0
8540,3410,35,2,41640.28,10
8541,3411,29,1,45169.62,10
8542,3411,282,1,1426.84,15
8543,3412,119,5,7076.21,25
8544,3412,152,1,22599.27,15
8545,3412,102,1,3914.14,0
8546,3413,145,1,6194.35,0
8547,3413,243,2,3643.29,15
8548,3414,230,1,353.7,15
8549,3414,182,2,2435.92,5
8550,3414,161,2,2468.53,25
8551,3414,122,2,5544.04,10
8552,3414,271,1,2294.22,0
8553,3415,2,4,82467.77,0
8554,3415,96,1,14129.79,0
8555,3415,71,2,21765.69,0
8556,3416,274,2,5862.67,20
8557,3416,243,1,3654.79,0
8558,3417,59,1,41654.82,10
8559,3418,13,3,75016.43,25
8560,3419,237,1,2813.7,20
8561,3419,173,1,11521.69,25
8562,3420,207,1,1324.35,15
8563,3420,152,2,23540.33,25
8564,3421,87,2,11516.04,0
8565,3422,137,1,1636.34,0
8566,3422,115,2,1278.11,0
8567,3422,203,2,1091.44,20
8568,3422,46,2,36025.89,0
8569,3423,294,1,27882.03,15
8570,3423,276,1,4764.72,25
8571,3424,102,3,3917.5,0
8572,3424,254,3,1916.0,5
8573,3424,5,1,49763.57,0
8574,3425,147,1,3197.45,25
8575,3425,41,1,38089.98,5
8576,3425,36,2,1470.85,5
8577,3426,219,1,2206.44,0
8578,3426,133,1,2835.2,25
8579,3426,298,1,47583.61,0
8580,3426,11,2,17634.66,0
8581,3426,125,2,5663.65,10
8582,3427,249,2,1989.24,25
8583,3428,113,1,2082.97,25
8584,3428,285,1,7503.64,0
8585,3428,44,2,8660.28,0
8586,3428,255,1,407.65,5
8587,3429,248,1,867.78,15
8588,3429,128,2,849.93,0
8589,3430,237,3,3038.34,5
8590,3430,86,1,9362.2,15
8591,3430,198,2,1823.32,0
8592,3431,52,1,43725.34,20
8593,3431,267,1,3808.82,25
8594,3431,223,1,2808.06,5
8595,3431,73,2,7320.1,5
8596,3431,190,2,1412.21,0
8597,3432,158,1,6945.57,10
8598,3432,131,1,6470.03,15
8599,3433,173,2,11517.92,25
8600,3433,272,2,3172.68,20
8601,3433,200,5,1438.22,20
8602,3433,6,1,66099.21,0
8603,3433,36,2,1492.41,15
8604,3434,236,1,2115.62,0
8605,3434,64,1,41967.04,0
8606,3434,12,1,9477.65,0
8607,3435,40,1,26208.62,10
8608,3436,24,3,33185.31,25
8609,3436,78,2,2806.78,25
8610,3436,7,1,67715.32,5
8611,3437,152,1,23499.69,20
8612,3437,139,2,5000.02,20
8613,3438,127,2,7226.97,0
8614,3438,229,1,4083.82,10
8615,3439,253,1,6179.64,0
8616,3439,255,1,426.79,0
8617,3439,210,1,1647.83,0
8618,3439,247,1,689.79,20
8619,3439,130,1,5517.65,0
8620,3440,73,1,6996.24,0
8621,3440,234,1,3395.79,10
8622,3440,285,1,7168.42,5
8623,3441,285,2,6830.98,25
8624,3441,122,2,5984.86,0
8625,3441,299,2,46233.96,0
8626,3441,174,1,11348.82,15
8627,3442,18,2,19163.82,0
8628,3442,99,1,5543.02,0
8629,3442,231,3,886.52,0
8630,3443,250,3,2698.96,0
8631,3443,118,2,7358.55,10
8632,3444,238,1,2521.65,10
8633,3444,213,2,1107.59,25
8634,3444,63,2,31716.02,10
8635,3444,60,1,10970.56,0
8636,3445,183,1,4353.65,25
8637,3445,73,1,7178.49,20
8638,3445,47,2,9793.25,20
8639,3445,86,2,9202.4,15
8640,3446,265,1,7001.13,0
8641,3446,103,3,9995.57,10
8642,3447,13,1,75735.07,25
8643,3447,99,1,5737.92,5
8644,3448,136,3,2207.38,25
8645,3448,41,2,39538.38,0
8646,3448,139,1,5303.5,0
8647,3449,101,3,13486.6,0
8648,3449,170,4,21465.12,15
8649,3449,84,1,3218.68,20
8650,3450,29,1,42726.63,25
8651,3450,6,1,69301.68,0
8652,3451,266,1,7298.77,0
8653,3451,10,4,23539.02,20
8654,3451,288,1,3668.84,0
8655,3452,272,1,3148.23,5
8656,3453,71,4,21422.86,15
8657,3453,230,1,353.97,20
8658,3454,286,4,9235.66,0
8659,3455,197,1,1327.44,10
8660,3455,72,1,3469.09,0
8661,3455,279,2,2417.0,0
8662,3456,33,1,76055.43,20
8663,3456,278,2,7198.26,15
8664,3457,119,1,6688.81,10
8665,3458,178,1,7539.56,20
8666,3459,279,4,2408.08,20
8667,3459,299,2,47153.56,15
8668,3460,241,1,91.36,5
8669,3460,292,1,479.34,15
8670,3461,267,2,3920.93,20
8671,3461,17,1,81364.37,20
8672,3462,112,2,4835.39,10
8673,3462,156,5,24164.53,0
8674,3462,270,1,2053.59,0
8675,3462,244,2,83.97,0
8676,3463,193,2,3667.64,0
8677,3463,156,1,22389.24,15
8678,3463,64,2,43990.35,0
8679,3464,115,1,1223.46,25
8680,3464,178,1,7552.88,0
8681,3464,69,1,10225.26,0
8682,3465,234,1,3326.16,0
8683,3465,19,4,69510.56,25
8684,3466,86,1,9803.3,0
8685,3466,207,2,1306.86,20
8686,3466,51,2,40034.34,5
8687,3467,126,1,1536.98,5
8688,3467,71,1,22235.78,10
8689,3467,100,2,860.34,0
8690,3468,245,1,967.81,0
8691,3468,110,3,4995.77,25
8692,3468,62,1,41386.54,5
8693,3469,251,2,3220.86,5
8694,3469,152,1,22026.75,0
8695,3469,49,2,35807.79,20
8696,3469,115,1,1240.31,0
8697,3469,281,1,1955.83,20
8698,3470,78,2,2696.99,20
8699,3471,193,1,3765.89,5
8700,3471,115,1,1331.47,0
8701,3471,9,1,66230.22,0
8702,3471,230,1,387.11,25
8703,3471,142,1,3036.16,20
8704,3472,101,1,13477.84,5
8705,3473,128,1,868.11,5
8706,3473,200,2,1476.5,10
8707,3473,58,1,14141.07,25
8708,3474,42,1,22556.73,15
8709,3474,173,2,11265.16,15
8710,3475,196,1,1767.34,0
8711,3476,113,1,2108.08,0
8712,3477,122,1,5619.37,10
8713,3477,54,3,6095.75,0
8714,3477,123,1,4850.99,5
8715,3478,172,3,19759.82,0
8716,3478,287,3,1661.82,0
8717,3478,115,3,1200.53,0
8718,3479,37,2,43124.86,0
8719,3479,259,1,4809.06,0
8720,3479,158,2,7089.08,0
8721,3479,274,2,5993.09,10
8722,3479,114,1,1208.93,20
8723,3480,15,1,24762.0,25
8724,3480,197,3,1384.8,20
8725,3480,178,1,6976.68,0
8726,3481,277,1,6429.99,5
8727,3481,280,2,7332.66,25
8728,3481,226,2,3097.34,5
8729,3481,255,3,397.27,0
8730,3481,77,1,8757.33,0
8731,3482,262,1,2127.78,0
8732,3482,105,3,7977.01,5
8733,3482,56,2,41753.81,15
8734,3483,155,2,13450.54,15
8735,3483,69,1,9711.83,25
8736,3484,184,1,4016.47,20
8737,3484,88,1,3846.03,0
8738,3485,20,1,53941.27,0
8739,3485,100,3,829.33,0
8740,3486,171,1,17133.04,15
8741,3486,56,1,41977.54,25
8742,3486,2,1,83906.05,20
8743,3486,12,1,9257.23,25
8744,3487,67,1,16466.22,15
8745,3487,5,3,48010.18,25
8746,3488,121,1,1495.26,25
8747,3488,297,5,47359.22,15
8748,3488,254,2,1898.64,15
8749,3489,252,5,716.46,10
8750,3489,159,1,13179.07,20
8751,3489,220,1,691.17,20
8752,3490,105,1,7722.25,10
8753,3491,294,3,28314.63,0
8754,3491,248,2,940.21,0
8755,3491,286,1,8657.22,15
8756,3492,283,1,4577.38,0
8757,3493,272,1,3181.42,0
8758,3493,83,2,11865.03,0
8759,3493,110,1,5296.2,0
8760,3494,213,2,1031.32,25
8761,3494,294,2,29177.46,5
8762,3495,254,2,2091.38,15
8763,3495,1,2,26799.23,0
8764,3496,128,2,902.12,25
8765,3496,61,4,14642.18,0
8766,3497,95,1,12646.47,25
8767,3497,201,1,3538.52,0
8768,3498,117,4,285.5,0
8769,3498,272,1,3381.16,15
8770,3498,148,1,23745.58,25
8771,3498,156,3,23537.35,0
8772,3499,6,2,64010.61,10
8773,3499,151,2,399.59,5
8774,3500,63,1,30159.68,5
8775,3500,132,1,7600.23,0
8776,3501,270,1,2064.74,25
8777,3502,155,1,12272.4,0
8778,3502,299,4,44873.83,0
8779,3502,54,1,5944.23,15
8780,3502,185,1,743.48,10
8781,3503,30,1,71026.01,10
8782,3503,218,4,3104.95,0
8783,3503,148,2,22294.2,25
8784,3503,18,2,17693.71,10
8785,3503,27,2,14775.8,0
8786,3504,217,4,2462.74,10
8787,3505,244,2,86.71,15
8788,3505,84,2,3006.94,10
8789,3505,139,2,5077.9,0
8790,3505,269,2,5449.33,5
8791,3506,181,1,4555.6,0
8792,3506,298,2,45243.15,0
8793,3506,297,2,47151.24,10
8794,3506,102,1,4002.88,15
8795,3507,70,1,42992.11,20
8796,3507,94,2,2525.68,15
8797,3508,293,1,12997.06,5
8798,3508,227,1,428.31,20
8799,3509,256,2,1461.13,0
8800,3510,223,1,2967.43,10
8801,3510,7,4,70798.36,0
8802,3511,70,1,41526.65,25
8803,3511,160,1,1109.16,10
8804,3511,182,2,2607.44,5
8805,3512,204,3,2364.51,0
8806,3512,108,5,1323.67,10
8807,3512,290,1,5578.01,25
8808,3513,39,1,45328.09,15
8809,3513,295,2,9625.93,20
8810,3514,20,3,59636.87,25
8811,3515,159,3,12401.15,0
8812,3515,44,3,8168.93,0
8813,3516,127,1,6940.2,0
8814,3516,186,1,2465.48,25
8815,3517,31,1,45822.76,0
8816,3518,143,3,6180.28,5
8817,3518,173,1,11260.19,20
8818,3519,240,2,1253.82,10
8819,3519,132,1,7049.98,25
8820,3519,294,2,28257.69,0
8821,3520,6,1,64069.83,25
8822,3520,182,1,2564.6,20
8823,3521,287,3,1582.57,0
8824,3521,271,3,2254.74,0
8825,3521,249,1,2002.77,20
8826,3521,122,2,5517.34,20
8827,3522,25,1,12151.46,0
8828,3522,297,1,51682.01,0
8829,3522,232,2,539.09,0
8830,3522,209,4,2488.4,20
8831,3523,11,1,18618.15,0
8832,3523,291,1,6342.28,0
8833,3524,130,4,5630.44,0
8834,3524,276,4,5191.24,20
8835,3525,78,1,2674.68,0
8836,3525,6,5,65713.28,0
8837,3525,143,2,6095.58,10
8838,3525,111,2,1050.18,0
8839,3526,275,1,1710.14,25
8840,3526,136,1,2219.93,15
8841,3526,97,2,3407.48,0
8842,3527,168,2,2962.11,15
8843,3527,30,1,68404.04,10
8844,3527,170,1,21086.93,10
8845,3528,285,1,7356.83,0
8846,3528,239,1,1932.0,5
8847,3529,152,1,23416.41,5
8848,3530,269,1,5410.96,0
8849,3531,19,4,75714.01,0
8850,3531,281,2,1936.68,5
8851,3531,96,1,14057.86,25
8852,3531,74,1,9820.78,5
8853,3532,227,1,417.42,10
8854,3532,278,1,6959.34,20
8855,3533,269,1,5275.02,0
8856,3533,49,2,37268.31,0
8857,3534,51,2,38568.16,5
8858,3534,209,3,2360.73,20
8859,3534,256,1,1392.2,0
8860,3534,204,3,2292.95,25
8861,3535,205,4,816.07,25
8862,3536,249,1,2110.54,0
8863,3536,121,2,1539.34,0
8864,3537,225,2,921.44,0
8865,3537,20,2,58522.79,10
8866,3538,119,2,6468.85,15
8867,3538,199,3,2098.18,0
8868,3538,126,1,1543.45,0
8869,3538,73,2,7364.56,20
8870,3539,97,2,3712.21,10
8871,3539,54,3,6336.72,20
8872,3539,134,4,6682.15,0
8873,3540,170,2,22494.48,0
8874,3541,4,1,11158.88,0
8875,3541,93,1,10312.57,0
8876,3541,109,2,1560.91,0
8877,3541,48,1,38332.82,0
8878,3542,282,2,1400.76,0
8879,3542,153,1,5614.76,25
8880,3542,119,3,6799.44,0
8881,3542,167,1,13879.77,10
8882,3542,243,3,3566.84,0
8883,3543,178,2,6988.44,0
8884,3543,148,1,22949.1,0
8885,3543,4,2,10524.92,0
8886,3544,267,1,3900.91,20
8887,3544,187,1,4491.19,0
8888,3544,81,1,7037.78,20
8889,3544,50,1,16439.29,10
8890,3545,226,1,2869.15,0
8891,3545,98,2,9741.35,20
8892,3546,130,4,5098.52,10
8893,3546,3,1,45452.29,20
8894,3547,300,2,749.89,0
8895,3547,188,1,1712.18,0
8896,3547,98,2,9582.2,25
8897,3547,177,1,13490.96,0
8898,3548,178,1,7046.68,25
8899,3548,196,1,1763.87,0
8900,3548,90,3,13565.22,5
8901,3549,31,2,45106.33,0
8902,3549,147,1,3193.11,0
8903,3550,14,1,22108.32,25
8904,3550,233,1,191.82,0
8905,3550,162,1,15630.56,0
8906,3550,29,1,43412.94,10
8907,3551,36,1,1567.69,20
8908,3551,262,1,2070.12,20
8909,3551,297,2,51828.67,0
8910,3551,103,3,10099.42,5
8911,3552,224,4,678.8,20
8912,3552,42,1,21048.96,0
8913,3552,281,2,2114.28,0
8914,3552,49,2,36502.15,10
8915,3553,156,1,23813.78,5
8916,3553,238,2,2415.72,25
8917,3553,195,1,3465.77,10
8918,3554,286,1,8916.56,20
8919,3554,219,3,2194.03,0
8920,3555,216,1,4432.65,0
8921,3555,27,1,14404.41,5
8922,3556,103,1,9132.5,0
8923,3556,75,2,13338.77,0
8924,3557,38,1,48063.98,0
8925,3557,109,4,1565.04,5
8926,3557,153,2,5902.54,20
8927,3558,35,1,41810.64,20
8928,3558,221,5,1235.92,5
8929,3559,89,1,10125.87,5
8930,3559,247,2,673.14,15
8931,3559,155,3,12611.88,5
8932,3559,44,1,8806.2,5
8933,3560,193,3,3726.2,25
8934,3560,19,3,71732.61,0
8935,3561,277,3,5856.69,0
8936,3561,288,2,3564.79,0
8937,3561,265,1,6866.24,5
8938,3561,285,1,7066.76,25
8939,3561,95,2,12695.11,5
8940,3562,156,1,24276.33,25
8941,3562,10,1,22588.93,10
8942,3562,275,2,1754.56,25
8943,3563,156,2,23977.49,25
8944,3563,232,2,553.83,0
8945,3564,78,2,2664.21,20
8946,3564,131,1,6822.27,0
8947,3564,193,2,3737.46,25
8948,3564,238,1,2527.55,0
8949,3564,182,1,2379.48,0
8950,3565,105,1,7424.89,0
8951,3565,225,1,957.85,0
8952,3566,141,1,2135.01,10
8953,3566,169,1,22571.24,25
8954,3567,140,2,2898.53,5
8955,3568,284,2,1925.13,0
8956,3568,230,1,389.83,0
8957,3568,299,5,47431.49,5
8958,3569,93,1,10272.54,0
8959,3569,188,1,1550.11,0
8960,3569,294,1,27447.32,20
8961,3569,196,1,1768.55,0
8962,3569,274,1,5659.13,0
8963,3570,279,1,2289.91,20
8964,3570,29,3,45885.93,25
8965,3570,27,1,14622.11,0
8966,3570,213,1,1079.26,0
8967,3571,140,2,3056.33,20
8968,3571,110,4,5335.84,5
8969,3572,71,1,23159.9,0
8970,3572,125,1,5493.14,25
8971,3573,232,2,554.38,5
8972,3573,87,2,11545.76,0
8973,3573,34,1,25099.01,0
8974,3574,247,1,664.29,15
8975,3575,17,2,83155.7,25
8976,3575,11,3,18490.21,0
8977,3576,6,4,64818.25,0
8978,3576,27,2,14069.55,0
8979,3576,180,3,8366.4,15
8980,3576,168,4,2885.25,10
8981,3577,68,1,7328.54,5
8982,3578,132,1,7562.63,0
8983,3578,88,2,3856.23,0
8984,3578,108,1,1354.72,5
8985,3579,9,1,62842.96,0
8986,3579,112,1,4663.45,20
8987,3580,8,4,13061.23,25
8988,3580,131,3,7126.54,0
8989,3580,248,2,920.7,0
8990,3581,16,3,34271.2,0
8991,3582,286,1,8736.22,5
8992,3582,250,5,2593.99,5
8993,3582,215,2,3273.51,25
8994,3582,195,2,3228.26,0
8995,3583,38,1,48032.4,20
8996,3583,260,3,7979.97,5
8997,3583,24,1,35460.24,0
8998,3584,161,1,2506.85,15
8999,3584,31,1,48354.85,0
9000,3585,246,2,1697.04,15
9001,3585,285,2,7153.33,5
9002,3586,87,3,10975.61,5
9003,3586,180,1,8955.81,20
9004,3587,2,3,83080.99,0
9005,3587,87,1,11455.0,0
9006,3587,226,4,2919.72,25
9007,3588,95,2,13140.49,0
9008,3589,251,3,3010.1,0
9009,3589,170,2,21645.81,10
9010,3589,42,5,22067.66,20
9011,3590,240,2,1214.69,20
9012,3590,286,1,9174.99,0
9013,3591,227,3,395.02,0
9014,3591,33,3,74501.27,10
9015,3591,108,1,1385.96,0
9016,3592,150,1,16008.74,5
9017,3592,105,3,7436.46,0
9018,3593,26,1,28495.91,0
9019,3593,149,2,19619.14,15
9020,3593,85,3,10693.4,0
9021,3593,170,1,20242.51,25
9022,3594,26,3,28437.07,15
9023,3594,11,1,17919.93,20
9024,3595,83,1,12541.78,0
9025,3596,270,1,2030.26,5
9026,3596,246,1,1584.29,15
9027,3597,68,1,6818.02,25
9028,3597,250,1,2603.47,0
9029,3597,212,1,716.13,5
9030,3598,198,2,1686.59,0
9031,3598,249,1,2124.12,5
9032,3598,133,4,2785.11,20
9033,3599,159,1,12423.81,0
9034,3599,33,1,77854.98,25
9035,3599,128,2,840.95,15
9036,3600,104,1,8044.02,10
9037,3600,237,3,3016.68,10
9038,3601,275,2,1682.2,15
9039,3602,114,1,1198.48,15
9040,3602,257,1,1015.34,0
9041,3603,147,2,3126.2,15
9042,3604,189,3,4140.05,25
9043,3604,181,3,4462.29,0
9044,3604,291,4,6019.0,0
9045,3605,188,2,1646.66,10
9046,3605,21,1,51644.68,15
9047,3606,5,1,50639.62,0
9048,3606,70,3,41833.5,5
9049,3606,36,1,1526.4,20
9050,3607,74,2,10168.15,15
9051,3607,139,1,4935.9,25
9052,3607,148,2,22181.8,5
9053,3607,222,1,1074.19,0
9054,3608,68,1,7272.73,0
9055,3608,237,1,3061.63,10
9056,3608,144,4,4020.75,20
9057,3608,282,1,1436.16,5
9058,3608,152,1,22383.09,10
9059,3609,256,1,1406.79,0
9060,3609,2,2,85015.33,0
9061,3609,217,2,2469.09,0
9062,3609,251,1,3333.37,25
9063,3610,56,4,41437.16,0
9064,3610,14,2,20584.68,15
9065,3610,220,2,673.29,0
9066,3611,278,2,7163.69,0
9067,3612,154,2,9344.26,15
9068,3612,278,1,7051.52,0
9069,3613,90,2,13787.79,0
9070,3613,74,1,9801.34,5
9071,3614,93,2,10357.95,15
9072,3614,62,3,44188.91,20
9073,3614,243,1,3606.9,0
9074,3615,298,1,46419.34,25
9075,3615,209,1,2364.73,10
9076,3616,285,1,7170.65,15
9077,3616,204,1,2443.05,0
9078,3616,115,3,1328.86,25
9079,3617,145,2,6363.39,20
9080,3617,266,1,7543.36,25
9081,3617,59,1,39880.61,20
9082,3618,227,3,428.35,0
9083,3618,109,1,1499.51,5
9084,3618,85,1,10158.39,20
9085,3619,91,4,2178.57,0
9086,3620,165,1,9012.62,0
9087,3620,210,2,1810.95,0
9088,3621,56,1,42885.37,10
9089,3621,67,2,16158.86,0
9090,3622,180,2,8650.25,10
9091,3623,176,1,20519.25,15
9092,3623,61,1,14631.2,20
9093,3623,129,4,4324.02,0
9094,3623,113,4,1976.9,0
9095,3623,157,1,11100.86,0
9096,3624,156,2,23180.64,10
9097,3624,71,2,21756.07,5
9098,3625,70,1,39295.09,25
9099,3625,227,2,423.76,10
9100,3626,246,1,1615.21,0
9101,3626,203,1,1114.11,0
9102,3626,150,1,17480.2,10
9103,3627,117,1,304.71,25
9104,3628,78,1,2529.28,0
9105,3628,41,1,41758.49,20
9106,3628,54,1,5701.75,0
9107,3629,62,3,43580.96,10
9108,3629,247,3,651.27,0
9109,3629,88,2,4025.51,5
9110,3630,180,1,9287.85,20
9111,3630,88,2,3921.94,20
9112,3630,60,2,10440.88,20
9113,3630,48,1,38093.6,20
9114,3630,251,1,3224.04,15
9115,3631,146,2,16317.92,20
9116,3631,166,4,14323.91,15
9117,3631,193,1,4027.99,25
9118,3632,88,5,4200.26,0
9119,3632,287,3,1595.65,5
9120,3632,35,3,41655.1,15
9121,3632,271,2,2196.65,0
9122,3633,61,2,14893.82,25
9123,3633,48,2,37587.11,10
9124,3634,246,2,1580.02,0
9125,3634,271,1,2296.15,0
9126,3635,21,2,51608.44,25
9127,3636,60,4,10742.74,0
9128,3636,208,1,611.7,25
9129,3636,37,1,43767.24,10
9130,3637,108,1,1404.78,0
9131,3637,16,1,32588.23,0
9132,3637,164,1,12831.49,10
9133,3637,247,1,670.98,15
9134,3638,144,1,3755.44,10
9135,3638,20,1,54364.63,0
9136,3638,286,1,9082.76,5
9137,3638,258,2,4139.84,0
9138,3638,173,1,11291.3,5
9139,3639,31,2,46032.72,0
9140,3639,197,1,1430.02,0
9141,3640,6,1,69113.22,15
9142,3640,204,1,2458.73,0
9143,3640,111,1,1033.29,20
9144,3640,56,2,39588.28,20
9145,3641,247,2,700.47,0
9146,3641,124,2,927.98,0
9147,3641,116,1,4148.1,0
9148,3642,196,2,1935.83,10
9149,3643,99,3,5640.84,20
9150,3643,267,3,3805.83,20
9151,3644,216,2,4124.98,5
9152,3644,58,2,13392.14,0
9153,3644,8,2,12979.34,0
9154,3645,192,1,294.03,25
9155,3646,239,1,1810.2,25
9156,3646,20,1,56519.61,20
9157,3646,171,1,17529.86,25
9158,3646,68,1,7184.88,25
9159,3646,163,2,683.61,25
9160,3647,6,2,63996.59,5
9161,3648,68,1,7134.76,0
9162,3648,1,2,25838.14,20
9163,3648,21,1,52115.46,5
9164,3649,10,2,22742.63,25
9165,3649,221,3,1105.88,5
9166,3650,153,1,5871.62,0
9167,3650,29,1,45160.98,0
9168,3651,4,2,11053.07,5
9169,3651,6,1,63521.79,15
9170,3652,285,1,7110.04,10
9171,3652,151,3,439.46,25
9172,3652,95,4,12500.81,25
9173,3653,51,2,37457.95,15
9174,3653,268,1,1724.18,0
9175,3654,197,1,1424.64,5
9176,3654,182,2,2485.42,10
9177,3654,119,2,6542.3,0
9178,3654,188,1,1693.7,0
9179,3654,77,1,8784.08,15
9180,3655,287,1,1722.78,10
9181,3655,295,1,8792.72,10
9182,3655,261,3,7487.99,10
9183,3656,160,2,1116.11,0
9184,3656,94,2,2607.5,15
9185,3656,162,1,16908.72,5
9186,3656,182,3,2569.83,0
9187,3657,26,1,29657.61,15
9188,3658,22,1,26237.08,15
9189,3659,40,2,26887.41,25
9190,3659,104,1,7902.35,10
9191,3659,94,2,2414.82,10
9192,3660,77,2,8656.06,0
9193,3660,143,1,5817.22,15
9194,3661,286,3,9262.07,25
9195,3661,187,1,4859.09,25
9196,3662,205,2,769.33,0
9197,3662,4,5,10686.56,15
9198,3663,57,3,14041.07,15
9199,3663,137,4,1647.38,20
9200,3663,122,2,5446.16,0
9201,3664,242,2,1391.47,5
9202,3664,32,1,47409.68,0
9203,3664,127,1,7169.75,0
9204,3664,223,1,2923.58,5
9205,3665,278,1,6741.24,25
9206,3665,48,2,39359.61,15
9207,3666,52,2,43354.53,0
9208,3667,32,3,50335.07,25
9209,3667,86,2,9142.16,25
9210,3667,176,1,18700.29,5
9211,3668,81,3,6535.13,5
9212,3669,126,1,1564.84,15
9213,3669,178,2,6967.89,10
9214,3670,1,1,26920.02,25
9215,3670,50,2,16110.19,0
9216,3670,214,3,962.43,0
9217,3671,118,1,7426.46,15
9218,3671,102,2,3948.5,0
9219,3671,256,1,1449.86,0
9220,3672,148,2,22122.06,5
9221,3672,206,1,2764.66,0
9222,3672,166,2,14712.78,0
9223,3672,134,1,6690.27,0
9224,3673,41,1,40591.4,25
9225,3674,11,2,17543.41,20
9226,3674,154,1,9356.77,0
9227,3674,239,1,1893.32,25
9228,3675,40,2,27376.29,0
9229,3675,239,4,1995.76,5
9230,3676,114,2,1175.37,25
9231,3676,210,4,1778.02,0
9232,3676,9,1,62680.39,15
9233,3676,158,1,7083.17,15
9234,3677,106,2,7481.67,5
9235,3678,49,3,34779.06,25
9236,3678,82,2,7817.61,0
9237,3678,167,2,14431.95,10
9238,3678,258,1,4160.92,20
9239,3678,72,1,3552.1,5
9240,3679,278,2,6912.44,5
9241,3679,145,1,6558.54,0
9242,3680,234,4,3458.67,0
9243,3680,150,3,16023.66,20
9244,3680,124,1,956.83,10
9245,3680,289,3,3263.83,0
9246,3680,125,1,5488.41,0
9247,3681,254,4,2060.93,0
9248,3681,172,1,18524.57,5
9249,3681,257,1,1115.84,5
9250,3682,12,3,9988.4,0
9251,3682,76,2,8607.48,5
9252,3682,26,2,31117.2,10
9253,3683,83,1,12001.83,25
9254,3683,285,2,7455.28,25
9255,3684,77,1,8827.36,5
9256,3684,115,2,1214.85,20
9257,3684,75,1,13581.92,0
9258,3684,194,2,2559.23,15
9259,3685,25,3,12440.92,20
9260,3686,153,2,5632.15,25
9261,3686,93,1,9537.29,10
9262,3686,209,1,2311.58,15
9263,3686,149,1,18435.34,10
9264,3687,57,1,15022.48,15
9265,3688,182,1,2525.12,0
9266,3688,291,1,5847.19,0
9267,3688,156,1,22550.02,25
9268,3689,76,1,9225.52,20
9269,3689,154,2,9443.73,0
9270,3690,228,1,263.93,0
9271,3690,30,1,65787.72,0
9272,3690,7,1,67327.67,5
9273,3690,225,1,938.35,25
9274,3691,163,1,690.95,5
9275,3691,96,1,14215.94,0
9276,3692,144,3,3634.86,20
9277,3692,155,5,12559.41,0
9278,3692,182,2,2588.74,5
9279,3693,300,4,832.06,0
9280,3693,239,3,1824.96,0
9281,3693,252,1,733.94,0
9282,3694,1,2,27490.25,25
9283,3695,212,1,705.1,5
9284,3695,7,1,68119.63,0
9285,3695,6,2,63102.27,0
9286,3696,52,2,45532.25,15
9287,3696,250,1,2622.35,0
9288,3697,37,1,44652.97,5
9289,3697,262,2,1942.03,10
9290,3697,156,2,23468.91,5
9291,3697,211,4,4799.39,5
9292,3698,196,2,1782.52,0
9293,3698,19,2,70506.32,0
9294,3698,183,1,4356.31,20
9295,3699,212,4,719.78,20
9296,3699,90,1,12522.26,5
9297,3700,50,1,15506.89,5
9298,3700,193,2,3949.18,10
9299,3700,40,1,25608.49,10
9300,3700,258,1,4141.24,25
9301,3701,38,3,47613.86,5
9302,3701,171,5,16351.38,0
9303,3702,281,2,2068.3,0
9304,3702,35,3,42380.17,0
9305,3702,84,1,3137.12,0
9306,3703,270,1,2202.79,0
9307,3703,96,1,13495.93,25
9308,3703,250,2,2823.19,25
9309,3704,224,2,692.3,10
9310,3704,63,5,30825.63,0
9311,3704,80,1,2145.2,25
9312,3704,42,1,22987.91,25
9313,3705,172,4,17931.42,0
9314,3705,271,4,2350.02,0
9315,3705,95,2,12086.07,0
9316,3705,151,4,425.41,15
9317,3706,140,1,3060.06,15
9318,3706,141,1,2031.82,25
9319,3707,156,3,24181.94,0
9320,3708,22,1,27621.56,15
9321,3709,160,1,1190.87,15
9322,3710,165,2,8251.9,0
9323,3710,144,2,3725.39,0
9324,3711,51,2,37707.45,0
9325,3711,79,2,10049.99,5
9326,3712,17,3,89167.09,0
9327,3713,63,3,32071.32,0
9328,3713,36,2,1490.64,0
9329,3713,112,1,4783.79,20
9330,3714,284,1,1929.29,0
9331,3715,278,2,6875.93,10
9332,3716,81,1,6678.88,0
9333,3716,123,4,4801.57,0
9334,3716,62,2,42544.15,0
9335,3716,287,1,1755.86,0
9336,3717,61,1,14643.71,10
9337,3717,275,1,1657.4,25
9338,3717,48,4,36860.75,0
9339,3718,98,2,10275.39,15
9340,3718,60,1,10920.81,10
9341,3718,246,1,1712.73,10
9342,3719,200,1,1411.06,0
9343,3719,282,1,1554.09,15
9344,3719,163,2,685.99,20
9345,3720,77,2,7951.79,0
9346,3720,231,1,968.93,20
9347,3720,146,1,16576.71,0
9348,3720,83,1,11800.97,0
9349,3721,154,1,9973.72,25
9350,3721,11,1,18102.46,0
9351,3722,61,2,13974.9,25
9352,3722,238,3,2531.19,25
9353,3723,29,2,45726.88,20
9354,3723,41,1,39294.65,0
9355,3723,214,3,1007.84,25
9356,3724,298,2,46766.61,25
9357,3724,203,3,1127.7,0
9358,3725,197,1,1363.85,10
9359,3725,27,2,14628.3,10
9360,3725,208,2,599.51,0
9361,3726,260,3,7996.3,20
9362,3726,262,2,2143.55,10
9363,3726,207,1,1283.73,15
9364,3726,150,3,16766.15,20
9365,3727,228,4,251.51,0
9366,3727,122,1,5541.29,25
9367,3728,109,1,1657.23,0
9368,3728,94,2,2538.54,0
9369,3728,46,3,37313.2,10
9370,3728,41,1,42215.54,15
9371,3729,252,1,733.36,20
9372,3729,249,2,2115.87,0
9373,3730,121,1,1504.31,5
9374,3730,155,1,12383.04,25
9375,3731,9,1,64900.55,5
9376,3732,244,1,88.13,20
9377,3732,91,1,2091.77,0
9378,3733,6,4,67510.03,25
9379,3733,281,1,2018.74,15
9380,3733,140,2,2856.93,0
9381,3734,36,1,1568.44,5
9382,3734,193,3,3679.31,0
9383,3734,65,1,26764.09,5
9384,3734,242,1,1390.14,0
9385,3735,241,1,93.09,5
9386,3735,146,1,17945.39,0
9387,3735,277,1,6421.55,10
9388,3736,222,1,1113.87,10
9389,3736,121,1,1529.73,0
9390,3736,286,1,9406.08,0
9391,3737,166,1,15385.55,20
9392,3737,224,2,658.05,10
9393,3738,166,3,14066.38,0
9394,3738,60,1,10498.48,10
9395,3739,266,1,7343.67,15
9396,3739,298,1,46513.35,20
9397,3740,185,2,743.49,10
9398,3740,99,2,6018.46,0
9399,3741,139,1,4951.03,25
9400,3741,232,1,506.85,0
9401,3742,235,1,3851.27,10
9402,3742,38,2,48989.78,0
9403,3743,278,4,6690.75,0
9404,3743,52,2,46815.5,15
9405,3744,176,1,19261.12,0
9406,3744,77,1,8754.43,0
9407,3745,48,1,36442.75,15
9408,3745,57,1,14437.5,15
9409,3745,265,1,7432.46,0
9410,3746,58,3,14384.71,5
9411,3746,187,1,4709.1,25
9412,3746,296,4,7391.34,10
9413,3747,216,3,4553.26,0
9414,3748,14,2,20359.46,15
9415,3748,193,4,3990.87,25
9416,3749,64,2,41411.29,5
9417,3750,268,3,1786.27,5
9418,3750,209,1,2380.67,20
9419,3750,174,2,11996.11,15
9420,3751,175,1,18285.05,0
9421,3751,93,1,9655.47,15
9422,3752,141,1,2086.15,0
9423,3752,6,2,66990.28,0
9424,3753,169,1,21836.08,25
9425,3753,143,2,6061.74,0
9426,3754,242,1,1354.86,10
9427,3754,224,3,700.51,0
9428,3754,265,1,7112.05,5
9429,3755,273,1,1310.96,20
9430,3755,258,2,3975.29,0
9431,3756,227,1,426.54,25
9432,3756,217,3,2446.3,15
9433,3756,141,2,2001.08,25
9434,3756,200,1,1522.31,5
9435,3756,186,1,2520.36,0
9436,3757,124,3,948.37,25
9437,3757,148,1,23051.54,0
9438,3758,214,1,955.85,0
9439,3758,263,1,8208.49,5
9440,3759,195,1,3328.02,20
9441,3759,283,4,4172.03,5
9442,3759,119,2,6616.79,0
9443,3760,235,1,3515.1,15
9444,3760,78,1,2674.5,15
9445,3760,77,2,8074.27,20
9446,3761,194,1,2603.85,15
9447,3761,117,1,278.08,20
9448,3761,264,1,2610.72,5
9449,3762,203,2,1079.17,10
9450,3762,28,2,84274.4,15
9451,3762,29,2,41024.74,0
9452,3763,233,1,183.22,0
9453,3763,93,1,9855.27,20
9454,3763,105,1,7627.22,20
9455,3763,262,2,2044.43,0
9456,3764,32,1,45319.6,25
9457,3764,71,1,21776.05,0
9458,3765,165,1,8249.26,10
9459,3765,158,2,7170.95,0
9460,3766,148,1,23280.07,10
9461,3766,4,1,10919.11,25
9462,3766,154,2,9914.49,20
9463,3767,212,1,744.5,0
9464,3767,119,3,6429.53,15
9465,3767,136,1,2244.59,15
9466,3767,21,1,52969.32,0
9467,3768,117,3,285.8,0
9468,3768,113,1,1928.87,20
9469,3769,282,2,1414.38,10
9470,3769,34,3,26756.62,5
9471,3769,240,1,1278.13,0
9472,3769,171,2,16655.64,0
9473,3769,158,1,7319.06,0
9474,3770,254,3,2090.26,25
9475,3770,157,4,10413.73,25
9476,3771,180,1,8380.64,25
9477,3772,180,2,9041.53,25
9478,3773,235,1,3704.33,10
9479,3773,278,1,6905.54,20
9480,3773,9,5,65809.77,5
9481,3773,287,2,1750.79,20
9482,3774,293,3,12350.83,0
9483,3774,155,1,13410.96,0
9484,3774,169,1,22583.85,0
9485,3775,133,4,2838.24,0
9486,3776,274,1,5560.22,20
9487,3776,117,1,303.49,10
9488,3777,111,2,1025.98,25
9489,3777,166,2,14242.75,10
9490,3777,69,1,9597.27,15
9491,3778,54,1,6255.8,10
9492,3778,4,1,11409.06,25
9493,3778,128,2,874.77,0
9494,3778,37,1,44262.97,0
9495,3779,19,1,76379.12,0
9496,3779,142,1,2993.56,0
9497,3780,296,3,6981.7,20
9498,3781,130,4,5076.94,15
9499,3782,36,2,1628.84,0
9500,3782,214,1,1023.55,15
9501,3782,215,4,3420.51,15
9502,3783,45,2,629.65,0
9503,3783,38,1,48516.79,5
9504,3784,133,3,2834.54,0
9505,3784,300,2,766.38,20
9506,3784,119,1,7083.76,25
9507,3784,69,3,9344.49,20
9508,3785,139,3,4925.72,5
9509,3786,216,1,4546.93,25
9510,3786,163,3,694.69,0
9511,3786,86,2,9539.37,10
9512,3787,120,2,4498.87,0
9513,3787,203,2,1055.83,10
9514,3787,147,1,3235.06,20
9515,3787,269,2,5145.22,15
9516,3788,252,3,735.43,5
9517,3788,75,1,12612.66,0
9518,3788,248,1,886.49,15
9519,3788,256,1,1351.88,10
9520,3789,3,2,43939.85,0
9521,3789,16,1,34720.11,10
9522,3789,38,4,45376.26,0
9523,3790,260,1,8077.52,20
9524,3791,154,1,9225.28,0
9525,3791,190,1,1483.32,0
9526,3792,147,4,3281.01,10
9527,3792,139,1,5359.96,0
9528,3792,10,1,21537.46,0
9529,3792,201,2,3574.78,0
9530,3793,270,5,2005.6,10
9531,3793,258,3,4130.47,0
9532,3793,104,1,7969.45,0
9533,3793,143,3,6043.7,0
9534,3793,296,3,6859.5,25
9535,3794,141,1,2177.95,15
9536,3794,138,1,4823.57,25
9537,3794,16,1,32736.36,20
9538,3794,27,3,14792.31,20
9539,3794,6,1,63106.75,0
9540,3795,59,3,40236.57,0
9541,3795,207,2,1322.88,25
9542,3795,299,2,46596.08,5
9543,3795,209,3,2399.69,15
9544,3796,97,1,3699.7,5
9545,3796,185,2,698.31,20
9546,3796,243,1,3676.39,25
9547,3797,281,1,2045.7,0
9548,3797,36,1,1588.79,10
9549,3797,161,1,2346.18,0
9550,3798,191,1,410.41,10
9551,3798,252,2,712.08,0
9552,3799,3,3,43208.39,25
9553,3800,27,3,14489.89,25
9554,3800,227,2,434.35,5
9555,3800,268,2,1741.99,0
9556,3800,296,1,6890.41,0
9557,3801,185,1,748.65,0
9558,3801,232,1,513.54,0
9559,3801,118,1,7731.59,10
9560,3802,272,2,3464.94,0
9561,3803,295,3,8683.31,10
9562,3804,160,2,1181.13,0
9563,3805,41,2,39702.05,25
9564,3805,265,1,7251.95,25
9565,3805,139,1,4942.97,5
9566,3806,149,1,19097.28,10
9567,3806,286,1,8664.44,0
9568,3806,150,2,16063.2,25
9569,3807,268,1,1644.2,10
9570,3808,100,4,811.81,10
9571,3809,245,1,943.26,0
9572,3809,138,4,4700.38,25
9573,3809,124,2,1013.93,15
9574,3810,192,1,292.13,15
9575,3810,32,2,46055.38,10
9576,3810,73,1,6910.25,20
9577,3810,50,2,15897.75,20
9578,3810,262,1,2066.72,0
9579,3811,155,2,12438.37,0
9580,3811,5,1,53120.09,5
9581,3812,169,1,22966.33,0
9582,3812,185,2,751.96,15
9583,3813,9,3,62315.84,0
9584,3813,2,3,89507.09,25
9585,3813,214,3,984.55,20
9586,3813,151,1,398.47,0
9587,3814,12,4,9958.62,0
9588,3815,3,1,47072.17,0
9589,3815,115,1,1300.37,5
9590,3815,70,1,41562.2,10
9591,3816,221,1,1209.24,20
9592,3816,172,1,18435.41,0
9593,3817,42,1,21424.5,20
9594,3817,203,3,1033.14,5
9595,3817,113,3,2042.16,0
9596,3817,261,1,7989.87,10
9597,3818,219,2,2272.74,0
9598,3818,26,2,29803.49,0
9599,3819,49,1,34553.81,25
9600,3820,31,4,46217.22,0
9601,3821,190,2,1445.23,15
9602,3821,103,2,9168.96,15
9603,3822,103,2,9286.05,5
9604,3822,80,2,2110.84,0
9605,3822,32,2,48767.09,15
9606,3823,41,1,42239.24,0
9607,3824,214,1,974.58,20
9608,3825,161,1,2372.24,5
9609,3826,95,2,12938.61,0
9610,3826,138,4,4786.41,20
9611,3826,207,1,1337.27,20
9612,3826,205,2,747.13,20
9613,3827,99,1,5701.01,20
9614,3827,28,1,85600.25,0
9615,3828,140,2,2813.04,0
9616,3828,158,3,7497.14,0
9617,3828,73,1,6908.55,0
9618,3829,34,2,25368.08,25
9619,3829,248,1,894.11,0
9620,3830,223,2,2771.19,20
9621,3831,87,2,10959.95,20
9622,3831,67,1,16090.08,0
9623,3832,31,4,43510.51,5
9624,3832,152,1,23605.99,25
9625,3833,250,1,2685.46,25
9626,3833,59,3,38847.21,20
9627,3834,135,3,2040.33,0
9628,3834,239,1,1913.08,20
9629,3835,153,1,5759.62,10
9630,3835,253,1,6236.74,0
9631,3835,272,2,3157.94,10
9632,3835,215,1,3233.45,15
9633,3836,102,2,4171.72,0
9634,3836,63,2,32218.25,0
9635,3837,84,2,3194.98,15
9636,3837,76,3,9483.63,0
9637,3837,34,3,25643.48,10
9638,3838,255,1,394.67,0
9639,3838,151,1,437.93,0
9640,3838,294,1,28764.1,25
9641,3839,14,2,22527.94,5
9642,3839,72,1,3548.12,0
9643,3840,93,5,10567.32,15
9644,3840,64,2,40455.98,10
9645,3840,289,4,3607.12,15
9646,3840,53,2,20430.29,0
9647,3841,260,2,8585.52,0
9648,3841,218,1,3329.4,0
9649,3841,207,2,1316.6,0
9650,3842,152,3,21374.1,25
9651,3842,193,1,3922.68,15
9652,3842,103,3,9357.08,25
9653,3843,123,1,4755.55,10
9654,3843,112,2,4704.91,15
9655,3844,125,5,5200.24,15
9656,3844,99,3,5754.84,10
9657,3844,87,3,10978.3,0
9658,3844,137,1,1665.19,25
9659,3844,127,2,6991.3,0
9660,3845,279,3,2389.19,10
9661,3845,3,2,44864.76,20
9662,3846,281,1,2141.55,15
9663,3846,193,2,3647.49,25
9664,3846,264,2,2443.97,0
9665,3846,88,1,4088.87,20
9666,3847,116,2,4271.76,25
9667,3848,165,1,8535.77,15
9668,3849,140,2,3029.93,0
9669,3850,276,1,5032.22,0
9670,3850,215,1,3386.84,0
9671,3850,39,1,43945.27,0
9672,3850,157,1,10292.51,0
9673,3851,63,2,32502.5,0
9674,3851,296,2,6926.19,10
9675,3851,13,4,76029.86,0
9676,3851,177,2,13233.69,0
9677,3851,18,2,18228.04,5
9678,3852,183,2,4224.46,10
9679,3852,52,2,43720.93,20
9680,3852,297,1,49598.62,10
9681,3852,252,1,756.1,15
9682,3853,130,1,5261.78,0
9683,3853,183,2,4217.05,0
9684,3853,256,5,1378.44,10
9685,3853,69,2,9639.35,25
9686,3854,222,1,1103.14,25
9687,3854,63,1,31473.88,15
9688,3854,300,1,780.1,25
9689,3854,91,2,2119.49,5
9690,3855,97,3,3770.25,25
9691,3856,47,1,9882.94,5
9692,3856,205,4,787.32,0
9693,3856,85,3,10794.9,0
9694,3856,184,2,4164.72,5
9695,3857,240,2,1231.39,0
9696,3857,175,1,19893.75,15
9697,3857,128,2,847.8,0
9698,3857,233,1,194.01,10
9699,3858,239,1,1933.03,0
9700,3858,284,1,1953.96,15
9701,3859,109,1,1520.69,5
9702,3859,141,3,2040.34,20
9703,3860,279,1,2390.67,0
9704,3860,166,2,14065.32,10
9705,3860,26,1,27881.26,15
9706,3861,9,1,62391.54,20
9707,3861,115,1,1250.89,0
9708,3862,246,3,1665.45,0
9709,3862,261,1,7803.52,0
9710,3863,122,1,5925.88,15
9711,3863,186,1,2378.6,20
9712,3863,251,1,3255.5,0
9713,3864,146,1,17162.67,10
9714,3864,242,3,1310.59,20
9715,3864,42,1,22349.31,20
9716,3865,173,3,11543.97,20
9717,3866,285,1,7017.95,5
9718,3867,275,3,1717.58,0
9719,3867,117,1,286.06,25
9720,3868,229,2,3676.24,10
9721,3869,188,1,1694.87,25
9722,3869,114,2,1148.27,15
9723,3869,10,1,22001.51,0
9724,3870,73,1,7623.94,10
9725,3870,276,1,5217.48,0
9726,3870,63,1,31863.98,0
9727,3871,252,2,747.34,10
9728,3871,181,1,4870.64,20
9729,3872,83,4,12243.32,25
9730,3873,263,1,8129.18,10
9731,3873,198,1,1674.77,0
9732,3874,151,2,438.27,0
9733,3874,275,3,1723.31,0
9734,3874,274,1,5549.4,20
9735,3874,234,1,3307.79,0
9736,3875,97,3,3490.69,0
9737,3876,90,1,13013.7,0
9738,3876,181,1,4821.08,0
9739,3877,153,1,5695.25,10
9740,3877,210,4,1651.96,15
9741,3877,235,2,3626.16,0
9742,3878,103,1,9574.92,15
9743,3878,177,1,13134.31,15
9744,3879,275,2,1642.44,10
9745,3879,284,2,2059.79,20
9746,3880,218,4,3275.61,10
9747,3881,200,1,1537.17,0
9748,3881,249,1,2060.6,20
9749,3881,109,2,1572.96,10
9750,3882,216,2,4148.66,0
9751,3882,156,3,22248.64,15
9752,3883,179,2,2224.27,15
9753,3884,278,1,6962.49,0
9754,3885,6,1,63931.05,0
9755,3885,56,1,43370.68,0
9756,3885,29,2,41140.28,5
9757,3886,140,1,2754.44,5
9758,3886,288,2,3670.78,0
9759,3886,286,1,8907.57,0
9760,3887,237,1,2871.58,15
9761,3887,91,2,2253.24,0
9762,3887,249,2,1962.79,10
9763,3887,25,3,12324.08,10
9764,3888,107,1,7312.97,25
9765,3888,242,2,1408.5,5
9766,3888,149,1,19996.84,0
9767,3889,165,1,8342.94,5
9768,3890,47,2,9718.1,5
9769,3890,111,2,1000.44,0
9770,3891,239,4,1849.35,20
9771,3892,148,1,22103.08,25
9772,3893,199,2,2067.34,15
9773,3893,71,4,21901.75,0
9774,3893,230,4,391.77,10
9775,3893,286,1,8739.2,20
9776,3894,154,1,9431.62,10
9777,3894,264,1,2664.89,20
9778,3894,270,2,2100.2,0
9779,3895,242,4,1409.88,20
9780,3895,235,1,3459.61,15
9781,3895,45,4,614.97,5
9782,3895,30,1,70709.4,0
9783,3896,18,1,19150.24,0
9784,3896,242,1,1449.26,15
9785,3897,170,1,20426.88,5
9786,3897,44,2,8775.04,25
9787,3898,294,2,26569.87,0
9788,3898,77,1,8416.64,15
9789,3898,79,3,10494.58,15
9790,3899,44,2,8570.89,0
9791,3899,90,2,13007.81,20
9792,3899,264,2,2700.82,5
9793,3900,121,1,1499.19,0
9794,3900,134,2,6272.24,0
9795,3900,252,1,743.75,15
9796,3900,269,1,5071.5,0
9797,3900,221,3,1220.49,0
9798,3901,256,2,1445.37,0
9799,3901,274,2,5702.33,0
9800,3901,208,1,646.11,25
9801,3901,36,1,1546.69,20
9802,3901,50,5,16335.73,10
9803,3902,145,1,6744.0,0
9804,3902,193,2,3712.18,20
9805,3902,78,1,2688.12,5
9806,3903,279,1,2302.24,10
9807,3903,111,2,963.55,0
9808,3903,164,2,12960.85,25
9809,3903,293,1,12232.62,0
9810,3904,13,1,76309.5,25
9811,3904,99,1,5911.73,25
9812,3905,58,2,13344.48,20
9813,3905,55,1,3517.33,0
9814,3906,47,5,9763.42,10
9815,3906,68,1,7292.87,15
9816,3907,43,1,10034.34,10
9817,3907,3,2,42378.48,5
9818,3908,175,1,19446.56,0
9819,3909,159,1,12516.63,0
9820,3909,67,1,17405.7,25
9821,3909,74,2,9949.1,0
9822,3910,199,1,2211.49,25
9823,3910,228,2,270.03,0
9824,3910,268,1,1660.42,20
9825,3910,175,2,18487.99,0
9826,3911,96,1,13079.7,15
9827,3911,253,2,6312.94,15
9828,3912,150,2,16359.52,0
9829,3913,61,4,13919.5,0
9830,3914,87,1,11064.3,25
9831,3914,49,1,37147.51,10
9832,3915,108,1,1383.25,10
9833,3915,91,1,2269.9,10
9834,3915,48,1,36640.94,0
9835,3915,79,1,11064.94,0
9836,3916,170,2,21782.93,10
9837,3916,16,2,32745.06,0
9838,3916,281,1,2153.67,0
9839,3916,299,1,48242.72,5
9840,3917,126,1,1579.12,25
9841,3917,191,1,396.59,15
9842,3918,112,1,4872.88,10
9843,3918,148,1,22598.25,0
9844,3918,109,3,1541.49,0
9845,3918,186,1,2438.86,20
9846,3919,251,2,2998.97,25
9847,3920,167,1,13813.52,20
9848,3920,46,2,36058.79,0
9849,3920,117,1,277.32,5
9850,3920,5,2,49767.41,0
9851,3920,3,1,45074.74,25
9852,3921,148,1,23232.46,15
9853,3921,68,1,7531.75,0
9854,3922,158,1,6934.86,0
9855,3922,236,2,2206.1,15
9856,3922,192,2,283.97,0
9857,3923,292,3,489.56,0
9858,3923,3,2,46147.31,5
9859,3924,182,3,2632.86,0
9860,3924,260,1,7944.78,0
9861,3925,190,1,1478.27,0
9862,3925,39,2,44889.07,15
9863,3925,53,4,19639.46,15
9864,3926,116,3,4198.03,0
9865,3926,176,1,20056.53,10
9866,3926,203,2,1028.45,20
9867,3927,275,2,1734.03,25
9868,3928,135,4,2035.56,15
9869,3928,252,1,734.01,10
9870,3928,9,2,67120.86,25
9871,3929,118,1,7003.92,25
9872,3929,292,1,462.88,20
9873,3930,286,1,9328.27,15
9874,3930,238,1,2546.89,0
9875,3931,214,1,986.37,20
9876,3931,126,1,1586.6,15
9877,3931,173,1,11057.01,15
9878,3932,177,2,13811.46,0
9879,3932,297,2,50023.61,20
9880,3933,70,2,40225.71,5
9881,3933,154,1,10043.29,15
9882,3934,59,1,39970.68,0
9883,3935,216,1,4555.85,0
9884,3935,272,1,3357.41,0
9885,3936,295,2,9359.75,0
9886,3936,289,3,3505.1,25
9887,3937,206,1,2710.78,0
9888,3937,192,1,303.59,0
9889,3937,202,2,3923.56,20
9890,3938,225,4,943.02,0
9891,3939,289,1,3506.35,25
9892,3939,60,2,10369.34,5
9893,3940,171,1,16091.19,15
9894,3940,10,1,23596.72,0
9895,3940,22,1,25683.72,0
9896,3940,128,1,860.7,20
9897,3941,28,1,84966.45,20
9898,3941,233,1,181.1,20
9899,3942,244,3,85.44,20
9900,3942,261,5,7222.86,25
9901,3942,48,1,37607.94,0
9902,3942,46,2,37227.81,25
9903,3943,244,4,86.25,0
9904,3943,137,2,1532.74,0
9905,3943,285,2,6857.34,0
9906,3944,210,1,1724.49,0
9907,3944,4,2,10961.94,20
9908,3945,268,3,1673.36,25
9909,3945,92,2,5673.23,0
9910,3946,270,1,2136.8,0
9911,3946,276,1,5011.15,20
9912,3947,80,1,2082.89,15
9913,3947,152,1,22526.24,0
9914,3947,63,1,31262.45,0
9915,3947,184,3,4329.1,0
9916,3948,220,1,660.21,0
9917,3948,179,1,2222.21,5
9918,3949,103,5,9747.46,15
9919,3950,53,2,20657.95,0
9920,3950,278,3,7282.19,5
9921,3951,262,2,2004.03,15
9922,3952,107,2,7512.77,20
9923,3952,119,1,6863.92,25
9924,3953,187,2,4760.31,25
9925,3953,43,2,9801.94,20
9926,3954,243,2,3748.81,0
9927,3954,52,1,46019.83,0
9928,3954,232,2,547.65,20
9929,3955,127,2,7081.73,5
9930,3956,241,2,90.22,0
9931,3956,134,5,6403.86,0
9932,3957,184,1,4219.74,0
9933,3957,29,1,45722.41,10
9934,3958,193,3,3826.58,0
9935,3958,120,1,4706.6,25
9936,3959,99,3,5665.18,20
9937,3959,150,2,17228.02,10
9938,3959,16,1,36352.95,25
9939,3960,268,1,1658.22,5
9940,3961,45,2,677.74,0
9941,3961,144,1,3641.14,20
9942,3961,34,2,27585.23,0
9943,3961,58,1,13841.46,20
9944,3962,205,1,821.37,25
9945,3962,256,2,1452.5,0
9946,3963,32,1,45353.55,0
9947,3963,273,1,1361.5,20
9948,3964,205,1,791.25,20
9949,3964,95,3,12870.78,0
9950,3964,32,2,48589.06,0
9951,3964,61,2,14032.22,0
9952,3965,212,1,681.86,10
9953,3965,115,2,1299.47,10
9954,3965,144,3,3901.41,0
9955,3965,179,1,2043.57,5
9956,3965,206,2,2772.91,0
9957,3966,212,3,756.23,5
9958,3967,111,1,1062.74,5
9959,3967,78,2,2659.89,0
9960,3968,233,1,187.02,20
9961,3968,246,1,1595.06,15
9962,3968,157,2,10881.92,10
9963,3969,41,2,40794.7,5
9964,3969,219,1,2308.33,25
9965,3970,193,2,3874.08,0
9966,3970,284,3,1953.53,0
9967,3970,88,4,3914.46,0
9968,3971,152,1,23034.42,0
9969,3971,172,1,18175.66,5
9970,3971,234,1,3409.88,0
9971,3971,8,1,12920.03,20
9972,3972,118,2,7488.73,15
9973,3972,62,1,41273.75,0
9974,3972,268,1,1630.71,15
9975,3973,153,1,5402.71,15
9976,3973,87,1,10685.56,10
9977,3973,178,1,7481.55,20
9978,3973,128,1,891.36,15
9979,3974,144,2,3627.59,15
9980,3974,141,2,2006.4,0
9981,3974,2,3,87533.08,10
9982,3975,297,2,49913.93,25
9983,3975,219,5,2158.04,15
9984,3975,97,1,3593.46,5
9985,3975,6,1,69197.14,15
9986,3976,41,1,39625.51,20
9987,3976,18,1,17858.08,10
9988,3977,249,1,2121.9,10
9989,3977,7,1,71345.75,0
9990,3978,140,1,2794.08,0
9991,3979,290,5,5540.18,5
9992,3979,165,5,8327.26,25
9993,3979,249,2,2052.03,25
9994,3980,266,1,7884.87,25
9995,3980,232,2,551.47,0
9996,3981,63,1,32809.54,5
9997,3981,119,1,6881.54,20
9998,3981,56,2,40073.91,15
9999,3981,158,2,6912.74,20
10000,3982,193,1,3904.55,10
10001,3982,77,3,8657.22,0
10002,3982,269,1,5254.01,15
10003,3983,271,1,2284.11,20
10004,3983,236,4,2131.91,15
10005,3984,235,1,3482.96,15
10006,3985,237,3,3089.06,25
10007,3986,10,2,21300.97,0
10008,3986,20,1,58133.37,25
10009,3986,13,1,72548.26,0
10010,3987,114,1,1151.6,25
10011,3987,66,3,15392.21,5
10012,3988,20,3,57798.35,10
10013,3988,22,2,26957.94,15
10014,3989,95,1,12648.15,0
10015,3989,259,1,4867.95,0
10016,3989,37,3,43970.76,0
10017,3990,60,2,11292.83,0
10018,3990,108,1,1379.0,5
10019,3990,264,1,2554.56,20
10020,3991,276,2,4844.58,10
10021,3991,259,2,4670.31,5
10022,3992,100,1,783.85,0
10023,3993,90,4,13142.8,25
10024,3993,143,4,6175.76,10
10025,3994,262,1,1965.26,0
10026,3994,187,2,4670.67,10
10027,3995,126,1,1467.9,0
10028,3995,149,1,19351.75,5
10029,3995,71,2,23798.03,10
10030,3995,27,1,13662.32,25
10031,3995,170,3,21085.08,0
10032,3996,197,2,1418.53,0
10033,3996,291,1,5987.82,0
10034,3996,89,1,9381.59,0
10035,3996,176,3,18851.2,25
10036,3997,74,1,9362.27,0
10037,3998,297,2,47688.54,5
10038,3998,291,2,6010.29,25
10039,3999,144,4,4034.58,0
10040,3999,149,1,19550.99,0
10041,3999,169,4,23979.29,20
10042,3999,49,1,38318.1,20
10043,4000,66,3,14271.55,25
10044,4000,2,1,90385.33,15
10045,4001,80,1,2186.81,15
10046,4001,121,1,1539.75,20
10047,4001,127,2,7229.39,0
10048,4002,66,5,15698.64,0
10049,4002,103,1,9252.94,25
10050,4003,263,1,8296.97,10
10051,4003,144,1,3763.33,0
10052,4004,161,2,2311.86,0
10053,4004,33,1,77620.24,15
10054,4005,275,1,1639.33,10
10055,4005,187,1,4850.54,15
10056,4005,33,3,81080.42,10
10057,4006,190,1,1416.93,10
10058,4006,111,2,1068.95,0
10059,4007,79,1,10462.33,10
10060,4007,216,2,4119.5,15
10061,4007,2,1,85389.25,25
10062,4008,102,1,3848.58,25
10063,4008,107,1,7115.58,0
10064,4008,177,2,13339.86,20
10065,4009,20,3,58518.39,15
10066,4009,84,1,3239.01,0
10067,4009,266,2,7858.7,15
10068,4009,217,3,2595.78,0
10069,4009,218,2,3037.65,10
10070,4010,286,1,8666.15,15
10071,4010,275,1,1707.98,0
10072,4011,300,1,770.36,20
10073,4012,26,3,30998.24,10
10074,4012,260,2,7793.07,0
10075,4013,249,2,1952.87,25
10076,4014,221,1,1120.89,15
10077,4014,8,1,14047.76,20
10078,4014,22,1,26756.26,0
10079,4015,261,1,7495.03,25
10080,4016,99,1,5593.94,0
10081,4016,115,1,1239.66,20
10082,4016,266,1,7971.82,10
10083,4017,221,3,1186.02,0
10084,4017,45,1,634.57,25
10085,4018,53,2,19382.96,0
10086,4018,234,4,3521.02,5
10087,4018,104,2,7626.62,15
10088,4019,289,1,3502.32,20
10089,4020,54,1,5920.08,25
10090,4020,247,1,675.89,25
10091,4020,116,1,3921.7,20
10092,4021,31,2,44476.85,10
10093,4021,41,1,39925.32,25
10094,4021,200,1,1535.24,0
10095,4021,92,2,5536.39,5
10096,4021,165,1,8500.1,15
10097,4022,220,1,672.36,15
10098,4022,55,1,3283.31,0
10099,4022,201,2,3216.58,0
10100,4022,274,1,5909.31,5
10101,4022,288,1,3609.5,20
10102,4023,244,1,85.14,0
10103,4023,204,1,2286.12,25
10104,4024,256,3,1360.03,5
10105,4025,157,4,10319.84,15
10106,4025,242,1,1422.35,0
10107,4025,247,1,680.09,5
10108,4025,285,1,7526.95,5
10109,4026,283,2,4617.07,20
10110,4026,137,3,1675.14,0
10111,4026,230,1,363.29,0
10112,4027,116,1,4162.7,0
10113,4027,92,2,5676.24,25
10114,4027,101,1,14810.84,15
10115,4027,64,2,40769.14,20
10116,4028,170,1,21348.97,5
10117,4028,278,1,6650.72,10
10118,4029,260,3,7975.97,10
10119,4030,62,2,42395.46,0
10120,4031,31,1,45509.21,0
10121,4031,6,3,67362.13,20
10122,4032,138,1,4739.25,0
10123,4032,16,1,34789.06,25
10124,4032,261,1,7623.97,0
10125,4032,66,2,15228.77,0
10126,4032,287,3,1675.13,0
10127,4033,205,1,752.83,25
10128,4033,255,3,386.98,15
10129,4033,81,1,6691.6,0
10130,4034,169,2,22792.88,0
10131,4034,124,1,934.94,10
10132,4034,208,1,629.75,0
10133,4034,117,1,291.53,5
10134,4034,228,4,253.49,0
10135,4035,226,2,3096.19,0
10136,4035,56,1,39968.17,15
10137,4035,244,1,81.57,15
10138,4036,207,4,1330.81,10
10139,4036,281,2,2074.8,25
10140,4036,297,1,50111.63,5
10141,4037,99,2,5508.36,0
10142,4037,50,3,15603.42,25
10143,4037,280,1,7540.1,0
10144,4037,125,4,5084.37,5
10145,4038,52,1,44281.87,10
10146,4038,194,1,2736.5,0
10147,4038,95,3,12921.81,0
10148,4039,151,2,401.52,0
10149,4040,128,1,827.75,15
10150,4041,32,1,49361.11,20
10151,4041,53,1,20046.42,15
10152,4042,222,2,1136.84,0
10153,4043,209,3,2378.26,0
10154,4044,71,2,23238.06,20
10155,4044,227,1,401.61,0
10156,4044,108,2,1307.11,10
10157,4045,82,2,7909.0,0
10158,4046,177,1,13887.37,0
10159,4046,194,2,2501.47,0
10160,4046,249,3,1986.44,5
10161,4047,67,1,17285.08,25
10162,4048,262,1,1939.49,5
10163,4048,272,2,3190.28,20
10164,4049,16,2,35195.62,0
10165,4049,243,1,3684.89,5
10166,4050,72,4,3425.57,15
10167,4050,240,2,1166.23,0
10168,4050,89,2,9496.22,0
10169,4051,146,4,17464.33,20
10170,4051,277,1,5833.67,20
10171,4052,215,1,3516.06,5
10172,4052,247,2,684.91,0
10173,4053,84,2,3160.76,0
10174,4053,128,5,905.08,0
10175,4053,184,3,4327.22,0
10176,4054,202,2,3904.25,0
10177,4055,238,1,2645.11,0
10178,4055,135,1,2042.64,20
10179,4056,215,1,3339.29,10
10180,4056,145,2,6699.58,0
10181,4057,184,1,4103.48,0
10182,4057,10,2,23425.41,15
10183,4058,230,1,386.11,0
10184,4058,208,1,611.13,15
10185,4058,179,3,2123.74,20
10186,4059,104,3,7355.63,0
10187,4059,213,2,1143.86,10
10188,4059,120,5,4816.89,25
10189,4060,121,2,1585.79,0
10190,4060,131,1,6775.5,0
10191,4060,112,1,4724.35,25
10192,4060,127,2,6993.56,25
10193,4061,32,2,49866.6,0
10194,4061,203,4,1090.43,25
10195,4061,62,3,41154.96,20
10196,4062,292,2,450.35,15
10197,4062,103,1,9932.26,0
10198,4062,137,1,1677.65,10
10199,4063,227,3,436.69,10
10200,4064,237,1,2919.2,0
10201,4065,176,3,19341.24,10
10202,4066,215,1,3225.04,10
10203,4066,226,4,2960.81,5
10204,4066,58,3,13279.25,25
10205,4067,6,2,69341.56,0
10206,4067,257,1,1015.76,0
10207,4068,285,3,7107.5,0
10208,4068,88,2,4177.24,5
10209,4068,286,1,8498.53,0
10210,4068,57,4,13806.25,0
10211,4069,289,1,3414.6,0
10212,4070,271,3,2304.59,5
10213,4071,250,4,2608.13,0
10214,4071,90,2,13674.99,5
10215,4072,27,3,13621.2,15
10216,4072,7,1,68203.08,0
10217,4072,79,1,10887.53,0
10218,4073,248,2,888.69,0
10219,4073,156,1,23848.72,0
10220,4074,223,2,3082.83,0
10221,4074,13,3,73207.84,20
10222,4075,298,3,44396.93,0
10223,4075,12,1,9841.57,0
10224,4075,138,2,4707.26,0
10225,4076,85,1,10988.3,15
10226,4076,252,1,753.44,25
10227,4077,116,1,3903.93,0
10228,4077,228,1,249.3,0
10229,4078,275,1,1703.98,20
10230,4078,177,2,12941.95,5
10231,4078,214,1,1025.09,5
10232,4078,150,2,16838.69,0
10233,4079,26,1,28741.28,15
10234,4079,200,1,1421.7,0
10235,4079,162,1,16199.46,0
10236,4079,156,1,23941.82,0
10237,4079,173,1,11907.11,0
10238,4080,237,4,2978.03,10
10239,4080,112,1,4811.47,10
10240,4080,99,1,5593.54,0
10241,4081,31,1,46014.37,0
10242,4081,182,2,2581.66,0
10243,4081,86,1,9466.59,25
10244,4082,117,2,273.26,0
10245,4082,174,3,11240.07,0
10246,4082,149,3,20025.02,25
10247,4083,286,1,8587.28,0
10248,4083,215,3,3325.5,0
10249,4083,300,1,804.38,5
10250,4084,94,1,2582.23,5
10251,4084,31,2,47831.49,0
10252,4085,26,1,31029.02,0
10253,4086,2,1,90588.97,25
10254,4087,172,3,17996.08,0
10255,4087,59,1,39159.14,0
10256,4088,202,3,3990.72,15
10257,4088,91,1,2101.12,25
10258,4088,145,1,6388.38,0
10259,4089,155,4,12368.8,0
10260,4089,82,1,8326.9,0
10261,4090,117,2,302.95,25
10262,4090,241,1,86.93,20
10263,4090,33,1,75556.54,0
10264,4091,201,1,3297.03,10
10265,4091,208,1,641.76,0
10266,4091,30,1,70880.47,5
10267,4091,160,2,1108.28,0
10268,4091,249,4,2023.14,0
10269,4092,14,2,20849.62,5
10270,4092,221,1,1140.86,5
10271,4092,236,4,2013.28,0
10272,4093,90,1,12842.56,10
10273,4093,105,1,7341.84,0
10274,4094,129,2,4086.9,0
10275,4094,91,2,2154.84,5
10276,4094,278,2,7190.38,0
10277,4095,238,3,2573.99,0
10278,4095,297,2,50193.28,15
10279,4096,77,2,8517.33,0
10280,4096,283,2,4179.01,0
10281,4096,248,2,866.6,0
10282,4096,199,3,2055.72,20
10283,4097,120,2,4832.44,0
10284,4098,102,1,3907.34,15
10285,4098,294,3,27225.22,0
10286,4099,164,2,13353.87,0
10287,4099,138,1,4406.13,0
10288,4100,201,2,3572.43,0
10289,4101,216,3,4381.7,10
10290,4101,49,1,36369.48,0
10291,4102,253,4,6140.64,0
10292,4102,261,2,7604.93,10
10293,4102,299,1,45244.23,15
10294,4103,80,1,2192.54,20
10295,4103,164,2,13308.55,15
10296,4103,285,5,7048.47,0
10297,4103,263,3,8295.51,15
10298,4104,172,1,19320.57,0
10299,4104,111,1,1053.41,0
10300,4105,260,2,8699.35,0
10301,4105,171,1,16501.33,0
10302,4106,95,1,12913.49,25
10303,4106,211,2,4753.74,0
10304,4106,66,1,14975.3,20
10305,4107,155,4,13068.6,20
10306,4107,96,1,13156.64,10
10307,4107,166,4,15563.66,0
10308,4108,1,2,26978.75,25
10309,4109,173,1,11521.02,20
10310,4109,82,1,8609.14,15
10311,4110,272,1,3151.1,0
10312,4111,276,1,4756.31,10
10313,4111,10,1,21452.42,15
10314,4111,100,1,814.42,0
10315,4111,8,1,13360.92,5
10316,4112,46,2,39519.87,25
10317,4112,300,1,753.25,20
10318,4112,159,3,13403.46,0
10319,4113,78,2,2660.64,0
10320,4113,285,2,7261.33,15
10321,4114,32,2,49992.37,15
10322,4114,202,2,4045.39,0
10323,4115,137,1,1559.47,0
10324,4115,93,2,9629.8,0
10325,4116,201,1,3283.68,0
10326,4116,132,1,7098.12,0
10327,4117,4,2,10414.69,0
10328,4117,16,2,33158.23,15
10329,4117,158,1,7448.09,20
10330,4117,180,2,9258.57,5
10331,4118,149,2,18568.43,20
10332,4119,278,3,6713.6,0
10333,4119,131,2,7171.33,0
10334,4120,35,1,40389.03,0
10335,4120,248,1,946.36,10
10336,4120,27,1,14571.36,0
10337,4120,196,1,1754.5,5
10338,4121,12,1,9295.12,10
10339,4121,82,2,8183.83,0
10340,4121,59,1,38387.71,15
10341,4122,7,2,72479.7,0
10342,4122,44,2,8117.19,0
10343,4122,96,2,13469.56,25
10344,4123,92,2,5446.66,0
10345,4123,87,1,10906.19,15
10346,4124,157,1,10713.15,20
10347,4124,1,2,25403.92,0
10348,4124,100,1,807.68,20
10349,4124,144,1,3970.23,5
10350,4125,14,2,21705.63,5
10351,4126,247,2,671.05,25
10352,4126,164,1,12887.44,10
10353,4127,67,1,17850.23,10
10354,4128,11,1,18120.63,25
10355,4128,129,1,4420.66,15
10356,4129,99,2,5730.75,0
10357,4130,57,5,14569.96,0
10358,4130,218,1,3169.46,0
10359,4131,211,4,4498.68,0
10360,4131,47,3,10562.28,20
10361,4132,215,1,3214.19,25
10362,4132,73,1,7165.2,0
10363,4132,189,1,4186.01,0
10364,4133,145,1,6661.64,10
10365,4133,265,1,7052.25,0
10366,4133,106,3,7067.33,0
10367,4133,56,1,43027.04,25
10368,4134,208,5,612.11,0
10369,4134,258,3,4005.12,0
10370,4134,39,1,46598.5,15
10371,4135,27,3,14019.44,10
10372,4136,14,1,20287.26,5
10373,4136,190,1,1510.7,25
10374,4137,53,1,19234.51,10
10375,4137,75,2,13412.37,0
10376,4137,287,1,1769.23,0
10377,4137,256,3,1359.72,10
10378,4138,67,1,16641.94,0
10379,4138,62,1,43565.18,0
10380,4139,235,2,3513.06,20
10381,4139,202,1,4108.89,10
10382,4140,10,1,23503.03,15
10383,4140,247,2,666.2,0
10384,4140,80,1,2247.87,0
10385,4141,240,1,1295.68,15
10386,4141,154,2,9063.5,0
10387,4141,29,3,44052.51,10
10388,4142,126,1,1580.2,5
10389,4143,59,2,37899.82,5
10390,4143,13,2,80183.14,20
10391,4144,124,2,985.54,10
10392,4144,299,2,47468.57,20
10393,4144,269,1,5301.0,20
10394,4145,35,2,39904.8,0
10395,4145,281,2,1923.91,25
10396,4146,83,2,13001.45,15
10397,4146,49,1,37072.11,0
10398,4147,105,1,7628.17,0
10399,4147,143,1,6081.28,15
10400,4147,270,1,2158.51,0
10401,4148,186,2,2455.61,0
10402,4148,203,1,1072.18,0
10403,4149,30,2,70482.32,15
10404,4149,45,2,660.29,25
10405,4149,98,4,9946.2,0
10406,4150,96,1,13731.39,15
10407,4150,33,2,75801.84,20
10408,4151,55,2,3340.2,5
10409,4151,133,3,2854.82,20
10410,4151,243,2,3609.98,5
10411,4152,192,2,311.09,0
10412,4152,66,2,14257.54,10
10413,4152,182,1,2372.37,0
10414,4153,147,2,3106.57,10
10415,4153,124,1,965.93,10
10416,4153,44,1,8478.52,0
10417,4153,215,1,3324.9,5
10418,4154,195,1,3154.56,15
10419,4154,81,2,6718.22,0
10420,4155,170,1,20602.96,5
10421,4155,190,1,1412.06,0
10422,4155,52,2,45775.0,25
10423,4156,204,1,2501.67,20
10424,4157,142,1,2795.38,10
10425,4158,202,2,3786.56,0
10426,4159,80,2,2192.16,10
10427,4159,248,3,911.43,0
10428,4159,292,2,480.49,0
10429,4160,93,1,10373.75,20
10430,4160,295,1,8658.81,20
10431,4161,20,2,59474.07,0
10432,4161,16,2,35479.73,25
10433,4162,153,2,5921.29,15
10434,4163,109,1,1498.36,25
10435,4163,139,1,5211.39,5
10436,4163,61,3,14959.51,0
10437,4164,184,1,4192.95,5
10438,4164,96,4,13737.85,25
10439,4164,23,1,16746.88,10
10440,4164,272,2,3269.4,5
10441,4165,112,4,4469.46,0
10442,4165,155,1,12917.18,0
10443,4165,153,2,5508.5,10
10444,4166,75,1,12943.93,25
10445,4166,28,1,80457.19,15
10446,4166,228,1,254.75,0
10447,4166,133,2,2908.43,0
10448,4166,257,1,1113.91,0
10449,4167,199,2,2222.37,0
10450,4167,235,1,3772.02,5
10451,4167,3,2,43085.14,0
10452,4168,248,1,947.64,15
10453,4168,261,4,7656.6,0
10454,4168,41,1,41741.66,5
10455,4168,227,1,429.71,0
10456,4168,78,2,2547.96,0
10457,4169,108,3,1364.3,25
10458,4170,9,1,64943.13,15
10459,4170,138,1,4418.39,5
10460,4170,114,1,1192.03,25
10461,4170,35,2,43135.51,0
10462,4171,165,2,8720.23,0
10463,4171,136,1,2381.25,0
10464,4172,47,3,10688.63,0
10465,4172,210,2,1661.53,0
10466,4172,224,1,691.84,10
10467,4173,152,1,23814.87,15
10468,4173,17,3,82707.43,5
10469,4174,175,2,19121.62,0
10470,4175,236,1,2081.06,0
10471,4176,69,5,9766.82,20
10472,4176,252,2,725.75,0
10473,4176,229,1,3850.56,20
10474,4177,130,2,5126.34,25
10475,4178,190,2,1513.84,20
10476,4178,126,2,1490.05,0
10477,4178,241,1,93.7,0
10478,4179,74,1,9615.38,15
10479,4179,288,2,3774.94,5
10480,4179,10,1,21869.93,0
10481,4180,111,1,1001.53,0
10482,4181,266,3,7414.86,5
10483,4182,144,1,3804.17,25
10484,4182,225,1,906.63,25
10485,4182,42,1,21754.45,0
10486,4183,41,4,38410.15,0
10487,4183,30,2,72276.82,25
10488,4184,54,1,5798.01,25
10489,4184,128,1,892.26,0
10490,4185,148,1,21901.52,15
10491,4185,257,1,1089.23,0
10492,4186,170,1,21643.81,10
10493,4186,225,2,995.78,0
10494,4186,234,2,3554.97,5
10495,4186,89,3,9714.5,0
10496,4186,222,1,1068.49,0
10497,4187,4,3,10828.43,25
10498,4188,87,1,10970.47,0
10499,4188,109,1,1506.59,5
10500,4189,174,3,12204.8,15
10501,4189,2,4,89917.37,0
10502,4189,74,1,9551.29,25
10503,4189,159,4,13144.14,0
10504,4189,274,2,5449.1,5
10505,4190,246,2,1635.11,0
10506,4190,73,1,7123.71,0
10507,4191,89,1,9208.58,25
10508,4191,280,1,7783.44,5
10509,4192,206,2,2799.57,0
10510,4193,211,2,4334.14,0
10511,4194,219,3,2312.25,0
10512,4194,18,1,19210.51,0
10513,4194,85,1,11287.87,10
10514,4194,28,2,81787.1,0
10515,4195,236,2,2218.71,5
10516,4195,160,2,1149.0,0
10517,4196,86,2,9029.34,25
10518,4196,173,2,11422.02,0
10519,4196,24,1,34330.06,0
10520,4197,55,2,3176.09,15
10521,4197,156,1,22085.18,10
10522,4197,41,1,37887.72,0
10523,4197,163,1,633.44,10
10524,4198,249,2,1984.45,10
10525,4198,212,1,684.02,5
10526,4198,56,3,42662.04,20
10527,4198,147,4,3018.1,10
10528,4199,190,2,1448.71,5
10529,4199,233,1,189.4,25
10530,4199,162,1,16990.69,15
10531,4199,132,1,7592.98,0
10532,4200,51,2,39402.32,0
10533,4200,2,1,81369.54,0
10534,4201,100,1,808.27,25
10535,4202,151,2,412.95,15
10536,4203,163,1,647.67,15
10537,4203,233,3,190.94,0
10538,4203,96,1,13361.88,0
10539,4204,237,2,3024.1,0
10540,4204,82,2,8065.56,0
10541,4204,194,3,2546.21,0
10542,4205,215,1,3381.75,5
10543,4205,66,2,14403.28,0
10544,4206,9,2,68232.47,5
10545,4206,55,1,3526.29,5
10546,4206,101,2,14254.72,10
10547,4206,27,2,14029.58,20
10548,4207,142,1,2896.8,5
10549,4207,263,3,8562.79,0
10550,4208,42,2,21275.96,20
10551,4209,163,1,629.32,5
10552,4210,156,1,23721.75,20
10553,4210,131,2,6656.92,0
10554,4211,39,1,45257.94,0
10555,4211,8,4,12978.15,0
10556,4211,211,1,4506.4,0
10557,4212,49,1,34508.17,10
10558,4212,285,1,7134.68,20
10559,4212,237,1,2958.44,0
10560,4212,53,1,19461.63,0
10561,4213,132,2,7705.7,5
10562,4213,249,1,1937.59,10
10563,4213,293,1,12434.66,0
10564,4213,24,3,33370.97,15
10565,4213,174,1,11230.52,0
10566,4214,98,2,9330.28,0
10567,4215,13,4,77087.92,0
10568,4215,214,2,1005.96,0
10569,4215,248,1,911.62,0
10570,4215,147,3,3296.52,5
10571,4215,258,1,4342.33,0
10572,4216,1,1,24649.81,10
10573,4216,52,1,43550.01,25
10574,4216,70,1,39551.12,10
10575,4217,95,3,12104.83,0
10576,4218,291,1,6343.53,0
10577,4218,51,1,36714.5,20
10578,4218,279,3,2384.82,0
10579,4218,171,1,17408.01,0
10580,4219,244,1,86.6,20
10581,4219,54,2,5907.77,25
10582,4219,241,2,93.11,0
10583,4219,247,2,695.53,10
10584,4220,283,3,4522.25,0
10585,4221,183,1,4371.61,25
10586,4221,191,2,422.39,15
10587,4221,65,3,27414.64,0
10588,4221,163,3,656.84,20
10589,4221,213,2,1037.24,15
10590,4222,11,1,18112.34,20
10591,4222,163,4,698.41,20
10592,4223,300,4,787.68,20
10593,4223,221,2,1180.14,0
10594,4223,292,1,472.43,0
10595,4224,61,3,13783.01,0
10596,4224,205,2,781.79,20
10597,4225,22,3,27745.68,25
10598,4225,149,1,19335.25,10
10599,4226,123,1,4456.38,15
10600,4227,247,1,656.31,25
10601,4227,28,2,82907.78,0
10602,4228,129,1,4362.46,10
10603,4228,178,4,7553.47,0
10604,4229,101,5,13613.25,0
10605,4230,128,2,837.33,5
10606,4231,42,3,22536.77,10
10607,4231,120,4,4612.12,0
10608,4232,283,2,4422.6,15
10609,4232,38,5,48504.94,25
10610,4232,67,1,16705.77,0
10611,4233,148,1,23602.59,20
10612,4233,291,1,6145.4,20
10613,4234,249,1,1971.49,20
10614,4234,47,2,10621.18,5
10615,4235,168,2,2805.18,15
10616,4235,152,3,22834.51,0
10617,4236,261,1,7539.66,25
10618,4237,208,4,595.69,0
10619,4237,27,1,14685.23,0
10620,4237,223,3,2793.76,0
10621,4238,91,4,2263.89,5
10622,4238,256,1,1363.46,20
10623,4238,284,3,1947.06,10
10624,4239,39,3,42545.25,0
10625,4239,219,5,2220.8,0
10626,4240,49,2,38265.79,0
10627,4240,111,1,974.1,5
10628,4241,174,2,12324.61,20
10629,4241,262,3,1992.77,0
10630,4242,155,1,12574.25,20
10631,4242,280,3,7397.41,0
10632,4242,279,2,2500.59,15
10633,4243,258,1,4108.31,0
10634,4244,264,2,2660.93,0
10635,4244,239,2,1910.95,25
10636,4244,40,3,26230.14,15
10637,4245,266,5,7946.15,20
10638,4245,5,1,50524.8,0
10639,4246,42,5,21669.17,0
10640,4247,5,1,48714.88,25
10641,4248,54,1,6124.26,0
10642,4248,123,3,4829.53,15
10643,4249,139,3,5283.14,0
10644,4249,91,2,2280.65,15
10645,4250,165,3,8441.58,0
10646,4250,129,1,4475.59,10
10647,4251,237,3,2899.74,0
10648,4252,55,1,3184.09,10
10649,4252,182,2,2371.04,0
10650,4253,114,1,1115.83,15
10651,4253,46,2,36904.49,15
10652,4254,247,2,674.92,5
10653,4254,224,1,679.19,10
10654,4255,298,1,48494.98,0
10655,4255,53,1,20137.0,0
10656,4255,243,1,3717.24,0
10657,4255,77,2,8414.72,25
10658,4255,261,2,7349.89,5
10659,4256,29,1,45722.87,25
10660,4256,217,2,2361.09,15
10661,4257,72,2,3417.86,0
10662,4257,3,4,44320.0,20
10663,4258,251,1,3223.06,0
10664,4259,89,2,9703.34,15
10665,4260,232,2,548.37,5
10666,4260,94,1,2589.54,0
10667,4260,139,2,5197.86,5
10668,4261,18,1,18076.52,20
10669,4261,189,2,4024.5,20
10670,4262,175,1,20160.0,0
10671,4263,6,2,69145.25,0
10672,4263,26,1,30141.76,25
10673,4263,262,4,1917.52,20
10674,4263,282,2,1550.18,20
10675,4264,275,3,1745.02,0
10676,4265,177,2,12924.16,5
10677,4265,126,1,1452.56,10
10678,4266,136,5,2333.02,0
10679,4266,79,2,10244.14,20
10680,4267,81,3,6656.71,15
10681,4267,23,5,17040.44,25
10682,4267,138,1,4411.31,0
10683,4268,84,2,2907.2,0
10684,4268,46,2,36593.54,0
10685,4268,56,1,40062.76,15
10686,4269,235,1,3499.21,0
10687,4269,89,2,9467.35,0
10688,4269,24,4,32892.95,15
10689,4270,234,2,3353.86,0
10690,4270,122,1,6004.46,25
10691,4271,286,2,9064.02,25
10692,4271,249,1,1990.23,0
10693,4272,244,1,87.58,0
10694,4272,19,1,69973.65,0
10695,4273,190,1,1475.12,0
10696,4273,262,1,1931.7,0
10697,4273,112,2,4551.98,15
10698,4274,190,3,1540.21,20
10699,4274,76,2,9531.18,5
10700,4274,193,4,4027.08,5
10701,4275,68,5,7236.77,25
10702,4276,39,2,43214.79,0
10703,4276,101,2,13853.07,10
10704,4276,5,1,47706.06,10
10705,4276,95,1,12498.42,10
10706,4277,95,1,13111.89,0
10707,4277,87,2,11297.52,25
10708,4278,125,1,5364.59,0
10709,4279,136,1,2432.62,25
10710,4279,273,5,1400.12,0
10711,4279,135,2,2169.46,15
10712,4280,293,1,12318.45,25
10713,4280,158,1,7088.81,15
10714,4280,286,2,8925.1,10
10715,4281,122,1,5638.87,5
10716,4281,13,1,76922.89,0
10717,4281,2,1,83337.9,0
10718,4281,260,2,8414.78,10
10719,4281,225,2,984.88,10
10720,4282,198,3,1748.57,20
10721,4282,148,2,24367.16,20
10722,4282,298,2,44208.97,0
10723,4282,165,1,8819.47,10
10724,4283,161,2,2405.87,0
10725,4283,41,3,38503.48,5
10726,4283,122,1,5702.95,15
10727,4284,159,1,12425.19,20
10728,4284,153,1,5491.74,15
10729,4284,39,1,46865.92,15
10730,4284,286,1,9246.98,10
10731,4285,43,1,9373.1,0
10732,4285,170,1,20213.27,0
10733,4285,263,1,8197.11,0
10734,4286,191,4,402.98,0
10735,4286,288,1,3625.69,0
10736,4286,225,3,973.49,0
10737,4287,32,1,48581.44,0
10738,4287,269,3,5152.12,0
10739,4288,259,2,4586.8,0
10740,4289,7,1,71060.92,0
10741,4289,80,1,2193.19,5
10742,4290,256,3,1381.85,10
10743,4290,138,1,4400.21,0
10744,4291,40,1,27471.34,10
10745,4291,162,2,15927.03,25
10746,4292,162,3,16839.03,0
10747,4293,106,1,7167.65,10
10748,4294,213,3,1117.56,25
10749,4295,246,4,1715.57,10
10750,4295,94,1,2539.09,15
10751,4296,175,1,18263.04,0
10752,4296,235,2,3794.96,15
10753,4297,295,1,8803.4,0
10754,4297,242,3,1400.23,0
10755,4298,55,1,3273.67,10
10756,4298,131,1,6732.28,0
10757,4299,42,5,21539.55,0
10758,4299,274,1,6005.91,0
10759,4299,300,1,820.54,0
10760,4300,1,3,25753.2,0
10761,4300,163,2,645.79,0
10762,4300,129,1,4378.8,10
10763,4301,79,1,10841.74,20
10764,4301,231,2,966.43,10
10765,4301,135,2,1984.18,0
10766,4302,155,1,12368.26,15
10767,4303,13,5,78066.39,15
10768,4303,142,1,3014.11,0
10769,4303,157,3,11060.86,20
10770,4304,261,3,7205.51,0
10771,4305,53,3,19345.08,0
10772,4306,262,2,2006.78,0
10773,4306,260,2,8081.21,0
10774,4306,211,4,4311.92,0
10775,4306,23,2,17045.17,15
10776,4306,150,1,15993.03,0
10777,4307,70,1,42605.33,0
10778,4307,251,1,3186.52,25
10779,4308,208,1,610.89,5
10780,4308,3,2,46076.22,0
10781,4308,129,1,4355.44,10
10782,4309,180,3,9050.92,5
10783,4309,76,1,9510.23,0
10784,4309,176,2,20070.77,5
10785,4309,134,1,6418.03,20
10786,4309,20,4,55711.65,10
10787,4310,233,1,189.36,0
10788,4310,80,1,2212.54,0
10789,4311,133,1,2883.42,5
10790,4311,200,1,1457.0,0
10791,4312,70,2,42254.22,25
10792,4312,226,1,3001.78,0
10793,4313,267,2,3833.03,20
10794,4313,156,1,22240.76,20
10795,4314,226,1,2939.54,10
10796,4314,166,1,14558.36,15
10797,4315,58,1,13565.1,0
10798,4315,212,2,741.41,25
10799,4315,275,1,1626.29,0
10800,4315,101,3,13623.15,0
10801,4315,103,4,9461.71,10
10802,4316,249,4,2132.37,0
10803,4317,89,5,10146.63,15
10804,4317,129,2,4336.92,0
10805,4317,115,2,1266.94,0
10806,4317,80,2,2211.77,20
10807,4318,224,2,686.56,5
10808,4318,50,1,17094.64,15
10809,4318,126,1,1510.65,0
10810,4318,195,2,3264.15,0
10811,4319,49,1,35361.42,0
10812,4319,77,2,8600.32,20
10813,4320,189,3,4169.11,0
10814,4320,292,1,452.12,25
10815,4321,283,2,4555.6,15
10816,4321,9,4,69477.68,5
10817,4321,6,2,68080.68,0
10818,4321,86,1,9644.75,0
10819,4322,12,2,9475.63,0
10820,4322,85,3,10857.68,0
10821,4323,263,1,7669.51,25
10822,4323,97,2,3516.32,0
10823,4323,142,1,3047.48,15
10824,4324,29,3,42327.79,0
10825,4324,221,3,1116.77,15
10826,4324,1,3,26884.16,10
10827,4325,47,1,9877.19,5
10828,4325,61,1,13899.64,15
10829,4325,263,1,7715.64,20
10830,4325,248,5,934.33,0
10831,4325,74,1,10124.41,15
10832,4326,156,2,24236.09,15
10833,4326,39,3,44645.22,5
10834,4326,235,1,3751.72,20
10835,4327,115,1,1259.87,0
10836,4328,108,2,1422.54,0
10837,4328,231,2,918.18,25
10838,4328,119,4,6615.32,0
10839,4329,285,2,7359.71,25
10840,4329,220,1,677.63,0
10841,4329,11,3,18018.48,15
10842,4330,43,4,9613.98,25
10843,4330,244,5,80.11,25
10844,4330,13,2,76530.22,25
10845,4331,277,4,6354.04,15
10846,4331,233,1,191.59,5
10847,4331,261,1,7324.14,5
10848,4332,146,5,18172.1,20
10849,4332,263,1,7942.82,20
10850,4333,282,4,1528.99,15
10851,4333,108,1,1298.61,15
10852,4334,179,1,2220.06,5
10853,4334,96,4,13499.55,0
10854,4335,183,2,4496.51,25
10855,4335,48,2,36421.73,0
10856,4335,279,1,2433.97,0
10857,4335,172,2,18845.53,0
10858,4335,22,3,26662.43,15
10859,4336,26,1,29686.12,0
10860,4337,114,1,1115.15,20
10861,4338,203,1,1040.29,10
10862,4339,206,1,2768.78,25
10863,4339,37,1,45241.3,0
10864,4339,87,4,11437.91,10
10865,4340,220,1,646.57,0
10866,4340,194,2,2520.89,0
10867,4340,2,1,89597.36,0
10868,4340,297,1,52007.03,0
10869,4341,130,2,5471.14,0
10870,4341,88,1,3985.27,5
10871,4341,111,4,1047.07,0
10872,4341,170,2,22244.35,25
10873,4342,18,1,17499.25,10
10874,4342,169,4,22520.41,0
10875,4343,35,2,41743.3,0
10876,4344,54,1,5898.52,15
10877,4344,71,1,23309.84,10
10878,4344,38,2,45005.35,5
10879,4345,108,1,1357.32,0
10880,4345,246,1,1643.62,20
10881,4346,159,2,12383.09,15
10882,4346,94,3,2504.59,10
10883,4346,157,3,10646.31,15
10884,4347,226,3,3092.25,5
10885,4347,115,2,1210.66,20
10886,4348,92,4,5744.04,0
10887,4349,194,3,2699.5,0
10888,4349,67,3,17595.21,0
10889,4350,216,2,4169.82,5
10890,4350,273,1,1377.56,25
10891,4351,143,1,5900.85,15
10892,4352,17,4,87442.25,0
10893,4352,47,1,10194.48,0
10894,4353,141,2,2166.14,20
10895,4353,126,1,1524.6,0
10896,4353,12,2,9284.81,10
10897,4353,75,1,13880.33,0
10898,4354,116,1,3881.22,15
10899,4354,66,1,14273.73,10
10900,4354,130,1,5632.03,25
10901,4355,209,1,2375.57,5
10902,4355,243,2,3791.09,5
10903,4355,201,1,3357.93,0
10904,4356,89,2,9402.46,10
10905,4357,171,1,16883.82,0
10906,4358,240,1,1258.51,20
10907,4358,78,2,2798.42,10
10908,4358,36,2,1531.33,25
10909,4359,203,2,1114.58,0
10910,4359,130,1,5547.25,15
10911,4359,281,2,2119.59,0
10912,4359,232,1,533.93,10
10913,4360,197,2,1449.27,25
10914,4360,141,1,2044.64,0
10915,4360,273,1,1325.84,0
10916,4361,143,1,6070.04,20
10917,4361,259,1,4482.41,0
10918,4362,278,1,6625.46,20
10919,4363,152,1,21801.45,0
10920,4363,255,1,409.3,0
10921,4364,218,1,3324.61,0
10922,4364,129,1,4384.29,15
10923,4364,237,1,2802.15,25
10924,4364,174,2,11389.48,10
10925,4364,193,2,3840.82,0
10926,4365,71,1,22952.15,20
10927,4365,281,5,2152.36,5
10928,4366,118,1,7164.97,0
10929,4366,142,2,2917.89,25
10930,4366,92,2,5575.23,25
10931,4367,168,3,2899.91,20
10932,4367,291,1,6059.03,5
10933,4368,145,1,6409.03,5
10934,4368,254,1,1930.69,0
10935,4368,183,2,4446.03,10
10936,4368,280,2,7524.42,15
10937,4369,233,2,188.28,25
10938,4370,145,3,6465.68,15
10939,4371,128,2,892.41,0
10940,4372,221,2,1219.35,5
10941,4372,8,1,14092.05,0
10942,4372,227,1,432.77,15
10943,4372,214,2,944.23,15
10944,4373,35,3,41074.39,15
10945,4373,169,1,22821.13,10
10946,4373,248,1,869.41,25
10947,4374,112,4,4864.07,10
10948,4374,3,1,44187.08,15
10949,4374,226,2,2814.73,20
10950,4375,70,1,43373.38,0
10951,4375,154,1,9013.5,10
10952,4375,249,2,2142.88,0
10953,4376,41,1,40413.26,15
10954,4376,231,1,933.11,0
10955,4376,8,2,12697.14,0
10956,4377,45,2,675.4,0
10957,4377,63,1,32737.64,0
10958,4377,136,1,2419.27,5
10959,4378,300,1,835.86,5
10960,4378,234,1,3510.7,5
10961,4379,241,1,88.46,5
10962,4380,259,3,4700.38,25
10963,4381,71,1,23583.03,25
10964,4381,163,1,674.48,20
10965,4382,225,4,982.84,25
10966,4382,255,2,389.83,10
10967,4383,236,1,2203.19,0
10968,4384,137,2,1668.86,20
10969,4384,171,1,17845.88,10
10970,4385,151,1,406.23,25
10971,4385,161,1,2458.81,10
10972,4385,22,2,25040.74,15
10973,4386,34,3,25061.25,25
10974,4386,131,3,6585.42,0
10975,4386,58,1,14118.79,10
10976,4387,103,1,9238.27,20
10977,4387,253,3,6016.51,15
10978,4388,261,1,7582.59,0
10979,4388,37,1,42966.38,5
10980,4388,272,2,3397.94,0
10981,4389,169,1,22709.9,10
10982,4389,144,2,3967.64,20
10983,4389,254,1,1890.59,0
10984,4390,249,2,2018.84,0
10985,4390,129,4,4148.03,0
10986,4391,268,3,1787.1,25
10987,4391,185,2,684.2,15
10988,4391,24,1,34291.71,0
10989,4392,277,2,5935.95,10
10990,4393,267,1,4043.27,25
10991,4394,68,3,6820.3,10
10992,4394,227,1,431.58,25
10993,4394,149,1,20272.93,0
10994,4395,12,4,10031.85,25
10995,4395,247,2,667.05,25
10996,4395,98,2,10291.42,0
10997,4396,184,4,4230.09,10
10998,4396,24,2,33166.28,20
10999,4396,16,2,35707.47,25
11000,4397,177,2,12726.25,5
11001,4397,135,1,2079.45,20
11002,4398,129,2,4238.58,5
11003,4398,99,1,5564.57,15
11004,4398,153,1,5761.95,15
11005,4398,228,2,253.05,25
11006,4398,69,2,10193.02,15
11007,4399,279,1,2354.55,0
11008,4399,58,4,14075.06,0
11009,4399,287,2,1651.88,10
11010,4399,262,1,1985.11,5
11011,4400,101,1,14479.91,10
11012,4400,155,3,12965.63,10
11013,4401,260,2,8065.79,20
11014,4402,216,1,4444.39,0
11015,4402,152,2,22792.73,20
11016,4402,253,1,6269.58,0
11017,4402,20,1,56206.66,0
11018,4403,115,2,1202.85,0
11019,4403,10,2,22592.82,15
11020,4404,69,2,9501.62,0
11021,4405,289,3,3283.11,0
11022,4405,173,1,11811.26,0
11023,4405,99,1,6110.86,0
11024,4405,190,1,1426.98,0
11025,4406,279,1,2490.23,15
11026,4406,20,2,60065.91,0
11027,4407,243,2,3409.28,5
11028,4407,130,1,5305.93,15
11029,4408,230,1,363.62,10
11030,4408,104,1,7392.77,20
11031,4409,218,2,3337.4,10
11032,4409,90,2,12905.09,0
11033,4409,3,1,44655.65,5
11034,4410,277,1,6416.78,0
11035,4410,150,1,16219.02,0
11036,4410,99,2,5952.14,0
11037,4411,161,4,2416.49,25
11038,4411,124,1,1031.52,0
11039,4411,18,1,18873.91,20
11040,4412,276,1,5121.32,0
11041,4412,51,1,39923.63,0
11042,4412,281,1,2145.66,5
11043,4413,131,2,6993.37,15
11044,4414,215,1,3499.21,25
11045,4414,286,5,8435.07,0
11046,4414,217,3,2443.38,20
11047,4414,111,2,1023.3,15
11048,4414,43,1,9225.9,0
11049,4415,56,4,42945.95,10
11050,4415,70,2,43711.72,0
11051,4416,276,1,5136.71,25
11052,4416,26,1,29788.08,5
11053,4417,91,1,2202.23,0
11054,4417,93,1,10493.96,15
11055,4417,270,4,2021.97,10
11056,4418,235,1,3798.52,15
11057,4418,56,1,39484.11,25
11058,4418,290,2,5674.15,0
11059,4418,121,1,1470.54,25
11060,4419,116,1,3875.04,25
11061,4419,67,3,16222.4,10
11062,4419,13,2,79958.14,25
11063,4420,105,1,7958.72,10
11064,4421,192,2,315.74,20
11065,4421,243,2,3445.04,10
11066,4421,209,1,2320.8,0
11067,4422,89,1,9351.16,10
11068,4422,108,2,1394.98,0
11069,4422,96,3,13038.33,15
11070,4423,220,1,662.1,20
11071,4424,108,2,1341.75,0
11072,4424,197,2,1316.38,25
11073,4424,273,2,1302.51,0
11074,4425,142,3,2942.21,0
11075,4425,185,2,723.89,5
11076,4425,6,1,65196.31,15
11077,4426,227,3,402.83,0
11078,4426,76,2,8690.45,10
11079,4426,67,1,17268.44,10
11080,4427,278,1,6808.96,0
11081,4427,109,2,1521.21,0
11082,4427,48,3,37834.78,0
11083,4427,220,3,690.47,0
11084,4427,4,2,10631.62,10
11085,4428,76,1,9444.55,15
11086,4428,272,3,3375.69,0
11087,4429,168,1,2896.28,15
11088,4430,99,1,5563.7,0
11089,4430,245,2,930.84,10
11090,4431,87,2,11903.55,15
11091,4432,47,1,10054.5,10
11092,4432,274,1,5602.48,0
11093,4432,290,1,5907.13,15
11094,4433,151,1,402.12,0
11095,4434,189,1,4358.5,10
11096,4435,127,2,6557.9,0
11097,4436,212,2,738.54,5
11098,4436,85,1,10240.06,15
11099,4437,142,2,2914.03,0
11100,4437,183,1,4226.92,0
11101,4438,99,3,5667.83,25
11102,4438,295,4,9374.22,15
11103,4438,193,1,3601.77,25
11104,4439,136,1,2217.67,20
11105,4439,298,1,46703.48,0
11106,4439,50,1,16863.57,25
11107,4439,89,1,9174.68,0
11108,4439,2,5,88120.25,20
11109,4440,57,2,13876.15,25
11110,4440,243,2,3435.94,0
11111,4440,112,2,4824.53,25
11112,4441,182,1,2611.78,5
11113,4442,300,1,796.36,5
11114,4443,126,3,1501.1,10
11115,4443,255,1,408.28,20
11116,4443,193,1,3676.91,0
11117,4444,154,5,10063.61,25
11118,4444,40,2,26197.66,0
11119,4444,207,1,1348.11,0
11120,4444,146,1,16466.76,10
11121,4445,155,1,12322.77,0
11122,4445,259,2,4414.87,10
11123,4445,241,1,94.19,0
11124,4445,135,2,1996.27,25
11125,4446,126,1,1486.33,20
11126,4446,264,2,2570.38,5
11127,4447,144,3,3823.16,15
11128,4447,272,1,3480.14,20
11129,4447,181,1,4738.88,15
11130,4447,196,1,1752.6,15
11131,4448,91,2,2125.08,20
11132,4448,98,3,9952.73,5
11133,4448,104,2,7945.95,0
11134,4448,266,1,7969.82,5
11135,4448,298,1,48445.2,0
11136,4449,269,1,5356.78,5
11137,4449,176,3,19816.63,25
11138,4449,18,2,19193.8,25
11139,4450,45,1,674.08,20
11140,4451,251,3,3320.94,0
11141,4452,260,1,7952.15,0
11142,4452,35,1,40225.55,0
11143,4453,92,2,5205.52,0
11144,4453,236,1,2072.85,15
11145,4453,279,2,2544.9,20
11146,4454,281,4,2095.54,0
11147,4454,299,2,47091.51,0
11148,4455,163,3,626.26,5
11149,4455,171,2,16878.83,5
11150,4456,248,2,907.15,15
11151,4456,122,1,5769.65,15
11152,4456,107,1,7772.27,0
11153,4456,178,2,7088.39,5
11154,4457,265,2,7562.8,0
11155,4457,159,2,13229.39,0
11156,4458,68,1,7314.31,0
11157,4458,9,4,66965.46,20
11158,4458,229,1,3920.04,0
11159,4459,243,4,3658.29,10
11160,4459,179,2,2162.52,0
11161,4459,255,3,420.3,5
11162,4460,256,3,1336.82,5
11163,4461,126,1,1537.73,10
11164,4462,288,1,3618.55,0
11165,4462,278,1,6664.04,25
11166,4462,28,1,85585.98,5
11167,4463,61,2,14972.86,0
11168,4463,191,1,406.34,5
11169,4464,188,2,1562.98,0
11170,4464,194,1,2543.42,10
11171,4465,125,1,5491.26,0
11172,4465,111,2,960.06,0
11173,4465,17,1,87101.15,0
11174,4465,264,1,2660.4,10
11175,4466,154,2,9301.91,15
11176,4466,71,2,21682.17,15
11177,4466,129,3,4430.3,20
11178,4467,9,1,68365.0,25
11179,4468,161,1,2470.72,0
11180,4468,215,3,3435.31,10
11181,4469,296,2,6901.67,25
11182,4469,3,1,46440.77,0
11183,4469,152,2,23701.78,25
11184,4470,78,2,2721.32,5
11185,4470,261,1,7233.49,10
11186,4471,275,1,1761.95,15
11187,4471,182,1,2639.07,25
11188,4472,101,2,14760.96,20
11189,4472,87,1,10927.92,25
11190,4472,37,1,43206.43,20
11191,4473,103,3,9166.61,15
11192,4473,232,1,529.17,15
11193,4473,87,1,11895.66,0
11194,4474,241,2,85.84,5
11195,4474,278,1,7130.78,15
11196,4475,59,1,38318.31,0
11197,4476,268,3,1779.67,0
11198,4477,227,1,399.46,0
11199,4477,71,1,22115.73,0
11200,4478,30,1,66205.51,5
11201,4478,225,1,982.5,5
11202,4478,62,2,45392.74,25
11203,4479,116,1,3988.42,0
11204,4479,76,3,8698.1,25
11205,4479,146,3,17541.14,25
11206,4479,280,1,7289.26,0
11207,4479,141,1,2080.01,0
11208,4480,79,2,9956.8,0
11209,4480,295,2,8803.53,0
11210,4480,130,3,5249.09,0
11211,4480,157,2,11315.74,5
11212,4481,25,2,12381.58,20
11213,4481,44,1,8535.62,15
11214,4482,28,1,83265.73,0
11215,4482,264,1,2659.04,10
11216,4482,22,1,27377.36,10
11217,4482,235,1,3781.54,0
11218,4482,267,1,4085.15,5
11219,4483,28,3,83608.62,0
11220,4484,189,2,4052.66,25
11221,4484,116,2,3978.21,0
11222,4484,196,4,1867.87,15
11223,4485,66,1,14554.51,5
11224,4485,214,3,1011.0,0
11225,4486,177,2,13330.3,0
11226,4486,296,2,7201.53,0
11227,4487,52,3,45781.24,0
11228,4488,51,1,40385.82,20
11229,4488,9,5,69389.02,0
11230,4488,165,4,8585.39,0
11231,4488,126,5,1436.98,0
11232,4489,271,1,2398.66,10
11233,4489,215,1,3182.76,0
11234,4489,160,2,1187.75,20
11235,4489,139,3,5444.61,0
11236,4489,244,1,81.21,20
11237,4490,37,1,45762.62,10
11238,4490,106,2,7266.4,20
11239,4490,266,1,7536.43,0
11240,4491,298,3,47741.55,5
11241,4492,83,1,12323.94,0
11242,4492,6,1,64862.15,0
11243,4492,232,2,539.39,0
11244,4492,204,3,2515.8,0
11245,4492,93,1,10259.0,0
11246,4493,9,3,65489.3,25
11247,4493,6,2,69158.06,0
11248,4493,121,2,1482.96,25
11249,4494,251,2,3262.2,25
11250,4494,234,2,3542.65,5
11251,4495,178,3,7513.21,5
11252,4496,242,2,1347.8,20
11253,4496,146,2,17362.09,25
11254,4497,95,1,12513.02,5
11255,4497,188,2,1631.84,0
11256,4497,244,4,80.98,0
11257,4498,76,2,9545.42,0
11258,4498,111,1,1038.23,20
11259,4498,296,1,6935.22,5
11260,4499,220,2,669.02,0
11261,4499,145,1,6401.5,25
11262,4500,103,1,9938.38,0
11263,4500,288,1,3779.98,15
11264,4500,145,2,6462.58,0
11265,4501,15,3,24996.63,0
11266,4502,49,4,36745.36,10
11267,4503,149,1,18506.92,25
11268,4503,207,1,1343.88,15
11269,4503,107,2,7568.62,0
11270,4504,157,1,10994.84,0
11271,4504,24,1,33688.34,0
11272,4504,103,1,9909.52,10
11273,4505,30,1,69520.55,15
11274,4505,164,1,13125.95,0
11275,4505,47,1,10373.57,0
11276,4505,168,2,2921.02,0
11277,4506,97,2,3457.42,10
11278,4507,278,2,6767.58,0
11279,4508,84,1,3216.61,20
11280,4508,149,1,19678.83,10
11281,4508,115,2,1240.79,10
11282,4509,185,1,688.57,15
11283,4509,216,1,4227.93,15
11284,4509,4,1,10506.52,25
11285,4510,190,2,1414.24,5
11286,4510,215,1,3447.39,20
11287,4510,151,1,436.88,0
11288,4511,217,1,2366.97,0
11289,4512,233,2,189.6,0
11290,4512,5,4,50740.62,5
11291,4512,139,1,5133.95,0
11292,4512,110,1,4975.62,25
11293,4512,243,1,3414.65,25
11294,4513,248,1,896.35,0
11295,4513,211,2,4443.38,0
11296,4513,279,2,2484.56,25
11297,4514,116,1,3902.81,25
11298,4514,240,3,1230.96,10
11299,4515,68,2,6861.64,15
11300,4515,188,2,1646.38,25
11301,4515,61,1,14703.66,25
11302,4515,23,1,17025.84,25
11303,4516,111,1,1032.46,25
11304,4516,41,2,38059.54,20
11305,4517,190,2,1398.45,0
11306,4517,180,2,8457.78,20
11307,4517,44,1,8360.22,5
11308,4517,173,2,11910.48,20
11309,4518,5,4,49308.76,0
11310,4518,84,2,3176.59,15
11311,4518,286,1,9290.48,0
11312,4519,250,1,2599.62,0
11313,4519,176,1,19228.79,0
11314,4519,163,2,652.17,20
11315,4519,298,1,48902.28,15
11316,4520,225,1,928.27,10
11317,4520,95,1,12659.48,10
11318,4520,110,4,5255.06,25
11319,4520,2,1,88670.15,25
11320,4520,260,2,8435.05,25
11321,4521,220,2,673.68,10
11322,4521,277,3,5888.57,25
11323,4521,281,1,2007.9,20
11324,4522,74,2,9559.05,5
11325,4522,288,2,3634.49,0
11326,4522,155,3,13240.32,20
11327,4523,208,2,612.08,25
11328,4524,282,2,1543.47,25
11329,4524,28,1,78212.56,25
11330,4524,295,1,9248.08,0
11331,4524,106,1,7401.24,0
11332,4525,24,1,32035.16,10
11333,4525,83,1,11761.38,20
11334,4525,26,1,30918.72,10
11335,4526,14,2,20785.6,0
11336,4527,156,1,22556.28,0
11337,4527,235,1,3810.42,20
11338,4527,83,4,12570.35,0
11339,4527,155,1,12895.1,0
11340,4528,30,2,66420.77,10
11341,4528,15,1,26026.94,15
11342,4528,205,4,768.15,10
11343,4528,239,3,1827.46,0
11344,4529,273,5,1332.5,0
11345,4529,59,4,41592.82,0
11346,4529,230,4,352.56,0
11347,4529,190,3,1539.44,25
11348,4530,154,1,10076.47,10
11349,4530,298,2,46909.23,0
11350,4530,23,3,17053.99,0
11351,4531,30,1,70914.09,0
11352,4531,96,2,13403.49,20
11353,4531,240,2,1212.14,20
11354,4531,84,1,3048.87,5
11355,4532,118,1,7291.82,25
11356,4532,89,1,9246.75,20
11357,4532,276,1,4953.88,0
11358,4532,174,1,12537.31,20
11359,4533,283,2,4159.08,25
11360,4533,229,1,3944.6,10
11361,4533,272,1,3446.97,15
11362,4534,69,1,9198.4,20
11363,4534,46,1,38288.56,25
11364,4534,254,1,1966.47,10
11365,4534,238,2,2424.32,0
11366,4535,24,2,34408.53,20
11367,4536,3,1,45090.37,15
11368,4536,129,1,4169.67,0
11369,4536,126,2,1457.89,20
11370,4536,205,1,758.17,20
11371,4537,132,1,7168.39,0
11372,4537,91,2,2212.28,25
11373,4537,63,1,31927.31,20
11374,4537,224,1,696.04,20
11375,4538,278,1,6880.6,0
11376,4538,44,3,8452.57,10
11377,4538,86,2,9298.31,15
11378,4538,146,1,16409.44,0
11379,4539,147,1,3225.7,25
11380,4539,24,1,31693.83,25
11381,4539,109,1,1628.41,15
11382,4539,168,1,2862.98,10
11383,4540,44,3,8281.44,20
11384,4540,42,1,21224.77,10
11385,4541,168,4,2699.44,5
11386,4541,209,2,2526.4,15
11387,4541,78,2,2799.13,20
11388,4542,135,2,2161.64,15
11389,4542,216,3,4174.86,0
11390,4542,271,2,2190.12,25
11391,4542,147,1,3265.11,5
11392,4543,212,3,755.46,0
11393,4544,170,1,22486.26,10
11394,4544,169,2,23972.22,20
11395,4545,140,1,2978.02,20
11396,4545,27,1,13803.95,0
11397,4546,37,3,46527.34,0
11398,4546,78,2,2774.77,0
11399,4546,18,3,17791.04,0
11400,4547,191,1,406.56,0
11401,4547,201,2,3480.86,25
11402,4547,144,1,3945.04,25
11403,4548,20,1,53976.17,15
11404,4548,154,1,9716.36,0
11405,4548,73,2,7360.95,25
11406,4549,86,1,8865.38,5
11407,4549,186,1,2589.22,10
11408,4549,129,1,4094.29,15
11409,4550,68,2,6887.86,0
11410,4551,209,2,2362.26,15
11411,4552,292,1,449.48,10
11412,4553,189,1,4054.77,5
11413,4553,278,3,6708.2,15
11414,4554,118,4,7646.82,0
11415,4555,158,1,7554.65,0
11416,4555,17,4,84488.97,0
11417,4555,104,1,7758.87,0
11418,4556,24,3,34281.91,10
11419,4556,85,1,10932.75,5
11420,4557,166,2,15381.48,15
11421,4557,217,1,2505.83,0
11422,4557,282,1,1465.88,0
11423,4557,279,1,2523.1,25
11424,4557,236,3,2133.28,0
11425,4558,278,1,6657.59,10
11426,4558,235,1,3772.16,0
11427,4558,284,3,1905.61,25
11428,4558,68,1,6823.73,5
11429,4558,182,3,2523.01,20
11430,4559,14,1,21225.1,0
11431,4560,100,4,860.65,15
11432,4560,115,1,1272.49,20
11433,4561,85,1,10636.7,10
11434,4561,247,1,714.35,25
11435,4561,116,2,4130.65,20
11436,4561,131,1,6501.6,15
11437,4562,248,1,860.95,20
11438,4563,121,5,1617.47,5
11439,4564,42,3,22257.2,25
11440,4564,265,2,7472.19,0
11441,4564,215,1,3327.79,0
11442,4564,71,2,21842.89,0
11443,4565,41,3,40632.93,0
11444,4565,300,1,753.35,15
11445,4565,235,2,3797.93,5
11446,4566,230,2,381.7,20
11447,4566,154,2,9687.08,25
11448,4567,146,1,16509.8,5
11449,4568,191,1,421.75,0
11450,4568,47,1,9681.05,5
11451,4568,214,2,966.9,0
11452,4569,33,4,79999.05,20
11453,4569,116,1,4309.48,10
11454,4569,117,2,286.47,10
11455,4570,197,1,1461.17,15
11456,4570,254,1,1960.75,25
11457,4571,8,1,13121.34,20
11458,4571,105,1,7280.97,25
11459,4571,107,1,7326.91,0
11460,4571,132,1,7145.04,25
11461,4571,34,1,26732.96,0
11462,4572,188,1,1700.19,25
11463,4572,134,2,6244.87,5
11464,4573,88,2,4176.93,10
11465,4573,133,2,2948.63,25
11466,4574,299,1,46371.43,0
11467,4575,282,1,1412.07,20
11468,4575,68,1,6852.1,0
11469,4575,175,1,18443.35,10
11470,4575,30,2,71966.03,0
11471,4576,164,1,14235.5,0
11472,4577,26,2,30788.81,20
11473,4577,209,2,2317.04,0
11474,4578,66,3,15152.75,25
11475,4579,214,1,998.14,0
11476,4579,195,1,3429.46,5
11477,4579,266,1,7895.29,0
11478,4579,122,1,5455.56,5
11479,4580,99,2,6140.48,15
11480,4580,20,4,58049.31,0
11481,4581,3,3,44030.15,10
11482,4581,4,3,10306.24,20
11483,4581,296,4,7136.57,20
11484,4582,45,1,666.88,0
11485,4582,224,2,697.34,0
11486,4582,283,1,4544.1,5
11487,4582,42,2,20679.62,0
11488,4583,112,2,4605.76,20
11489,4583,220,1,663.09,20
11490,4583,103,1,9380.35,0
11491,4584,168,1,2905.5,15
11492,4584,284,1,2040.93,10
11493,4584,79,1,10274.47,20
11494,4585,58,2,14202.26,15
11495,4585,214,3,950.15,0
11496,4586,184,3,4305.55,0
11497,4586,268,3,1670.03,20
11498,4587,195,1,3279.27,25
11499,4587,10,1,23013.57,15
11500,4588,21,2,53280.27,0
11501,4589,298,1,48539.36,15
11502,4589,31,3,44789.97,0
11503,4590,287,3,1619.05,0
11504,4591,3,1,46980.72,25
11505,4591,242,1,1405.2,15
11506,4592,4,1,11218.86,25
11507,4593,292,2,467.35,25
11508,4593,25,1,12309.88,25
11509,4593,76,2,9149.5,0
11510,4594,202,1,3911.23,10
11511,4594,210,2,1679.92,15
11512,4595,160,2,1175.78,25
11513,4596,253,3,6235.03,25
11514,4596,15,2,26698.18,15
11515,4597,289,1,3410.71,20
11516,4597,264,1,2471.36,15
11517,4598,17,3,87816.44,25
11518,4598,127,1,6673.23,0
11519,4598,146,3,16322.46,15
11520,4598,219,1,2211.68,20
11521,4598,283,1,4374.55,0
11522,4599,252,1,769.78,0
11523,4599,198,2,1862.35,10
11524,4600,160,1,1180.55,20
11525,4600,66,1,14495.84,20
11526,4601,285,1,7575.37,25
11527,4601,262,2,2028.65,15
11528,4601,255,2,395.93,10
11529,4602,124,1,995.78,5
11530,4602,139,1,5044.73,20
11531,4603,25,4,12628.27,15
11532,4604,116,1,4145.51,20
11533,4605,80,2,2063.88,0
11534,4605,272,5,3441.58,20
11535,4606,200,2,1503.23,0
11536,4606,202,1,4025.05,5
11537,4606,220,3,682.81,25
11538,4607,187,2,4899.28,25
11539,4607,294,1,29284.49,20
11540,4607,71,3,21491.63,0
11541,4607,175,2,19830.09,0
11542,4608,107,2,7781.93,5
11543,4609,215,5,3508.86,15
11544,4609,170,1,21006.72,0
11545,4610,67,1,17318.9,0
11546,4610,127,2,7196.12,0
11547,4610,136,1,2238.69,20
11548,4610,25,2,12603.47,25
11549,4611,146,2,17215.82,0
11550,4611,132,2,7679.87,0
11551,4611,233,3,174.55,0
11552,4612,90,1,13440.67,0
11553,4612,248,1,922.63,20
11554,4612,121,2,1534.76,25
11555,4613,16,2,34075.17,10
11556,4614,127,2,6519.79,5
11557,4614,283,2,4570.2,0
11558,4615,269,2,5156.11,20
11559,4615,298,3,47187.55,5
11560,4615,182,1,2371.66,15
11561,4616,227,3,424.98,0
11562,4617,213,1,1084.73,0
11563,4617,235,1,3722.62,0
11564,4617,48,1,38735.47,5
11565,4617,199,3,2091.49,0
11566,4618,264,1,2641.12,0
11567,4618,132,1,7652.4,5
11568,4618,189,2,4349.52,5
11569,4618,62,1,43832.33,25
11570,4619,238,5,2480.64,25
11571,4619,280,2,7579.87,0
11572,4619,140,2,2934.92,25
11573,4619,56,1,40648.4,20
11574,4619,178,1,7415.77,5
11575,4620,198,3,1683.43,25
11576,4621,50,1,15546.18,0
11577,4621,252,1,750.01,20
11578,4622,64,2,41695.13,10
11579,4622,278,1,6863.3,5
11580,4623,207,1,1331.02,20
11581,4623,264,2,2590.3,10
11582,4624,280,1,7350.73,15
11583,4624,228,2,243.52,5
11584,4625,249,2,2031.22,0
11585,4626,66,1,15239.8,0
11586,4626,275,1,1617.62,20
11587,4627,72,2,3628.21,5
11588,4627,54,2,6295.82,10
11589,4627,167,1,14423.35,15
11590,4628,289,2,3449.87,0
11591,4628,39,2,45287.48,0
11592,4628,100,2,849.89,15
11593,4629,262,3,2137.32,5
11594,4629,229,1,4083.76,0
11595,4629,74,3,9810.91,25
11596,4630,34,1,26589.2,0
11597,4630,203,4,1098.49,25
11598,4630,251,2,3174.8,25
11599,4630,60,2,11077.56,0
11600,4631,101,1,14393.04,5
11601,4631,253,1,6074.54,15
11602,4631,65,1,28778.24,15
11603,4632,213,1,1107.19,25
11604,4632,124,1,1012.8,20
11605,4632,240,4,1273.66,0
11606,4633,73,1,7312.24,5
11607,4633,150,1,16229.59,25
11608,4634,67,2,16201.44,5
11609,4634,62,1,45065.41,25
11610,4635,263,2,8295.8,25
11611,4635,136,1,2240.01,5
11612,4635,119,1,6947.25,5
11613,4635,291,2,5844.41,0
11614,4636,289,1,3273.94,0
11615,4636,252,1,791.48,0
11616,4636,263,4,8418.33,0
11617,4636,116,1,3973.07,5
11618,4637,111,1,1023.92,25
11619,4637,113,3,2003.96,10
11620,4637,43,3,9447.01,25
11621,4638,220,2,657.76,0
11622,4638,212,1,714.32,5
11623,4638,196,1,1865.05,5
11624,4638,94,1,2401.25,20
11625,4639,53,2,20324.75,20
11626,4639,73,2,7046.08,5
11627,4640,99,2,6008.63,10
11628,4640,220,3,661.74,10
11629,4641,279,1,2444.61,10
11630,4641,78,2,2719.92,0
11631,4641,228,1,244.32,25
11632,4642,50,2,16243.25,0
11633,4642,14,2,20987.12,15
11634,4642,264,2,2599.21,25
11635,4642,84,1,3203.53,15
11636,4643,73,1,7550.01,15
11637,4643,173,2,11355.95,0
11638,4644,148,2,22500.13,10
11639,4644,31,2,47333.14,25
11640,4644,74,1,9372.81,0
11641,4644,109,2,1515.25,15
11642,4645,213,2,1056.93,5
11643,4645,284,1,1972.18,10
11644,4645,2,1,88081.13,15
11645,4645,197,3,1311.17,25
11646,4645,124,1,978.29,15
11647,4646,294,2,27852.97,15
11648,4646,271,2,2275.39,20
11649,4647,129,2,4168.46,0
11650,4647,72,1,3713.03,0
11651,4648,85,2,11164.55,0
11652,4649,43,2,9787.2,5
11653,4649,15,4,25483.07,0
11654,4649,228,5,241.72,0
11655,4650,101,1,14216.81,0
11656,4651,182,1,2462.89,0
11657,4652,14,1,20757.86,0
11658,4652,67,2,16475.35,0
11659,4652,257,2,1037.41,25
11660,4653,216,2,4465.77,0
11661,4653,245,4,974.67,15
11662,4653,199,2,2228.05,20
11663,4654,29,1,42365.18,20
11664,4655,104,3,7323.19,15
11665,4655,184,1,4063.58,0
11666,4655,74,2,9931.59,5
11667,4655,156,2,22590.11,0
11668,4656,297,1,49663.91,0
11669,4656,53,1,20329.57,0
11670,4656,215,1,3310.16,0
11671,4657,78,2,2601.56,0
11672,4658,218,2,3147.84,20
11673,4659,137,1,1591.48,25
11674,4659,163,1,636.48,0
11675,4660,233,1,187.69,0
11676,4660,277,1,6183.54,0
11677,4660,78,3,2640.28,0
11678,4660,85,2,10257.97,25
11679,4661,192,2,314.26,20
11680,4662,54,2,5832.36,25
11681,4662,76,4,9590.9,0
11682,4662,43,2,9989.21,10
11683,4662,59,2,40232.51,0
11684,4663,263,1,8328.87,25
11685,4664,153,1,5396.36,10
11686,4664,138,1,4439.24,10
11687,4665,271,4,2364.07,5
11688,4666,179,1,2133.68,0
11689,4666,40,1,25003.89,10
11690,4667,186,1,2567.1,5
11691,4667,85,1,10609.28,5
11692,4667,268,2,1655.28,0
11693,4668,130,1,5079.23,0
11694,4669,76,3,8986.29,0
11695,4669,122,2,5747.35,0
11696,4670,55,1,3353.72,15
11697,4670,22,1,26249.58,0
11698,4670,235,1,3801.48,0
11699,4670,223,1,2928.37,10
11700,4671,116,2,4325.34,20
11701,4671,18,1,17756.31,20
11702,4671,79,1,10171.02,15
11703,4671,54,4,6345.44,10
11704,4672,79,2,10246.11,20
11705,4672,267,1,3747.64,20
11706,4673,173,2,10984.1,0
11707,4673,211,2,4416.15,0
11708,4674,254,1,1943.33,5
11709,4674,119,1,6939.62,10
11710,4675,45,2,636.27,15
11711,4675,243,1,3649.61,25
11712,4676,25,2,11925.32,0
11713,4676,196,2,1833.03,15
11714,4676,194,3,2457.79,15
11715,4677,215,2,3414.23,5
11716,4677,108,1,1360.4,0
11717,4678,24,2,33008.7,0
11718,4678,37,4,42995.22,15
11719,4678,240,1,1223.07,5
11720,4679,93,2,9542.47,15
11721,4679,99,2,5740.75,0
11722,4680,147,1,3219.66,15
11723,4680,207,1,1299.83,20
11724,4681,233,2,194.07,25
11725,4681,29,1,45403.37,0
11726,4682,21,1,54081.78,20
11727,4682,129,1,4507.78,10
11728,4682,95,2,12196.01,25
11729,4683,237,2,2967.84,15
11730,4683,142,2,2961.2,20
11731,4684,136,3,2236.52,0
11732,4685,34,2,25189.91,15
11733,4685,55,1,3327.81,25
11734,4686,219,2,2343.84,10
11735,4686,128,1,879.46,0
11736,4686,130,1,5440.11,0
11737,4687,85,2,11034.33,0
11738,4687,254,1,2005.35,0
11739,4687,273,2,1385.98,5
11740,4688,300,2,793.58,15
11741,4688,277,3,5933.0,25
11742,4688,32,2,47869.42,15
11743,4689,26,3,28166.99,0
11744,4689,108,2,1372.17,20
11745,4690,243,1,3673.77,0
11746,4691,103,2,9808.5,15
11747,4691,137,4,1548.31,15
11748,4692,56,2,40727.14,10
11749,4693,179,1,2205.4,0
11750,4693,129,1,4433.47,25
11751,4694,141,3,2122.14,10
11752,4694,7,1,69834.08,25
11753,4694,54,1,5737.09,0
11754,4695,242,1,1448.89,0
11755,4695,92,2,5389.56,15
11756,4695,256,2,1379.48,25
11757,4695,72,1,3391.35,0
11758,4696,267,4,3805.04,25
11759,4696,109,1,1575.85,5
11760,4697,202,1,3788.02,20
11761,4698,145,4,6304.44,25
11762,4698,141,2,2080.98,5
11763,4698,197,1,1416.56,0
11764,4698,179,1,2150.24,15
11765,4699,284,1,2081.02,5
11766,4699,130,1,5283.82,0
11767,4700,141,2,2043.87,10
11768,4700,79,1,10969.04,15
11769,4701,60,1,11531.18,0
11770,4701,273,3,1378.92,10
11771,4701,33,1,78735.96,0
11772,4702,279,1,2432.04,20
11773,4702,239,1,1939.65,0
11774,4703,210,3,1743.78,5
11775,4704,185,1,679.52,5
11776,4704,97,1,3533.01,15
11777,4705,217,2,2603.94,0
11778,4705,263,1,8210.08,0
11779,4706,137,3,1607.74,10
11780,4706,60,5,10354.49,10
11781,4706,87,2,11928.27,5
11782,4707,45,2,653.05,0
11783,4707,95,3,12721.66,10
11784,4707,205,2,769.61,20
11785,4707,159,1,13216.94,0
11786,4707,85,2,10230.56,0
11787,4708,35,1,43860.67,0
11788,4708,267,1,3698.3,0
11789,4708,239,1,1911.94,0
11790,4709,8,2,13183.12,25
11791,4709,298,1,49399.24,10
11792,4709,156,1,21952.57,0
11793,4709,136,4,2216.5,25
11794,4709,196,1,1768.44,20
11795,4710,219,1,2223.79,20
11796,4710,157,1,10627.68,20
11797,4711,57,2,14143.78,20
11798,4711,51,2,39315.61,0
11799,4711,233,1,185.29,5
11800,4712,233,1,183.26,20
11801,4712,98,1,9409.35,0
11802,4712,291,2,6188.89,0
11803,4713,233,1,178.48,25
11804,4713,130,2,5182.12,0
11805,4713,141,3,2138.32,25
11806,4713,71,1,23051.36,20
11807,4713,136,2,2385.73,0
11808,4714,29,2,42620.73,15
11809,4714,222,1,1152.32,10
11810,4714,54,1,6320.74,0
11811,4715,81,3,6790.23,15
11812,4715,124,1,927.75,0
11813,4716,131,1,6461.86,25
11814,4716,191,2,406.97,0
11815,4717,158,2,7311.45,0
11816,4717,234,2,3252.95,0
11817,4717,195,1,3183.18,0
11818,4717,67,5,17358.66,10
11819,4717,82,2,8589.31,25
11820,4718,92,4,5361.84,5
11821,4718,214,2,985.48,25
11822,4719,262,3,2045.18,0
11823,4719,274,2,5758.87,20
11824,4719,268,1,1786.83,0
11825,4720,58,2,14577.84,0
11826,4720,265,1,7038.05,15
11827,4720,167,2,14200.59,0
11828,4720,13,1,75803.42,0
11829,4721,122,2,5957.12,0
11830,4721,93,2,9618.69,20
11831,4722,107,2,7627.3,0
11832,4723,259,1,4721.95,5
11833,4724,202,1,3741.83,20
11834,4724,172,1,18487.33,15
11835,4724,24,2,32977.26,10
11836,4725,68,2,7466.7,10
11837,4725,103,2,9115.55,20
11838,4725,270,3,2032.87,0
11839,4726,279,1,2400.76,0
11840,4727,107,2,7262.23,0
11841,4727,245,4,971.77,15
11842,4727,253,1,5858.34,10
11843,4727,299,2,48126.63,20
11844,4728,160,2,1140.6,0
11845,4728,82,2,8149.52,15
11846,4728,73,3,7513.45,5
11847,4728,6,1,66507.23,5
11848,4728,186,2,2603.49,0
11849,4729,290,1,5461.4,0
11850,4729,242,1,1374.27,0
11851,4729,86,1,9220.43,5
11852,4729,46,4,37018.15,0
11853,4729,154,3,9709.99,20
11854,4730,218,3,3153.37,0
11855,4730,163,1,674.28,25
11856,4730,146,4,16359.37,25
11857,4730,24,2,32146.98,5
11858,4731,228,3,268.17,0
11859,4731,86,2,9286.06,5
11860,4731,120,1,4513.61,20
11861,4731,164,2,13194.91,20
11862,4732,80,2,2100.47,0
11863,4732,27,1,14131.0,5
11864,4733,55,2,3498.94,0
11865,4733,296,1,7525.39,25
11866,4733,144,1,3672.3,0
11867,4733,21,1,52825.24,20
11868,4733,89,1,9257.93,0
11869,4734,58,1,14438.25,15
11870,4734,87,2,11741.88,0
11871,4734,228,2,260.08,0
11872,4734,72,1,3554.37,5
11873,4734,201,5,3214.28,0
11874,4735,1,4,26942.87,0
11875,4735,283,2,4172.53,20
11876,4735,149,1,19257.88,20
11877,4736,67,1,16527.12,0
11878,4736,60,1,11404.39,25
11879,4736,223,3,2787.27,5
11880,4737,90,1,13117.11,15
11881,4738,53,1,20736.47,0
11882,4738,256,1,1419.7,15
11883,4738,92,1,5778.63,0
11884,4738,219,2,2157.15,0
11885,4738,284,1,1954.0,10
11886,4739,59,1,41994.84,5
11887,4739,227,3,410.99,0
11888,4739,33,1,78006.12,0
11889,4739,181,1,4488.41,5
11890,4740,251,2,3116.85,0
11891,4740,72,3,3431.0,0
11892,4740,212,1,705.28,25
11893,4741,272,2,3207.37,0
11894,4741,187,2,4655.99,10
11895,4742,101,2,14023.72,5
11896,4743,58,1,13164.89,0
11897,4743,154,2,9156.79,25
11898,4743,239,1,1932.76,0
11899,4744,169,1,23682.14,5
11900,4745,263,1,7955.12,15
11901,4745,17,1,84500.26,15
11902,4746,191,1,390.68,20
11903,4746,104,1,7361.73,20
11904,4746,151,1,411.3,10
11905,4747,172,1,19682.88,0
11906,4747,247,1,644.46,5
11907,4747,139,1,4901.39,25
11908,4748,287,1,1662.68,5
11909,4748,20,2,56227.16,20
11910,4748,135,3,2047.13,0
11911,4748,34,2,27768.69,0
11912,4748,266,1,7341.86,0
11913,4749,112,3,4894.74,15
11914,4749,96,2,13901.31,20
11915,4750,213,1,1061.67,0
11916,4751,179,1,2198.09,0
11917,4751,44,2,8153.78,0
11918,4751,247,1,706.91,20
11919,4751,153,1,5937.35,0
11920,4751,292,1,476.83,0
11921,4752,166,1,15006.82,15
11922,4752,103,3,9828.51,15
11923,4753,159,2,12575.27,5
11924,4753,158,1,7551.96,15
11925,4754,115,4,1263.51,0
11926,4754,74,1,9840.98,5
11927,4754,149,2,18411.61,20
11928,4755,42,1,21921.56,5
11929,4755,41,3,41255.69,25
11930,4756,239,1,1895.45,10
11931,4756,264,1,2653.61,0
11932,4756,158,1,7498.52,0
11933,4756,78,2,2552.37,10
11934,4756,195,1,3167.41,0
11935,4757,231,1,948.44,5
11936,4757,75,2,13039.25,5
11937,4757,195,4,3496.25,0
11938,4758,2,1,89454.22,5
11939,4758,93,2,10456.79,20
11940,4759,223,2,2946.01,0
11941,4759,297,1,51463.12,10
11942,4759,219,1,2259.88,5
11943,4759,63,1,33180.55,25
11944,4760,1,1,25766.53,10
11945,4760,79,1,10155.62,0
11946,4760,261,1,7238.69,0
11947,4760,75,4,12681.34,0
11948,4761,179,1,2063.1,0
11949,4761,31,1,47069.97,10
11950,4761,94,1,2569.48,25
11951,4762,182,2,2476.36,10
11952,4762,169,3,22637.23,0
11953,4762,127,2,7125.65,0
11954,4762,204,2,2486.03,15
11955,4763,136,1,2261.55,25
11956,4763,268,1,1656.93,15
11957,4764,18,3,19438.98,10
11958,4764,202,3,4110.87,0
11959,4764,14,3,22310.69,25
11960,4764,273,1,1354.0,0
11961,4764,55,1,3496.31,0
11962,4765,137,2,1657.66,0
11963,4765,110,3,5040.62,15
11964,4765,141,2,2156.5,0
11965,4765,41,3,41401.75,10
11966,4766,119,3,6553.1,15
11967,4766,204,2,2511.17,5
11968,4767,115,1,1310.45,25
11969,4767,250,1,2539.35,5
11970,4768,186,2,2576.97,0
11971,4768,196,1,1883.84,0
11972,4768,35,2,42306.93,25
11973,4769,193,1,3929.68,20
11974,4769,92,1,5518.26,25
11975,4770,143,2,5651.33,0
11976,4770,263,3,7947.14,15
11977,4771,228,1,246.05,0
11978,4771,88,2,4198.07,20
11979,4772,177,1,13863.35,25
11980,4772,80,2,2259.05,0
11981,4772,276,2,4742.88,15
11982,4773,85,4,10810.76,5
11983,4773,76,1,8740.84,15
11984,4774,48,1,37043.32,10
11985,4774,216,2,4545.63,25
11986,4775,252,2,716.94,0
11987,4775,118,2,7690.05,0
11988,4775,260,3,7875.18,0
11989,4775,106,1,7481.08,0
11990,4776,263,1,7781.67,20
11991,4776,21,1,53228.75,10
11992,4777,138,1,4675.14,0
11993,4777,17,1,80848.79,25
11994,4778,235,1,3566.61,0
11995,4779,72,1,3382.46,25
11996,4779,243,1,3624.72,25
11997,4779,223,1,2955.19,0
11998,4779,133,3,2924.63,25
11999,4780,131,2,6917.35,5
12000,4781,255,5,390.46,20
12001,4781,283,1,4547.98,20
12002,4782,248,3,918.85,15
12003,4782,38,1,48247.04,0
12004,4782,205,1,764.0,25
12005,4782,271,1,2299.72,10
12006,4783,129,1,4089.13,0
12007,4783,230,2,352.39,25
12008,4783,48,1,39183.56,5
12009,4784,8,1,13767.94,10
12010,4784,26,1,28488.85,0
12011,4784,58,2,13464.02,5
12012,4784,184,2,4014.8,25
12013,4785,251,1,3318.06,10
12014,4785,193,1,3981.75,20
12015,4786,146,4,16425.66,0
12016,4786,177,1,12616.84,0
12017,4787,84,1,3128.36,0
12018,4787,37,4,44772.07,20
12019,4788,157,1,10360.94,5
12020,4788,108,1,1355.79,0
12021,4789,221,1,1233.39,5
12022,4789,267,2,4119.89,0
12023,4790,172,1,19239.45,25
12024,4790,72,5,3372.47,0
12025,4790,130,2,5532.31,25
12026,4791,170,3,20673.06,5
12027,4792,298,2,48625.01,0
12028,4792,255,2,426.35,0
12029,4792,232,3,505.92,20
12030,4793,260,1,8445.02,0
12031,4793,83,1,12162.62,0
12032,4793,187,1,4801.64,20
12033,4794,278,2,7213.71,0
12034,4795,161,1,2444.09,0
12035,4796,225,1,918.3,15
12036,4796,162,3,16915.54,0
12037,4797,128,2,899.52,10
12038,4797,195,3,3220.41,0
12039,4797,274,1,5951.44,5
12040,4797,177,2,12659.59,0
12041,4798,254,2,1921.31,15
12042,4798,245,3,915.49,20
12043,4798,32,1,45831.21,0
12044,4799,160,5,1185.88,5
12045,4799,47,1,9904.07,20
12046,4799,129,1,4236.79,15
12047,4800,275,1,1594.5,10
12048,4801,199,1,2067.93,0
12049,4802,7,2,74473.42,10
12050,4802,230,1,369.31,0
12051,4803,1,5,25095.54,5
12052,4803,218,3,3289.43,20
12053,4803,103,2,10114.09,0
12054,4803,32,2,45609.05,5
12055,4804,119,4,6452.37,25
12056,4804,147,1,3204.36,15
12057,4804,223,1,3063.87,20
12058,4805,268,2,1672.48,5
12059,4805,231,1,953.41,15
12060,4806,192,1,284.08,25
12061,4806,195,2,3401.75,20
12062,4807,146,1,18087.01,0
12063,4808,54,1,6020.78,15
12064,4808,28,1,79235.37,5
12065,4808,76,1,9576.03,0
12066,4809,222,3,1114.38,0
12067,4809,245,3,942.28,10
12068,4809,79,1,10353.21,25
12069,4810,41,2,38975.59,20
12070,4810,153,1,5665.79,25
12071,4811,260,2,8511.67,5
12072,4811,247,2,703.85,10
12073,4812,252,4,711.78,0
12074,4812,214,1,927.21,0
12075,4813,210,1,1760.25,0
12076,4813,290,1,5538.37,0
12077,4813,12,1,9437.97,0
12078,4813,84,3,3137.84,0
12079,4814,13,1,79262.1,5
12080,4814,95,4,12297.87,0
12081,4814,287,2,1737.26,25
12082,4815,45,3,661.6,0
12083,4815,158,4,7394.3,0
12084,4815,219,2,2318.17,0
12085,4816,73,4,7441.1,0
12086,4816,63,5,30551.37,10
12087,4816,144,3,3932.61,20
12088,4817,95,3,12271.54,0
12089,4818,247,4,674.54,0
12090,4818,30,1,71479.79,10
12091,4818,179,1,2189.64,10
12092,4818,25,1,12590.45,25
12093,4818,227,2,395.67,5
12094,4819,264,2,2540.38,25
12095,4820,57,4,14153.24,0
12096,4820,213,2,1112.34,25
12097,4820,265,3,7522.88,0
12098,4821,134,2,6852.03,0
12099,4822,295,1,9021.67,20
12100,4823,103,1,9579.08,25
12101,4823,14,2,21732.54,15
12102,4824,132,4,7342.29,0
12103,4824,244,3,87.25,10
12104,4824,171,1,17338.05,25
12105,4824,182,3,2399.75,15
12106,4825,40,2,27964.19,0
12107,4825,221,1,1211.42,10
12108,4825,273,2,1316.76,10
12109,4826,265,1,7437.51,0
12110,4826,19,1,72276.59,0
12111,4826,115,1,1269.2,10
12112,4826,190,1,1503.8,15
12113,4827,275,1,1665.58,5
12114,4827,201,1,3544.65,0
12115,4827,59,2,41375.93,0
12116,4827,272,2,3128.47,20
12117,4828,284,1,1922.09,10
12118,4828,111,2,1033.72,0
12119,4829,253,2,6090.18,0
12120,4829,110,1,4939.48,0
12121,4829,288,2,3618.53,5
12122,4830,4,3,10251.08,10
12123,4831,51,1,40480.82,0
12124,4831,128,2,818.71,25
12125,4831,273,4,1410.17,0
12126,4832,36,4,1574.28,20
12127,4832,230,4,389.42,10
12128,4832,131,2,6721.12,0
12129,4832,94,1,2642.79,0
12130,4833,59,1,38050.81,0
12131,4833,113,1,1938.47,20
12132,4833,104,1,8040.77,15
12133,4834,136,1,2361.6,15
12134,4834,263,2,8466.09,25
12135,4834,243,2,3578.58,20
12136,4835,121,3,1525.61,10
12137,4835,268,1,1800.94,10
12138,4836,80,1,2269.09,25
12139,4836,144,4,3712.07,20
12140,4836,160,3,1156.55,5
12141,4837,71,2,21728.87,25
12142,4837,62,1,42469.48,0
12143,4838,31,1,45976.37,15
12144,4839,3,3,44521.52,0
12145,4839,241,2,87.01,10
12146,4840,162,2,16867.25,0
12147,4840,18,1,17974.56,25
12148,4840,42,2,22041.1,0
12149,4841,171,1,16412.19,25
12150,4841,226,1,2912.8,5
12151,4842,249,1,2129.45,25
12152,4842,218,2,3237.9,0
12153,4842,9,2,65144.1,0
12154,4842,201,2,3322.11,5
12155,4842,293,2,13228.7,0
12156,4843,137,1,1571.02,25
12157,4844,4,1,10893.3,0
12158,4844,138,3,4442.5,20
12159,4844,26,3,29311.92,20
12160,4845,208,1,645.6,10
12161,4846,239,2,1958.27,20
12162,4846,270,1,2097.57,0
12163,4847,54,3,6200.7,15
12164,4847,99,2,5796.79,0
12165,4848,199,1,2092.49,5
12166,4848,228,4,247.51,0
12167,4849,251,2,3325.44,0
12168,4850,136,2,2315.62,20
12169,4850,269,5,5391.2,0
12170,4850,112,4,4714.9,15
12171,4851,147,1,3296.71,0
12172,4851,30,1,72802.44,0
12173,4852,185,1,738.35,0
12174,4852,284,5,2007.28,20
12175,4853,245,2,986.5,5
12176,4853,77,1,8248.52,0
12177,4853,281,1,1969.9,5
12178,4854,121,1,1538.64,0
12179,4854,168,1,2960.53,20
12180,4855,270,1,2152.99,20
12181,4856,40,1,27862.65,5
12182,4856,208,4,594.74,15
12183,4857,17,3,84963.46,0
12184,4858,172,2,18780.67,0
12185,4858,257,1,1018.71,10
12186,4859,63,1,31807.32,0
12187,4859,286,1,8727.39,0
12188,4859,81,1,7286.47,0
12189,4860,173,4,11814.74,10
12190,4860,82,2,8251.15,15
12191,4861,226,2,3084.83,20
12192,4861,48,2,38321.2,0
12193,4861,46,1,39827.85,20
12194,4862,36,4,1584.84,5
12195,4862,53,2,20390.78,25
12196,4863,75,1,13449.29,0
12197,4863,252,1,733.19,0
12198,4863,52,1,43846.0,0
12199,4864,160,1,1179.11,5
12200,4864,153,1,5347.35,0
12201,4865,43,2,9359.94,0
12202,4865,116,2,3999.24,0
12203,4866,112,1,4832.62,25
12204,4866,58,1,13225.72,0
12205,4867,196,3,1902.05,0
12206,4867,39,1,45653.36,5
12207,4868,266,1,7201.5,10
12208,4868,215,1,3200.2,5
12209,4868,239,2,1823.87,0
12210,4868,129,2,4124.56,20
12211,4869,199,4,2072.5,10
12212,4870,67,1,17231.2,20
12213,4870,223,1,2921.95,20
12214,4871,138,3,4535.71,15
12215,4871,168,3,2923.76,5
12216,4871,289,1,3303.31,0
12217,4871,200,1,1461.59,0
12218,4871,84,1,3032.57,0
12219,4872,290,1,5812.63,0
12220,4872,209,2,2433.78,10
12221,4872,164,1,13280.26,0
12222,4872,157,1,10779.51,0
12223,4873,124,2,980.67,25
12224,4873,94,1,2392.49,0
12225,4873,246,2,1600.52,10
12226,4873,123,3,4842.01,25
12227,4874,215,2,3501.98,0
12228,4874,20,2,56856.57,15
12229,4874,284,2,1907.38,0
12230,4874,235,2,3462.71,20
12231,4875,12,2,9712.98,5
12232,4875,67,1,16688.18,20
12233,4876,46,1,38863.92,0
12234,4877,111,3,1034.31,0
12235,4877,273,2,1339.9,20
12236,4878,3,1,47072.01,5
12237,4878,153,2,5629.27,0
12238,4879,240,2,1186.67,25
12239,4879,263,2,8169.83,0
12240,4879,25,2,12244.8,15
12241,4879,96,1,13685.11,25
12242,4880,200,1,1550.69,15
12243,4880,107,3,7070.93,15
12244,4880,14,2,21960.43,25
12245,4881,159,1,13356.49,10
12246,4881,263,1,7716.73,20
12247,4881,220,2,681.12,15
12248,4882,252,2,731.11,15
12249,4882,242,2,1397.97,0
12250,4883,149,3,18603.17,0
12251,4883,271,3,2191.03,15
12252,4884,272,3,3322.59,0
12253,4885,230,1,375.96,0
12254,4885,114,2,1184.09,5
12255,4885,3,1,44295.25,10
12256,4885,227,1,393.68,0
12257,4886,300,5,754.67,5
12258,4886,200,2,1418.31,0
12259,4887,44,4,8528.54,5
12260,4887,133,1,2757.23,0
12261,4888,79,4,10398.09,15
12262,4888,268,1,1719.37,15
12263,4888,158,1,7017.29,10
12264,4889,238,1,2635.28,0
12265,4890,93,1,9780.76,0
12266,4890,266,1,7807.99,0
12267,4891,179,1,2196.69,25
12268,4891,63,2,32072.59,0
12269,4891,81,2,6753.34,20
12270,4891,51,1,37742.47,0
12271,4891,169,2,22079.37,10
12272,4892,195,3,3517.55,0
12273,4892,127,2,6659.68,0
12274,4893,171,1,17947.01,10
12275,4894,262,2,1984.86,20
12276,4894,215,1,3267.65,15
12277,4894,46,1,37883.16,0
12278,4895,234,1,3317.71,25
12279,4895,147,2,3210.88,25
12280,4896,40,3,27391.17,5
12281,4896,198,1,1836.68,25
12282,4897,284,1,1913.7,0
12283,4897,229,2,4052.32,25
12284,4898,189,3,4110.5,0
12285,4898,128,3,837.26,25
12286,4898,32,3,46454.4,10
12287,4898,151,5,436.8,20
12288,4899,211,2,4566.25,0
12289,4899,44,3,8556.32,25
12290,4899,291,2,6265.95,5
12291,4900,190,1,1461.81,25
12292,4901,290,2,5882.35,10
12293,4901,225,3,951.84,15
12294,4901,157,1,11076.69,0
12295,4902,171,1,17105.29,25
12296,4902,183,3,4366.6,25
12297,4902,127,1,6544.22,10
12298,4903,229,1,4051.1,10
12299,4903,273,2,1403.5,25
12300,4904,194,2,2660.19,0
12301,4904,81,2,7167.53,25
12302,4904,43,3,9678.93,15
12303,4905,159,4,13165.68,0
12304,4905,86,1,9644.5,15
12305,4905,23,1,17245.02,10
12306,4905,257,1,1011.88,20
12307,4905,153,2,5459.55,15
12308,4906,198,1,1791.85,0
12309,4906,90,1,13717.12,0
12310,4906,194,1,2533.23,0
12311,4907,141,2,2128.83,0
12312,4908,222,1,1071.31,10
12313,4908,133,1,2857.68,15
12314,4909,58,2,13774.93,25
12315,4910,243,2,3715.05,15
12316,4910,104,1,7739.07,15
12317,4910,244,4,86.53,0
12318,4911,236,2,2008.34,10
12319,4911,151,2,411.81,0
12320,4912,116,2,4182.52,15
12321,4912,226,3,3022.62,25
12322,4912,235,1,3721.38,0
12323,4913,276,2,5128.95,0
12324,4913,293,1,13350.08,0
12325,4914,107,2,7781.79,0
12326,4914,192,2,311.97,25
12327,4914,161,3,2493.44,25
12328,4915,71,1,21726.41,10
12329,4916,212,2,741.72,20
12330,4916,160,1,1181.35,10
12331,4916,53,1,19469.21,5
12332,4917,16,1,34811.58,0
12333,4917,245,2,959.05,10
12334,4917,141,2,2000.24,25
12335,4918,132,1,7042.85,20
12336,4918,248,1,938.92,25
12337,4919,122,2,5396.07,5
12338,4920,66,2,15410.79,0
12339,4920,36,2,1590.24,10
12340,4920,223,1,3066.71,15
12341,4920,220,1,670.74,20
12342,4921,7,1,74720.14,0
12343,4921,168,1,2916.13,15
12344,4921,224,1,687.41,0
12345,4922,287,2,1628.31,0
12346,4922,113,1,1992.72,25
12347,4923,256,3,1398.16,0
12348,4923,255,2,414.04,10
12349,4923,100,2,790.84,10
12350,4923,225,2,911.28,20
12351,4923,295,2,9414.3,0
12352,4924,68,2,6926.46,15
12353,4924,86,1,9778.26,0
12354,4925,13,1,75316.58,10
12355,4925,97,1,3714.41,0
12356,4925,79,1,10964.54,15
12357,4926,94,2,2615.8,5
12358,4926,230,2,354.98,10
12359,4926,247,3,670.6,20
12360,4927,147,3,3215.98,5
12361,4927,223,2,2995.92,0
12362,4928,212,2,723.47,20
12363,4928,213,1,1035.82,0
12364,4929,51,1,37850.88,20
12365,4929,228,1,261.63,0
12366,4929,227,3,409.06,20
12367,4930,136,1,2283.66,25
12368,4931,190,1,1430.96,25
12369,4931,179,2,2211.37,20
12370,4932,230,2,392.34,25
12371,4933,193,1,3774.74,0
12372,4933,285,4,7516.27,0
12373,4934,2,1,82310.38,20
12374,4934,260,2,7932.71,0
12375,4935,203,2,1031.83,20
12376,4935,165,1,8649.1,0
12377,4935,262,4,1979.62,0
12378,4935,281,2,2075.33,20
12379,4935,194,1,2648.04,25
12380,4936,199,1,2133.01,15
12381,4936,3,2,46939.84,10
12382,4937,235,1,3593.77,20
12383,4937,9,3,64977.11,0
12384,4937,276,1,5156.74,15
12385,4937,247,3,675.49,15
12386,4937,32,5,47025.57,0
12387,4938,224,1,659.37,15
12388,4938,203,1,1108.09,0
12389,4939,235,1,3475.13,10
12390,4939,288,4,3901.94,0
12391,4939,144,2,3922.71,10
12392,4940,7,2,72463.61,10
12393,4940,170,3,21901.05,5
12394,4940,205,1,751.89,0
12395,4941,268,2,1691.77,0
12396,4941,133,2,2825.29,15
12397,4941,46,2,39505.07,0
12398,4941,175,2,19087.71,10
12399,4941,45,1,659.19,20
12400,4942,55,1,3241.11,5
12401,4942,253,1,6229.74,25
12402,4942,195,2,3286.58,0
12403,4943,76,3,8931.78,25
12404,4943,49,2,36179.39,20
12405,4944,180,2,8487.04,25
12406,4944,76,1,9184.47,10
12407,4944,21,1,50688.11,0
12408,4945,27,1,14217.97,10
12409,4946,177,4,13038.5,0
12410,4946,231,2,967.8,0
12411,4947,210,2,1638.54,0
12412,4947,123,2,4618.74,20
12413,4948,220,3,634.99,25
12414,4948,26,1,30408.0,0
12415,4948,132,1,7732.66,15
12416,4949,262,2,2103.17,0
12417,4950,109,5,1568.29,0
12418,4951,163,1,696.92,0
12419,4951,272,4,3389.63,0
12420,4951,49,2,35916.82,15
12421,4952,217,2,2389.44,10
12422,4952,19,1,75842.86,0
12423,4952,228,2,262.32,25
12424,4953,6,3,68632.91,0
12425,4953,162,1,16806.21,15
12426,4954,105,1,7485.48,0
12427,4954,134,1,6191.83,0
12428,4955,261,2,7290.21,0
12429,4955,26,1,30444.01,0
12430,4956,202,2,4099.39,25
12431,4956,234,2,3329.9,20
12432,4957,141,3,1981.45,0
12433,4957,37,2,45157.19,10
12434,4957,3,4,46816.12,0
12435,4958,120,2,4848.94,0
12436,4958,35,4,42235.52,0
12437,4958,12,1,9372.91,25
12438,4959,296,4,7342.24,20
12439,4959,274,5,5521.79,10
12440,4959,164,1,13205.05,0
12441,4960,251,1,3202.46,0
12442,4960,240,1,1265.99,10
12443,4961,297,1,47080.04,15
12444,4961,167,2,14247.23,20
12445,4961,8,2,12975.7,15
12446,4962,260,1,8647.23,5
12447,4962,293,1,12550.65,15
12448,4963,120,1,4695.09,10
12449,4963,193,4,3793.12,25
12450,4964,38,2,45336.7,0
12451,4964,163,1,664.72,0
12452,4964,234,3,3237.64,0
12453,4964,275,1,1679.78,0
12454,4965,106,1,7594.21,10
12455,4965,39,1,44124.21,5
12456,4965,138,3,4482.38,25
12457,4966,26,1,28810.79,0
12458,4967,181,2,4483.63,0
12459,4967,77,2,8427.96,0
12460,4967,65,1,28505.21,15
12461,4968,158,4,7439.62,25
12462,4969,51,2,38705.09,25
12463,4969,76,2,9532.62,20
12464,4969,134,2,6487.97,15
12465,4969,155,3,13306.02,15
12466,4970,266,3,7390.95,10
12467,4970,144,1,3977.96,0
12468,4970,122,1,5538.31,15
12469,4971,21,1,51984.45,0
12470,4972,128,1,834.56,25
12471,4972,127,2,6620.54,20
12472,4972,53,2,19487.83,10
12473,4972,275,2,1682.06,5
12474,4972,192,2,311.61,15
12475,4973,46,2,38860.91,15
12476,4973,152,1,22317.1,20
12477,4973,180,1,8481.58,10
12478,4973,234,1,3511.01,0
12479,4974,148,1,23829.28,15
12480,4975,139,1,4995.28,25
12481,4975,270,1,2200.17,25
12482,4975,264,3,2579.99,25
12483,4976,153,3,5345.86,20
12484,4976,40,2,27245.12,20
12485,4976,180,4,9246.09,25
12486,4977,170,2,21091.32,15
12487,4977,96,1,13193.37,5
12488,4978,88,4,4053.79,0
12489,4978,159,2,12128.31,0
12490,4978,250,1,2645.09,15
12491,4978,95,2,12606.58,5
12492,4979,159,2,12259.65,5
12493,4979,89,4,9422.57,0
12494,4979,176,2,20292.93,0
12495,4980,127,1,6633.23,10
12496,4980,291,3,6224.09,25
12497,4980,163,1,696.98,0
12498,4980,60,1,10446.33,10
12499,4980,56,2,40488.87,5
12500,4981,120,5,4715.1,10
12501,4981,137,3,1586.79,0
12502,4982,250,2,2698.91,0
12503,4983,65,2,26909.53,25
12504,4983,11,1,18233.82,15
12505,4984,184,1,4033.1,0
12506,4984,77,2,8057.03,20
12507,4984,112,2,4514.75,0
12508,4985,300,3,783.61,0
12509,4986,187,1,4696.85,0
12510,4987,33,2,78311.12,25
12511,4987,63,3,30855.11,0
12512,4987,55,1,3269.9,0
12513,4988,46,1,36729.43,20
12514,4988,232,1,519.48,0
12515,4988,70,2,39818.38,0
12516,4989,268,1,1624.79,20
12517,4989,245,3,971.61,5
12518,4990,230,2,376.5,5
12519,4990,79,2,10778.62,25
12520,4990,55,2,3210.32,0
12521,4991,200,1,1504.32,0
12522,4991,18,1,19219.57,0
12523,4992,120,1,4531.84,25
12524,4992,95,2,13184.01,15
12525,4993,264,1,2685.05,0
12526,4993,101,2,14173.66,0
12527,4993,40,1,26743.3,0
12528,4993,13,1,80055.9,5
12529,4994,171,2,17877.95,0
12530,4994,12,2,9372.14,0
12531,4994,277,2,5826.54,0
12532,4995,58,4,13829.64,0
12533,4995,207,3,1312.91,0
12534,4995,200,1,1544.3,15
12535,4996,45,2,656.2,10
12536,4997,260,1,8083.29,15
12537,4998,126,3,1585.13,25
12538,4999,251,2,3013.88,5
12539,4999,166,1,15708.14,5
12540,4999,130,2,5606.36,10
12541,4999,182,1,2601.37,0
12542,5000,206,1,2552.05,25
12543,5000,217,2,2619.72,15
