order_id,customer_id,order_date,order_status,shipping_city,sales_channel
1,113,2024-05-03,Delivered,Jaipur,Mobile App
2,121,2025-01-15,Delivered,Indore,Website
3,29,2024-05-26,Delivered,Kochi,Website
4,916,2024-11-08,Shipped,Indore,Mobile App
5,501,2024-01-03,Delivered,Kolkata,Marketplace
6,428,2025-05-07,Delivered,Nashik,Marketplace
7,801,2025-01-21,Delivered,Ahmedabad,Mobile App
8,781,2024-05-21,Delivered,Bengaluru,Website
9,460,2024-06-01,Shipped,Noida,Mobile App
10,681,2025-09-30,Delivered,Nagpur,Website
11,554,2024-02-16,Processing,Chennai,Website
12,91,2024-06-18,Cancelled,Mumbai,Mobile App
13,725,2024-11-12,Delivered,Bengaluru,Mobile App
14,198,2025-09-25,Delivered,Ahmedabad,Mobile App
15,769,2025-05-02,Delivered,Hyderabad,Mobile App
16,545,2024-07-03,Processing,Mumbai,Website
17,850,2025-12-23,Shipped,Delhi,Website
18,547,2025-09-13,Delivered,Chennai,Mobile App
19,957,2024-01-24,Delivered,Gurugram,Website
20,541,2024-11-20,Delivered,Noida,Marketplace
21,555,2024-06-21,Delivered,Jaipur,Mobile App
22,158,2024-11-10,Processing,Hyderabad,Website
23,985,2024-11-29,Delivered,Ahmedabad,Website
24,102,2024-11-23,Delivered,Bengaluru,Website
25,848,2024-05-03,Delivered,Nashik,Mobile App
26,243,2025-05-19,Delivered,Bengaluru,Marketplace
27,276,2024-03-03,Delivered,Nagpur,Website
28,30,2025-02-21,Delivered,Mumbai,Website
29,987,2025-08-23,Delivered,Kochi,Mobile App
30,805,2024-05-08,Delivered,Noida,Website
31,652,2025-05-27,Delivered,Hyderabad,Mobile App
32,173,2024-09-08,Delivered,Bengaluru,Marketplace
33,463,2024-02-12,Delivered,Kochi,Mobile App
34,297,2025-10-30,Processing,Nagpur,Marketplace
35,494,2024-10-06,Delivered,Delhi,Marketplace
36,863,2025-10-09,Delivered,Bengaluru,Website
37,757,2025-06-30,Delivered,Kochi,Website
38,126,2024-05-23,Cancelled,Indore,Website
39,626,2025-05-31,Processing,Ahmedabad,Mobile App
40,351,2025-10-12,Delivered,Gurugram,Website
41,679,2024-11-25,Delivered,Jaipur,Mobile App
42,17,2025-12-09,Delivered,Ahmedabad,Mobile App
43,924,2024-01-10,Delivered,Nagpur,Marketplace
44,721,2025-05-15,Pending,Ahmedabad,Mobile App
45,665,2025-10-28,Delivered,Gurugram,Mobile App
46,688,2025-03-31,Delivered,Kolkata,Mobile App
47,848,2025-09-07,Delivered,Nashik,Mobile App
48,714,2024-01-09,Delivered,Nagpur,Website
49,10,2024-08-14,Cancelled,Jaipur,Marketplace
50,367,2024-07-15,Delivered,Noida,Website
51,736,2024-08-14,Delivered,Indore,Website
52,288,2025-05-19,Shipped,Kochi,Website
53,201,2025-10-15,Delivered,Ahmedabad,Mobile App
54,175,2025-07-19,Delivered,Chennai,Mobile App
55,618,2025-08-01,Delivered,Delhi,Mobile App
56,131,2024-09-22,Processing,Indore,Mobile App
57,802,2024-10-07,Delivered,Delhi,Marketplace
58,710,2025-11-25,Delivered,Hyderabad,Mobile App
59,465,2024-01-03,Processing,Noida,Marketplace
60,54,2024-11-26,Delivered,Bengaluru,Website
61,531,2025-04-22,Delivered,Nagpur,Website
62,739,2024-08-17,Delivered,Noida,Website
63,6,2025-02-05,Delivered,Bengaluru,Mobile App
64,26,2024-08-19,Processing,Mumbai,Website
65,256,2024-07-20,Delivered,Indore,Mobile App
66,100,2024-01-29,Delivered,Ahmedabad,Mobile App
67,958,2024-12-08,Shipped,Kochi,Mobile App
68,982,2024-12-14,Shipped,Noida,Mobile App
69,967,2024-03-15,Pending,Gurugram,Mobile App
70,641,2025-04-02,Delivered,Nashik,Website
71,35,2025-01-21,Delivered,Pune,Mobile App
72,64,2025-03-28,Delivered,Noida,Website
73,105,2025-11-24,Delivered,Pune,Mobile App
74,412,2024-04-08,Delivered,Delhi,Marketplace
75,807,2025-11-06,Delivered,Delhi,Mobile App
76,439,2025-09-27,Delivered,Pune,Marketplace
77,802,2024-01-27,Delivered,Delhi,Website
78,106,2024-01-13,Delivered,Hyderabad,Mobile App
79,199,2025-08-09,Delivered,Gurugram,Website
80,493,2025-09-27,Delivered,Noida,Mobile App
81,62,2024-05-10,Delivered,Bengaluru,Marketplace
82,773,2025-01-01,Delivered,Kolkata,Website
83,481,2024-11-12,Delivered,Bengaluru,Marketplace
84,531,2025-08-23,Delivered,Nagpur,Website
85,839,2025-07-26,Shipped,Gurugram,Website
86,206,2025-10-17,Shipped,Hyderabad,Website
87,488,2025-12-12,Cancelled,Ahmedabad,Mobile App
88,873,2025-08-15,Delivered,Ahmedabad,Website
89,337,2024-06-15,Delivered,Indore,Website
90,225,2024-01-04,Delivered,Ahmedabad,Mobile App
91,219,2024-09-01,Delivered,Kochi,Website
92,758,2025-01-19,Delivered,Kolkata,Marketplace
93,372,2024-01-11,Delivered,Kolkata,Website
94,298,2025-03-26,Delivered,Chennai,Mobile App
95,45,2024-01-31,Delivered,Noida,Website
96,269,2024-06-27,Delivered,Delhi,Website
97,23,2024-06-29,Shipped,Mumbai,Mobile App
98,141,2025-01-23,Delivered,Hyderabad,Marketplace
99,313,2025-04-12,Delivered,Jaipur,Website
100,540,2025-09-30,Shipped,Pune,Website
101,904,2024-05-13,Pending,Bengaluru,Website
102,384,2024-11-21,Delivered,Nashik,Marketplace
103,782,2025-09-22,Delivered,Bengaluru,Mobile App
104,336,2024-09-10,Delivered,Kochi,Website
105,521,2025-08-21,Shipped,Nagpur,Website
106,482,2025-11-10,Delivered,Noida,Website
107,904,2025-10-22,Cancelled,Bengaluru,Mobile App
108,184,2024-11-25,Cancelled,Jaipur,Mobile App
109,979,2025-05-21,Delivered,Hyderabad,Mobile App
110,810,2025-08-20,Delivered,Nagpur,Marketplace
111,463,2024-08-28,Delivered,Kochi,Marketplace
112,586,2024-06-09,Processing,Hyderabad,Mobile App
113,138,2024-03-27,Delivered,Kolkata,Website
114,43,2025-04-21,Delivered,Jaipur,Mobile App
115,443,2025-02-22,Delivered,Nagpur,Website
116,26,2024-07-02,Delivered,Mumbai,Website
117,924,2024-03-25,Delivered,Nagpur,Mobile App
118,81,2024-10-10,Shipped,Indore,Website
119,40,2025-07-13,Delivered,Gurugram,Website
120,310,2025-11-30,Shipped,Pune,Mobile App
121,142,2025-07-10,Shipped,Bengaluru,Website
122,843,2024-12-20,Pending,Indore,Website
123,594,2025-11-02,Delivered,Ahmedabad,Marketplace
124,975,2024-06-01,Shipped,Gurugram,Mobile App
125,215,2025-04-30,Delivered,Indore,Mobile App
126,480,2025-04-17,Delivered,Hyderabad,Mobile App
127,440,2025-12-15,Delivered,Kolkata,Marketplace
128,31,2025-01-18,Delivered,Bengaluru,Marketplace
129,10,2025-05-26,Pending,Hyderabad,Website
130,436,2025-12-03,Cancelled,Chennai,Mobile App
131,334,2025-08-24,Delivered,Indore,Website
132,976,2024-12-04,Delivered,Indore,Mobile App
133,888,2025-02-04,Processing,Nashik,Website
134,548,2025-01-30,Delivered,Indore,Mobile App
135,463,2025-10-16,Shipped,Kochi,Website
136,567,2024-06-30,Delivered,Bengaluru,Mobile App
137,192,2024-07-22,Delivered,Bengaluru,Website
138,299,2025-11-06,Delivered,Gurugram,Website
139,12,2024-06-24,Delivered,Delhi,Website
140,114,2024-05-12,Delivered,Kolkata,Website
141,979,2024-07-30,Delivered,Hyderabad,Website
142,727,2025-11-11,Delivered,Ahmedabad,Marketplace
143,602,2024-07-26,Delivered,Pune,Website
144,8,2024-05-26,Delivered,Ahmedabad,Mobile App
145,539,2024-12-02,Shipped,Gurugram,Mobile App
146,41,2024-04-03,Delivered,Gurugram,Website
147,863,2025-12-29,Pending,Indore,Mobile App
148,871,2024-06-28,Delivered,Noida,Mobile App
149,443,2025-04-13,Delivered,Nagpur,Mobile App
150,98,2025-02-06,Cancelled,Kochi,Marketplace
151,162,2024-10-07,Shipped,Kochi,Mobile App
152,69,2025-12-15,Cancelled,Indore,Mobile App
153,781,2025-07-20,Delivered,Bengaluru,Mobile App
154,517,2024-11-29,Delivered,Gurugram,Website
155,46,2025-04-18,Delivered,Chennai,Mobile App
156,473,2025-01-25,Delivered,Noida,Website
157,39,2024-01-11,Delivered,Kolkata,Website
158,687,2025-04-20,Delivered,Noida,Mobile App
159,249,2025-12-31,Processing,Nagpur,Mobile App
160,862,2024-06-14,Delivered,Pune,Website
161,302,2024-05-07,Delivered,Indore,Website
162,782,2024-01-12,Delivered,Kolkata,Website
163,222,2024-02-05,Shipped,Indore,Website
164,49,2025-10-12,Pending,Indore,Mobile App
165,919,2024-04-15,Delivered,Kochi,Website
166,5,2024-02-19,Pending,Indore,Website
167,931,2024-09-01,Delivered,Noida,Website
168,15,2024-12-11,Pending,Gurugram,Website
169,982,2024-04-08,Pending,Nagpur,Mobile App
170,46,2025-03-01,Delivered,Hyderabad,Mobile App
171,195,2025-10-01,Delivered,Kolkata,Marketplace
172,124,2024-08-25,Delivered,Indore,Website
173,412,2025-10-31,Delivered,Delhi,Mobile App
174,68,2025-11-04,Pending,Pune,Website
175,69,2024-08-11,Delivered,Gurugram,Marketplace
176,105,2025-12-30,Delivered,Kochi,Mobile App
177,258,2024-04-07,Delivered,Chennai,Website
178,947,2025-12-11,Delivered,Jaipur,Mobile App
179,705,2024-11-21,Processing,Kolkata,Website
180,19,2025-09-15,Shipped,Nashik,Mobile App
181,760,2024-08-26,Delivered,Kochi,Website
182,22,2025-09-23,Cancelled,Gurugram,Website
183,439,2024-09-06,Delivered,Pune,Website
184,304,2024-07-25,Delivered,Hyderabad,Website
185,946,2025-09-04,Processing,Jaipur,Marketplace
186,138,2024-10-11,Delivered,Mumbai,Mobile App
187,425,2025-10-25,Pending,Nashik,Mobile App
188,340,2024-12-16,Delivered,Pune,Marketplace
189,681,2024-09-11,Pending,Nagpur,Website
190,894,2025-01-25,Delivered,Kochi,Mobile App
191,67,2025-05-18,Delivered,Ahmedabad,Mobile App
192,145,2024-07-28,Delivered,Hyderabad,Mobile App
193,815,2024-07-28,Delivered,Ahmedabad,Mobile App
194,319,2024-06-17,Cancelled,Chennai,Website
195,255,2024-11-06,Delivered,Mumbai,Mobile App
196,279,2025-05-07,Delivered,Delhi,Website
197,483,2025-03-27,Delivered,Kochi,Website
198,160,2025-05-08,Delivered,Indore,Marketplace
199,778,2024-11-03,Delivered,Jaipur,Mobile App
200,264,2025-01-24,Delivered,Bengaluru,Website
201,621,2025-05-07,Delivered,Chennai,Mobile App
202,159,2024-07-13,Delivered,Chennai,Mobile App
203,504,2025-02-18,Shipped,Chennai,Website
204,502,2024-11-11,Delivered,Chennai,Website
205,40,2024-05-07,Delivered,Gurugram,Website
206,447,2024-09-18,Pending,Hyderabad,Mobile App
207,501,2025-10-12,Cancelled,Kolkata,Mobile App
208,949,2025-03-10,Cancelled,Ahmedabad,Website
209,833,2025-01-05,Delivered,Nagpur,Mobile App
210,661,2024-05-31,Delivered,Gurugram,Mobile App
211,261,2024-09-10,Delivered,Kochi,Website
212,120,2024-04-04,Delivered,Delhi,Mobile App
213,998,2024-03-23,Delivered,Ahmedabad,Website
214,850,2025-03-13,Delivered,Delhi,Marketplace
215,675,2025-01-26,Delivered,Bengaluru,Mobile App
216,947,2024-04-01,Delivered,Jaipur,Mobile App
217,834,2024-05-26,Delivered,Chennai,Mobile App
218,716,2024-11-11,Delivered,Bengaluru,Mobile App
219,100,2024-03-12,Pending,Ahmedabad,Website
220,296,2025-03-17,Delivered,Pune,Mobile App
221,203,2025-05-13,Delivered,Gurugram,Mobile App
222,218,2024-07-09,Delivered,Nashik,Mobile App
223,197,2024-09-22,Processing,Gurugram,Mobile App
224,640,2024-04-21,Shipped,Kolkata,Website
225,387,2024-05-07,Delivered,Pune,Mobile App
226,490,2025-05-11,Delivered,Delhi,Website
227,770,2024-01-08,Delivered,Mumbai,Website
228,535,2024-01-08,Delivered,Pune,Marketplace
229,273,2025-05-12,Delivered,Mumbai,Website
230,380,2025-11-29,Shipped,Kochi,Website
231,370,2025-11-12,Delivered,Pune,Marketplace
232,895,2024-12-04,Pending,Mumbai,Marketplace
233,412,2024-05-22,Delivered,Delhi,Mobile App
234,974,2025-12-17,Cancelled,Ahmedabad,Mobile App
235,703,2025-11-05,Shipped,Jaipur,Mobile App
236,4,2025-10-15,Processing,Mumbai,Mobile App
237,895,2024-02-16,Processing,Mumbai,Mobile App
238,240,2025-09-13,Delivered,Nashik,Mobile App
239,357,2025-03-14,Processing,Gurugram,Marketplace
240,878,2025-12-17,Shipped,Hyderabad,Website
241,200,2025-12-30,Delivered,Noida,Mobile App
242,878,2025-05-31,Delivered,Hyderabad,Website
243,853,2025-11-20,Processing,Gurugram,Website
244,457,2024-04-28,Delivered,Delhi,Website
245,175,2025-11-06,Cancelled,Chennai,Marketplace
246,30,2024-06-13,Shipped,Noida,Website
247,288,2024-08-13,Cancelled,Kochi,Marketplace
248,687,2024-05-06,Delivered,Jaipur,Mobile App
249,93,2025-12-09,Delivered,Pune,Mobile App
250,947,2025-09-07,Delivered,Jaipur,Marketplace
251,761,2025-01-25,Delivered,Kochi,Website
252,239,2024-08-16,Delivered,Pune,Website
253,349,2025-08-29,Processing,Mumbai,Website
254,377,2024-05-10,Shipped,Ahmedabad,Mobile App
255,319,2024-03-04,Delivered,Chennai,Website
256,434,2024-11-23,Pending,Indore,Mobile App
257,533,2025-11-10,Delivered,Gurugram,Website
258,552,2025-04-16,Delivered,Bengaluru,Mobile App
259,512,2025-11-27,Delivered,Chennai,Website
260,682,2025-12-20,Delivered,Kochi,Mobile App
261,706,2024-05-06,Delivered,Ahmedabad,Mobile App
262,849,2024-08-08,Delivered,Kochi,Website
263,830,2024-12-07,Delivered,Ahmedabad,Mobile App
264,957,2024-08-18,Cancelled,Gurugram,Marketplace
265,184,2025-05-14,Cancelled,Jaipur,Mobile App
266,935,2024-06-12,Processing,Bengaluru,Website
267,695,2025-04-29,Processing,Delhi,Website
268,745,2024-10-16,Delivered,Chennai,Marketplace
269,404,2024-04-09,Delivered,Ahmedabad,Marketplace
270,56,2025-12-27,Delivered,Kochi,Mobile App
271,453,2025-12-13,Delivered,Nashik,Website
272,767,2024-07-19,Cancelled,Noida,Mobile App
273,590,2024-04-14,Delivered,Nagpur,Website
274,438,2025-11-26,Shipped,Pune,Website
275,486,2024-07-02,Processing,Kolkata,Mobile App
276,347,2025-08-30,Delivered,Gurugram,Mobile App
277,251,2024-02-04,Delivered,Bengaluru,Website
278,611,2024-06-25,Delivered,Indore,Mobile App
279,815,2025-11-17,Delivered,Kochi,Mobile App
280,392,2024-10-08,Delivered,Chennai,Website
281,120,2024-03-25,Delivered,Kolkata,Marketplace
282,231,2024-01-24,Delivered,Gurugram,Website
283,764,2024-04-06,Pending,Pune,Mobile App
284,661,2025-12-20,Delivered,Gurugram,Website
285,66,2025-12-31,Shipped,Nagpur,Website
286,718,2024-01-21,Delivered,Kolkata,Mobile App
287,501,2024-03-06,Delivered,Kolkata,Mobile App
288,810,2025-10-29,Delivered,Jaipur,Marketplace
289,186,2025-09-05,Cancelled,Delhi,Website
290,322,2024-05-05,Delivered,Indore,Mobile App
291,90,2025-07-29,Delivered,Pune,Marketplace
292,519,2024-11-01,Delivered,Jaipur,Website
293,968,2025-11-04,Delivered,Delhi,Marketplace
294,532,2024-10-27,Delivered,Ahmedabad,Mobile App
295,712,2024-11-16,Delivered,Hyderabad,Mobile App
296,523,2024-08-02,Cancelled,Jaipur,Website
297,38,2024-07-11,Delivered,Nashik,Marketplace
298,617,2025-07-19,Delivered,Bengaluru,Website
299,638,2025-03-08,Delivered,Delhi,Website
300,926,2024-06-16,Delivered,Bengaluru,Website
301,436,2025-12-12,Delivered,Pune,Mobile App
302,276,2025-10-10,Cancelled,Nagpur,Website
303,674,2025-10-25,Pending,Ahmedabad,Website
304,158,2024-11-19,Processing,Hyderabad,Website
305,619,2024-09-10,Delivered,Delhi,Website
306,562,2025-02-20,Delivered,Mumbai,Website
307,342,2024-10-06,Delivered,Bengaluru,Website
308,387,2024-08-15,Delivered,Pune,Marketplace
309,180,2025-06-23,Cancelled,Nagpur,Mobile App
310,502,2024-04-07,Delivered,Chennai,Marketplace
311,565,2024-10-04,Delivered,Nagpur,Website
312,770,2025-02-02,Delivered,Jaipur,Marketplace
313,545,2025-07-18,Delivered,Gurugram,Mobile App
314,266,2024-01-10,Cancelled,Chennai,Mobile App
315,147,2025-01-22,Delivered,Nashik,Marketplace
316,655,2025-01-14,Cancelled,Nashik,Mobile App
317,724,2025-04-13,Delivered,Kolkata,Mobile App
318,294,2024-10-09,Processing,Gurugram,Mobile App
319,946,2024-08-22,Delivered,Bengaluru,Website
320,321,2024-04-02,Delivered,Chennai,Website
321,96,2024-06-18,Delivered,Delhi,Website
322,952,2025-05-19,Pending,Bengaluru,Marketplace
323,694,2025-06-04,Processing,Nashik,Mobile App
324,702,2025-11-24,Shipped,Chennai,Website
325,632,2024-07-13,Shipped,Hyderabad,Mobile App
326,720,2025-07-01,Cancelled,Pune,Mobile App
327,974,2025-06-24,Cancelled,Ahmedabad,Website
328,173,2025-11-21,Processing,Indore,Website
329,77,2025-01-10,Shipped,Bengaluru,Marketplace
330,433,2025-05-22,Delivered,Pune,Website
331,936,2025-11-26,Delivered,Hyderabad,Mobile App
332,121,2024-10-24,Delivered,Indore,Website
333,756,2025-10-08,Delivered,Gurugram,Website
334,956,2025-10-20,Delivered,Indore,Mobile App
335,633,2025-05-14,Delivered,Ahmedabad,Mobile App
336,306,2024-12-28,Delivered,Pune,Mobile App
337,412,2024-12-29,Delivered,Delhi,Website
338,542,2025-06-10,Shipped,Gurugram,Marketplace
339,8,2024-06-08,Pending,Hyderabad,Mobile App
340,384,2024-11-02,Delivered,Noida,Mobile App
341,112,2025-03-25,Delivered,Kolkata,Website
342,766,2025-03-20,Delivered,Chennai,Website
343,195,2024-10-18,Delivered,Kolkata,Mobile App
344,923,2024-02-02,Delivered,Ahmedabad,Mobile App
345,682,2024-09-29,Delivered,Kochi,Mobile App
346,699,2024-05-10,Delivered,Indore,Website
347,744,2025-02-02,Delivered,Kolkata,Website
348,160,2024-12-18,Delivered,Nashik,Website
349,850,2024-12-16,Delivered,Delhi,Website
350,492,2024-10-23,Delivered,Chennai,Website
351,633,2024-06-05,Cancelled,Ahmedabad,Website
352,118,2024-09-26,Processing,Delhi,Mobile App
353,204,2025-04-30,Cancelled,Chennai,Mobile App
354,626,2024-07-04,Delivered,Jaipur,Mobile App
355,235,2024-05-03,Delivered,Pune,Marketplace
356,952,2024-05-29,Delivered,Bengaluru,Website
357,53,2025-01-24,Delivered,Pune,Mobile App
358,237,2024-08-15,Delivered,Kochi,Mobile App
359,660,2024-02-22,Delivered,Hyderabad,Website
360,360,2025-12-29,Delivered,Bengaluru,Website
361,42,2024-01-01,Delivered,Chennai,Website
362,484,2024-10-13,Shipped,Delhi,Website
363,972,2025-05-18,Delivered,Chennai,Website
364,14,2025-11-30,Delivered,Hyderabad,Website
365,830,2025-01-05,Cancelled,Ahmedabad,Mobile App
366,244,2025-10-27,Delivered,Noida,Website
367,109,2024-05-13,Delivered,Noida,Website
368,992,2025-11-01,Pending,Pune,Website
369,102,2024-03-17,Processing,Mumbai,Website
370,486,2024-07-25,Delivered,Kolkata,Website
371,429,2025-07-17,Cancelled,Kolkata,Marketplace
372,929,2025-07-27,Processing,Gurugram,Mobile App
373,121,2025-03-22,Delivered,Indore,Marketplace
374,516,2024-01-23,Delivered,Hyderabad,Marketplace
375,297,2024-02-16,Processing,Nagpur,Marketplace
376,195,2025-02-11,Delivered,Kolkata,Mobile App
377,77,2024-06-18,Delivered,Bengaluru,Mobile App
378,400,2025-02-14,Delivered,Delhi,Website
379,586,2024-08-11,Delivered,Hyderabad,Marketplace
380,526,2025-04-11,Delivered,Ahmedabad,Website
381,873,2024-08-13,Delivered,Ahmedabad,Website
382,230,2024-02-16,Delivered,Chennai,Mobile App
383,965,2024-10-11,Shipped,Kolkata,Mobile App
384,658,2024-09-11,Processing,Pune,Website
385,665,2024-12-21,Delivered,Hyderabad,Website
386,723,2025-07-16,Delivered,Delhi,Marketplace
387,302,2024-11-28,Processing,Indore,Website
388,365,2024-08-12,Cancelled,Kochi,Website
389,17,2025-07-04,Delivered,Kolkata,Mobile App
390,740,2025-12-05,Delivered,Nagpur,Marketplace
391,650,2025-09-10,Delivered,Nashik,Website
392,209,2025-08-18,Delivered,Delhi,Website
393,238,2025-03-20,Delivered,Pune,Mobile App
394,471,2024-07-08,Pending,Hyderabad,Mobile App
395,966,2024-07-03,Delivered,Mumbai,Website
396,182,2025-02-07,Cancelled,Mumbai,Website
397,437,2024-09-08,Delivered,Gurugram,Website
398,742,2025-06-23,Delivered,Mumbai,Mobile App
399,387,2025-01-28,Delivered,Kolkata,Mobile App
400,958,2024-02-14,Delivered,Bengaluru,Website
401,643,2025-09-06,Delivered,Kolkata,Website
402,754,2024-12-12,Shipped,Mumbai,Website
403,778,2025-07-30,Shipped,Bengaluru,Website
404,159,2024-09-06,Delivered,Chennai,Mobile App
405,127,2024-01-22,Pending,Gurugram,Website
406,524,2025-03-01,Delivered,Mumbai,Website
407,395,2024-05-30,Delivered,Indore,Marketplace
408,701,2025-01-28,Cancelled,Kochi,Marketplace
409,504,2024-06-22,Processing,Bengaluru,Marketplace
410,289,2024-12-31,Delivered,Kolkata,Website
411,947,2024-03-27,Shipped,Jaipur,Website
412,544,2024-12-08,Delivered,Mumbai,Website
413,684,2025-12-04,Delivered,Hyderabad,Marketplace
414,278,2025-05-26,Delivered,Kolkata,Marketplace
415,818,2024-03-19,Pending,Nagpur,Mobile App
416,151,2024-11-23,Delivered,Pune,Mobile App
417,1000,2025-05-04,Pending,Gurugram,Website
418,745,2024-10-12,Delivered,Pune,Website
419,786,2025-01-29,Delivered,Bengaluru,Mobile App
420,997,2025-02-27,Delivered,Ahmedabad,Website
421,967,2025-10-31,Shipped,Gurugram,Mobile App
422,552,2025-06-30,Delivered,Bengaluru,Website
423,86,2025-08-17,Cancelled,Ahmedabad,Mobile App
424,831,2024-08-12,Cancelled,Ahmedabad,Website
425,872,2024-01-18,Delivered,Ahmedabad,Website
426,113,2024-03-02,Shipped,Jaipur,Mobile App
427,798,2024-05-22,Delivered,Chennai,Marketplace
428,996,2025-03-07,Delivered,Mumbai,Mobile App
429,121,2025-12-13,Cancelled,Indore,Website
430,989,2025-03-10,Delivered,Hyderabad,Mobile App
431,76,2025-05-03,Shipped,Mumbai,Website
432,145,2024-03-21,Delivered,Hyderabad,Mobile App
433,427,2024-06-02,Pending,Noida,Website
434,541,2025-12-16,Processing,Noida,Mobile App
435,455,2025-10-22,Cancelled,Gurugram,Website
436,903,2025-10-19,Delivered,Noida,Website
437,406,2025-03-09,Delivered,Noida,Mobile App
438,265,2025-08-08,Delivered,Pune,Website
439,161,2024-10-05,Processing,Kochi,Marketplace
440,129,2024-08-04,Delivered,Nagpur,Website
441,843,2025-07-26,Delivered,Indore,Mobile App
442,489,2024-11-16,Delivered,Ahmedabad,Website
443,56,2025-01-15,Delivered,Kochi,Website
444,80,2025-01-06,Delivered,Mumbai,Website
445,167,2025-07-08,Delivered,Noida,Website
446,932,2024-11-12,Delivered,Chennai,Marketplace
447,247,2024-10-02,Delivered,Gurugram,Website
448,810,2025-05-10,Delivered,Nagpur,Marketplace
449,9,2024-12-31,Cancelled,Noida,Website
450,770,2025-02-04,Cancelled,Chennai,Mobile App
451,340,2025-02-21,Shipped,Pune,Mobile App
452,794,2024-06-02,Delivered,Gurugram,Mobile App
453,873,2024-02-08,Delivered,Ahmedabad,Mobile App
454,907,2025-10-02,Delivered,Nashik,Marketplace
455,827,2025-11-28,Delivered,Nagpur,Marketplace
456,514,2025-06-12,Processing,Delhi,Mobile App
457,788,2024-12-15,Delivered,Hyderabad,Website
458,639,2025-03-17,Delivered,Ahmedabad,Mobile App
459,245,2024-08-01,Processing,Nagpur,Marketplace
460,581,2025-10-04,Processing,Hyderabad,Website
461,785,2024-11-12,Delivered,Kolkata,Marketplace
462,511,2024-04-06,Delivered,Indore,Website
463,70,2024-10-13,Delivered,Nashik,Website
464,728,2025-04-16,Delivered,Jaipur,Website
465,898,2025-03-28,Delivered,Mumbai,Website
466,583,2025-05-14,Delivered,Delhi,Website
467,635,2025-11-27,Delivered,Kochi,Mobile App
468,975,2024-11-17,Delivered,Gurugram,Mobile App
469,270,2025-11-29,Delivered,Mumbai,Mobile App
470,251,2025-12-17,Pending,Bengaluru,Marketplace
471,298,2025-01-19,Delivered,Chennai,Website
472,398,2025-04-18,Delivered,Nagpur,Mobile App
473,548,2025-04-21,Delivered,Indore,Website
474,983,2025-02-10,Pending,Mumbai,Website
475,325,2024-12-16,Processing,Kolkata,Mobile App
476,488,2024-04-27,Delivered,Ahmedabad,Website
477,482,2024-05-29,Delivered,Noida,Website
478,616,2025-01-24,Delivered,Kolkata,Website
479,485,2024-08-06,Delivered,Kolkata,Mobile App
480,277,2024-09-15,Delivered,Ahmedabad,Website
481,415,2024-03-24,Delivered,Pune,Marketplace
482,538,2024-08-07,Delivered,Nagpur,Mobile App
483,95,2025-03-14,Delivered,Nagpur,Website
484,965,2025-03-05,Delivered,Kolkata,Mobile App
485,989,2025-12-14,Delivered,Ahmedabad,Website
486,11,2025-07-28,Pending,Delhi,Website
487,684,2025-08-15,Delivered,Delhi,Marketplace
488,962,2024-11-20,Delivered,Indore,Website
489,886,2024-11-20,Delivered,Delhi,Website
490,740,2024-01-04,Processing,Kochi,Website
491,461,2025-10-16,Processing,Pune,Website
492,193,2025-03-06,Cancelled,Ahmedabad,Website
493,357,2024-08-02,Processing,Ahmedabad,Marketplace
494,380,2025-01-07,Delivered,Noida,Mobile App
495,128,2025-12-17,Delivered,Delhi,Website
496,361,2025-07-09,Delivered,Hyderabad,Website
497,181,2025-04-14,Delivered,Gurugram,Mobile App
498,556,2025-03-22,Delivered,Chennai,Mobile App
499,650,2024-10-17,Cancelled,Indore,Marketplace
500,90,2024-04-16,Delivered,Nashik,Marketplace
501,107,2025-05-23,Cancelled,Nashik,Mobile App
502,649,2025-03-30,Delivered,Jaipur,Website
503,431,2024-08-04,Delivered,Indore,Website
504,201,2025-04-25,Processing,Mumbai,Mobile App
505,476,2025-02-26,Shipped,Hyderabad,Mobile App
506,406,2024-01-08,Processing,Noida,Website
507,901,2025-11-05,Delivered,Kolkata,Marketplace
508,690,2024-09-04,Delivered,Mumbai,Website
509,158,2025-01-18,Shipped,Hyderabad,Mobile App
510,326,2024-12-09,Delivered,Bengaluru,Website
511,570,2025-02-04,Delivered,Pune,Mobile App
512,821,2025-08-14,Delivered,Delhi,Marketplace
513,178,2025-02-16,Shipped,Bengaluru,Website
514,102,2025-12-28,Pending,Mumbai,Mobile App
515,804,2025-02-05,Shipped,Kolkata,Website
516,567,2024-06-11,Processing,Bengaluru,Website
517,448,2024-01-12,Delivered,Ahmedabad,Website
518,725,2025-07-10,Shipped,Bengaluru,Website
519,761,2024-05-13,Processing,Delhi,Mobile App
520,192,2024-09-02,Delivered,Ahmedabad,Website
521,861,2024-09-08,Cancelled,Delhi,Mobile App
522,676,2024-02-22,Delivered,Jaipur,Website
523,594,2024-04-15,Delivered,Pune,Website
524,290,2024-09-25,Shipped,Bengaluru,Mobile App
525,371,2024-07-31,Delivered,Indore,Website
526,76,2025-05-13,Processing,Kolkata,Mobile App
527,385,2024-11-17,Delivered,Indore,Website
528,306,2024-01-11,Shipped,Pune,Mobile App
529,876,2024-02-02,Delivered,Nagpur,Website
530,629,2025-09-06,Delivered,Nagpur,Mobile App
531,949,2024-05-04,Delivered,Ahmedabad,Website
532,525,2024-06-05,Delivered,Gurugram,Marketplace
533,31,2024-12-01,Delivered,Bengaluru,Mobile App
534,130,2024-10-01,Delivered,Nashik,Website
535,726,2025-07-18,Delivered,Jaipur,Mobile App
536,447,2025-06-08,Processing,Bengaluru,Website
537,704,2024-10-14,Processing,Bengaluru,Mobile App
538,602,2024-11-15,Delivered,Pune,Mobile App
539,444,2025-04-01,Delivered,Mumbai,Mobile App
540,638,2024-04-20,Delivered,Delhi,Mobile App
541,383,2025-10-09,Pending,Bengaluru,Marketplace
542,982,2025-06-07,Delivered,Gurugram,Mobile App
543,899,2025-10-22,Processing,Ahmedabad,Website
544,118,2024-07-03,Pending,Delhi,Website
545,252,2024-03-15,Delivered,Delhi,Website
546,322,2024-05-05,Delivered,Indore,Mobile App
547,219,2025-04-21,Delivered,Nagpur,Website
548,68,2025-01-29,Delivered,Pune,Website
549,575,2024-10-11,Cancelled,Kolkata,Marketplace
550,77,2025-08-10,Shipped,Bengaluru,Mobile App
551,326,2024-11-23,Delivered,Bengaluru,Mobile App
552,48,2024-10-08,Delivered,Jaipur,Website
553,335,2025-08-28,Delivered,Pune,Website
554,660,2025-08-12,Processing,Bengaluru,Website
555,991,2025-02-16,Delivered,Kolkata,Mobile App
556,346,2025-10-22,Delivered,Hyderabad,Mobile App
557,426,2024-11-04,Delivered,Delhi,Website
558,794,2024-11-16,Delivered,Kochi,Website
559,466,2025-05-20,Shipped,Pune,Mobile App
560,961,2025-09-24,Delivered,Nagpur,Mobile App
561,143,2024-04-17,Processing,Chennai,Website
562,175,2024-03-31,Delivered,Hyderabad,Mobile App
563,551,2024-01-06,Processing,Bengaluru,Marketplace
564,45,2024-04-23,Delivered,Noida,Website
565,705,2025-09-19,Pending,Kolkata,Mobile App
566,948,2024-05-21,Delivered,Nagpur,Website
567,152,2025-08-21,Shipped,Delhi,Mobile App
568,685,2024-05-05,Delivered,Gurugram,Mobile App
569,502,2024-10-14,Delivered,Chennai,Website
570,271,2024-10-30,Cancelled,Ahmedabad,Mobile App
571,249,2025-11-06,Delivered,Chennai,Website
572,996,2025-05-21,Delivered,Delhi,Website
573,839,2025-01-29,Delivered,Gurugram,Website
574,605,2025-06-24,Delivered,Hyderabad,Marketplace
575,726,2025-04-09,Delivered,Pune,Marketplace
576,225,2025-01-07,Delivered,Ahmedabad,Mobile App
577,208,2025-02-13,Delivered,Pune,Website
578,315,2025-08-14,Delivered,Mumbai,Marketplace
579,763,2024-04-22,Delivered,Nagpur,Website
580,488,2025-11-08,Delivered,Ahmedabad,Website
581,564,2024-03-27,Delivered,Jaipur,Website
582,442,2025-06-04,Delivered,Hyderabad,Website
583,51,2025-10-26,Delivered,Nashik,Website
584,413,2024-06-29,Delivered,Nagpur,Mobile App
585,444,2024-04-21,Cancelled,Mumbai,Marketplace
586,225,2024-04-27,Delivered,Ahmedabad,Website
587,68,2025-06-28,Delivered,Pune,Mobile App
588,734,2025-02-18,Delivered,Kochi,Mobile App
589,901,2025-12-09,Delivered,Gurugram,Mobile App
590,356,2025-10-14,Delivered,Gurugram,Mobile App
591,97,2024-07-08,Delivered,Bengaluru,Mobile App
592,313,2025-12-05,Delivered,Kolkata,Website
593,192,2024-12-06,Shipped,Ahmedabad,Website
594,486,2025-03-14,Delivered,Kolkata,Website
595,79,2024-06-23,Delivered,Ahmedabad,Website
596,486,2025-08-20,Delivered,Gurugram,Website
597,839,2024-01-18,Delivered,Kochi,Website
598,516,2024-06-20,Cancelled,Pune,Website
599,754,2024-12-09,Delivered,Mumbai,Marketplace
600,264,2025-11-10,Delivered,Bengaluru,Website
601,362,2024-11-04,Cancelled,Kolkata,Mobile App
602,886,2025-09-02,Delivered,Nagpur,Mobile App
603,656,2024-01-22,Delivered,Jaipur,Website
604,146,2024-12-31,Delivered,Jaipur,Mobile App
605,997,2025-03-17,Delivered,Ahmedabad,Website
606,978,2025-01-21,Delivered,Indore,Mobile App
607,558,2025-04-05,Processing,Nagpur,Website
608,696,2024-12-23,Shipped,Nagpur,Website
609,283,2024-11-12,Delivered,Nashik,Mobile App
610,855,2025-09-19,Delivered,Ahmedabad,Marketplace
611,812,2024-12-21,Delivered,Gurugram,Marketplace
612,151,2025-04-22,Cancelled,Pune,Website
613,572,2025-11-11,Delivered,Ahmedabad,Website
614,302,2024-01-16,Delivered,Indore,Mobile App
615,127,2024-02-24,Delivered,Gurugram,Website
616,855,2024-01-01,Delivered,Hyderabad,Marketplace
617,805,2025-05-29,Delivered,Nagpur,Marketplace
618,731,2024-10-04,Delivered,Delhi,Website
619,941,2024-03-23,Delivered,Mumbai,Marketplace
620,255,2025-11-25,Delivered,Mumbai,Marketplace
621,101,2024-09-24,Shipped,Noida,Website
622,447,2025-11-26,Shipped,Nagpur,Mobile App
623,205,2024-09-13,Delivered,Jaipur,Website
624,88,2024-10-31,Delivered,Nashik,Mobile App
625,385,2025-03-23,Delivered,Indore,Mobile App
626,516,2025-12-02,Cancelled,Hyderabad,Website
627,431,2025-02-24,Delivered,Mumbai,Marketplace
628,432,2024-03-31,Cancelled,Pune,Website
629,249,2025-08-17,Delivered,Nagpur,Mobile App
630,580,2024-10-27,Delivered,Nagpur,Website
631,7,2025-04-18,Pending,Gurugram,Mobile App
632,87,2024-02-26,Delivered,Pune,Website
633,100,2024-10-24,Delivered,Ahmedabad,Marketplace
634,125,2025-08-21,Delivered,Gurugram,Website
635,210,2025-06-12,Delivered,Pune,Mobile App
636,229,2025-11-22,Delivered,Kolkata,Mobile App
637,737,2024-01-07,Pending,Gurugram,Website
638,69,2024-01-01,Delivered,Noida,Website
639,210,2024-04-16,Delivered,Gurugram,Website
640,949,2024-05-04,Delivered,Ahmedabad,Website
641,241,2025-07-13,Delivered,Chennai,Website
642,674,2025-09-23,Delivered,Ahmedabad,Website
643,146,2025-11-04,Delivered,Jaipur,Mobile App
644,206,2025-05-02,Delivered,Ahmedabad,Website
645,603,2025-05-19,Delivered,Noida,Website
646,820,2024-04-19,Delivered,Nagpur,Website
647,469,2024-05-03,Delivered,Bengaluru,Website
648,661,2025-10-28,Shipped,Gurugram,Website
649,929,2024-12-29,Processing,Delhi,Mobile App
650,284,2024-01-10,Processing,Kochi,Marketplace
651,516,2024-08-03,Delivered,Hyderabad,Website
652,65,2024-06-27,Delivered,Pune,Mobile App
653,348,2025-04-15,Cancelled,Bengaluru,Mobile App
654,675,2024-11-06,Shipped,Bengaluru,Mobile App
655,496,2025-01-20,Processing,Nashik,Website
656,726,2025-06-03,Pending,Jaipur,Website
657,332,2025-08-25,Processing,Pune,Mobile App
658,414,2024-03-10,Delivered,Nagpur,Website
659,682,2024-04-18,Delivered,Kochi,Website
660,238,2024-08-30,Delivered,Chennai,Marketplace
661,774,2025-03-06,Shipped,Nashik,Website
662,39,2024-03-15,Delivered,Kolkata,Mobile App
663,31,2024-06-27,Delivered,Bengaluru,Website
664,653,2025-08-10,Delivered,Delhi,Mobile App
665,696,2024-10-19,Delivered,Nagpur,Website
666,542,2024-07-15,Delivered,Gurugram,Marketplace
667,99,2024-07-27,Delivered,Bengaluru,Website
668,793,2025-02-21,Delivered,Hyderabad,Website
669,748,2025-10-19,Delivered,Kochi,Website
670,848,2025-04-30,Delivered,Nashik,Marketplace
671,874,2024-05-21,Pending,Indore,Mobile App
672,895,2024-03-13,Delivered,Mumbai,Mobile App
673,104,2024-04-30,Delivered,Jaipur,Mobile App
674,24,2024-08-17,Pending,Chennai,Mobile App
675,400,2025-12-21,Delivered,Nagpur,Marketplace
676,77,2025-07-01,Delivered,Indore,Mobile App
677,320,2025-02-12,Delivered,Delhi,Marketplace
678,597,2025-04-27,Processing,Jaipur,Website
679,347,2025-03-07,Delivered,Gurugram,Mobile App
680,143,2024-07-28,Delivered,Hyderabad,Marketplace
681,680,2024-03-04,Delivered,Nagpur,Marketplace
682,927,2025-09-16,Cancelled,Mumbai,Website
683,73,2025-03-02,Delivered,Noida,Website
684,565,2025-05-05,Processing,Delhi,Website
685,37,2025-05-23,Delivered,Kochi,Website
686,311,2024-08-21,Delivered,Gurugram,Mobile App
687,831,2024-07-19,Delivered,Jaipur,Mobile App
688,19,2025-07-19,Delivered,Nashik,Website
689,129,2025-03-16,Cancelled,Nagpur,Website
690,121,2025-09-22,Processing,Indore,Website
691,448,2024-02-29,Delivered,Ahmedabad,Website
692,423,2025-07-03,Delivered,Mumbai,Marketplace
693,256,2024-02-28,Delivered,Indore,Website
694,45,2024-11-17,Delivered,Noida,Website
695,300,2024-05-12,Delivered,Chennai,Website
696,79,2024-03-19,Delivered,Bengaluru,Mobile App
697,753,2024-12-31,Shipped,Gurugram,Mobile App
698,965,2025-01-10,Pending,Kolkata,Mobile App
699,540,2024-09-30,Delivered,Indore,Website
700,355,2025-02-24,Cancelled,Nagpur,Website
701,209,2024-05-20,Shipped,Bengaluru,Website
702,567,2024-08-03,Delivered,Bengaluru,Mobile App
703,37,2024-08-28,Cancelled,Kochi,Mobile App
704,117,2024-01-22,Delivered,Indore,Website
705,394,2024-11-03,Pending,Delhi,Website
706,625,2025-01-28,Delivered,Delhi,Website
707,230,2024-07-29,Delivered,Chennai,Mobile App
708,677,2024-11-08,Delivered,Indore,Website
709,624,2024-12-10,Shipped,Kolkata,Mobile App
710,222,2024-01-29,Delivered,Delhi,Marketplace
711,802,2024-02-28,Pending,Delhi,Marketplace
712,955,2025-11-25,Delivered,Noida,Mobile App
713,587,2025-08-04,Pending,Jaipur,Marketplace
714,479,2024-08-31,Delivered,Indore,Mobile App
715,974,2024-10-07,Delivered,Ahmedabad,Mobile App
716,346,2025-08-07,Delivered,Hyderabad,Website
717,676,2024-09-13,Pending,Ahmedabad,Website
718,315,2025-08-05,Delivered,Kochi,Website
719,474,2024-01-18,Delivered,Ahmedabad,Marketplace
720,492,2025-10-15,Shipped,Chennai,Website
721,962,2024-03-22,Delivered,Bengaluru,Website
722,66,2025-03-27,Delivered,Bengaluru,Website
723,507,2024-05-10,Delivered,Pune,Marketplace
724,672,2024-02-20,Delivered,Jaipur,Website
725,519,2025-03-26,Delivered,Jaipur,Mobile App
726,63,2024-09-22,Processing,Mumbai,Mobile App
727,870,2024-12-27,Delivered,Indore,Website
728,112,2024-03-20,Delivered,Kolkata,Website
729,209,2024-11-29,Delivered,Jaipur,Website
730,658,2025-03-12,Shipped,Pune,Website
731,808,2025-01-03,Delivered,Nashik,Mobile App
732,482,2024-10-28,Delivered,Noida,Website
733,953,2024-06-02,Shipped,Nashik,Mobile App
734,828,2024-11-16,Delivered,Noida,Mobile App
735,730,2024-12-18,Processing,Pune,Mobile App
736,673,2024-06-02,Delivered,Pune,Marketplace
737,982,2024-08-17,Delivered,Jaipur,Mobile App
738,429,2025-07-05,Cancelled,Noida,Mobile App
739,622,2025-04-28,Delivered,Pune,Website
740,200,2025-08-12,Delivered,Noida,Website
741,787,2025-01-05,Delivered,Hyderabad,Marketplace
742,710,2024-09-03,Delivered,Delhi,Website
743,361,2025-07-27,Delivered,Jaipur,Mobile App
744,236,2025-04-04,Pending,Chennai,Mobile App
745,129,2025-07-04,Delivered,Jaipur,Mobile App
746,142,2025-09-12,Delivered,Bengaluru,Website
747,84,2025-02-22,Delivered,Ahmedabad,Mobile App
748,903,2024-07-21,Shipped,Mumbai,Website
749,429,2024-09-26,Pending,Delhi,Mobile App
750,104,2024-05-09,Shipped,Mumbai,Mobile App
751,75,2024-05-15,Delivered,Kochi,Website
752,433,2024-12-28,Delivered,Pune,Website
753,301,2024-05-01,Delivered,Hyderabad,Mobile App
754,632,2024-04-20,Processing,Hyderabad,Mobile App
755,364,2025-04-04,Shipped,Bengaluru,Mobile App
756,447,2024-10-23,Cancelled,Jaipur,Mobile App
757,742,2025-08-26,Shipped,Pune,Website
758,8,2025-08-30,Delivered,Hyderabad,Mobile App
759,329,2025-03-25,Delivered,Bengaluru,Website
760,792,2024-04-09,Delivered,Kolkata,Website
761,531,2025-06-21,Delivered,Delhi,Website
762,394,2024-11-22,Cancelled,Mumbai,Mobile App
763,753,2024-08-03,Delivered,Nagpur,Marketplace
764,322,2024-04-11,Delivered,Indore,Website
765,499,2025-03-25,Delivered,Indore,Marketplace
766,266,2025-09-12,Cancelled,Jaipur,Website
767,99,2024-07-30,Delivered,Bengaluru,Website
768,613,2024-02-10,Processing,Kolkata,Mobile App
769,7,2025-05-15,Shipped,Hyderabad,Website
770,965,2025-08-07,Delivered,Kolkata,Website
771,465,2024-10-29,Shipped,Noida,Marketplace
772,123,2025-03-31,Shipped,Kolkata,Website
773,141,2024-10-12,Cancelled,Jaipur,Website
774,81,2024-08-15,Cancelled,Indore,Mobile App
775,283,2025-04-09,Delivered,Nashik,Mobile App
776,724,2025-12-05,Delivered,Delhi,Website
777,723,2025-06-17,Delivered,Jaipur,Mobile App
778,642,2024-02-06,Processing,Noida,Website
779,601,2025-01-20,Shipped,Nashik,Website
780,482,2024-06-04,Delivered,Noida,Mobile App
781,135,2024-07-22,Delivered,Kochi,Mobile App
782,741,2024-08-07,Delivered,Pune,Mobile App
783,214,2025-12-28,Delivered,Kolkata,Website
784,390,2025-10-08,Delivered,Gurugram,Mobile App
785,673,2024-07-03,Shipped,Indore,Website
786,497,2025-05-16,Pending,Bengaluru,Website
787,493,2024-10-29,Delivered,Noida,Marketplace
788,774,2024-10-21,Delivered,Nashik,Website
789,436,2024-04-28,Delivered,Jaipur,Website
790,714,2025-02-11,Cancelled,Gurugram,Mobile App
791,885,2025-05-15,Delivered,Kochi,Website
792,275,2025-06-03,Delivered,Delhi,Website
793,791,2024-11-26,Delivered,Kolkata,Website
794,453,2025-03-11,Delivered,Bengaluru,Mobile App
795,225,2024-12-13,Delivered,Ahmedabad,Website
796,227,2025-08-09,Shipped,Delhi,Mobile App
797,113,2025-09-20,Delivered,Jaipur,Mobile App
798,974,2024-01-22,Pending,Ahmedabad,Mobile App
799,935,2024-12-27,Pending,Bengaluru,Mobile App
800,532,2024-08-03,Delivered,Ahmedabad,Website
801,549,2025-02-09,Shipped,Jaipur,Mobile App
802,933,2025-01-17,Delivered,Bengaluru,Mobile App
803,963,2024-01-14,Delivered,Delhi,Marketplace
804,105,2025-05-28,Delivered,Pune,Website
805,309,2024-01-25,Delivered,Nashik,Website
806,768,2024-05-06,Pending,Ahmedabad,Website
807,838,2024-10-03,Shipped,Delhi,Mobile App
808,721,2025-03-01,Delivered,Ahmedabad,Mobile App
809,942,2024-06-04,Delivered,Noida,Website
810,852,2025-09-12,Shipped,Delhi,Mobile App
811,24,2024-11-05,Delivered,Chennai,Website
812,672,2025-08-13,Delivered,Jaipur,Website
813,991,2025-02-20,Delivered,Kolkata,Marketplace
814,547,2025-06-02,Delivered,Chennai,Mobile App
815,404,2025-01-16,Pending,Hyderabad,Mobile App
816,592,2024-01-26,Delivered,Chennai,Website
817,577,2024-04-21,Delivered,Chennai,Mobile App
818,1000,2024-03-26,Delivered,Gurugram,Marketplace
819,502,2025-08-30,Delivered,Chennai,Mobile App
820,485,2025-06-19,Cancelled,Ahmedabad,Website
821,786,2025-05-20,Delivered,Bengaluru,Website
822,155,2024-02-07,Delivered,Ahmedabad,Website
823,6,2024-10-01,Cancelled,Kolkata,Mobile App
824,512,2024-11-16,Processing,Chennai,Mobile App
825,495,2025-06-10,Delivered,Hyderabad,Mobile App
826,944,2024-04-17,Delivered,Pune,Website
827,14,2024-06-14,Delivered,Kochi,Website
828,891,2024-04-26,Delivered,Jaipur,Website
829,823,2025-06-21,Delivered,Jaipur,Mobile App
830,409,2024-01-10,Delivered,Noida,Website
831,945,2025-11-23,Delivered,Bengaluru,Marketplace
832,578,2025-10-27,Delivered,Kolkata,Mobile App
833,823,2025-09-20,Processing,Jaipur,Mobile App
834,484,2025-04-18,Delivered,Delhi,Mobile App
835,873,2024-05-18,Delivered,Ahmedabad,Mobile App
836,326,2025-03-02,Delivered,Bengaluru,Marketplace
837,6,2024-11-15,Cancelled,Bengaluru,Website
838,470,2024-12-04,Delivered,Indore,Mobile App
839,69,2024-12-24,Delivered,Hyderabad,Mobile App
840,951,2024-07-16,Delivered,Kochi,Website
841,747,2024-11-09,Delivered,Indore,Website
842,555,2025-10-18,Delivered,Jaipur,Website
843,749,2024-08-09,Delivered,Delhi,Website
844,817,2025-06-18,Delivered,Hyderabad,Mobile App
845,874,2025-08-29,Delivered,Chennai,Marketplace
846,685,2025-04-29,Delivered,Gurugram,Website
847,222,2024-04-03,Shipped,Indore,Website
848,487,2024-01-01,Delivered,Mumbai,Website
849,827,2025-03-26,Delivered,Ahmedabad,Website
850,779,2024-04-30,Delivered,Delhi,Mobile App
851,724,2025-04-30,Delivered,Hyderabad,Mobile App
852,905,2025-09-11,Shipped,Jaipur,Mobile App
853,729,2024-05-26,Shipped,Gurugram,Mobile App
854,808,2024-09-13,Cancelled,Nashik,Website
855,357,2024-07-01,Delivered,Hyderabad,Mobile App
856,687,2024-12-20,Cancelled,Noida,Mobile App
857,943,2024-07-14,Delivered,Jaipur,Mobile App
858,11,2024-07-19,Delivered,Delhi,Website
859,318,2024-12-02,Delivered,Nagpur,Website
860,944,2024-01-14,Delivered,Pune,Website
861,491,2025-02-11,Delivered,Noida,Website
862,641,2024-02-28,Processing,Kochi,Mobile App
863,483,2025-09-14,Delivered,Kochi,Mobile App
864,896,2025-10-25,Cancelled,Mumbai,Website
865,628,2025-12-31,Delivered,Chennai,Marketplace
866,135,2024-03-25,Delivered,Mumbai,Website
867,728,2024-03-04,Delivered,Bengaluru,Marketplace
868,199,2025-11-01,Delivered,Gurugram,Mobile App
869,869,2024-11-20,Shipped,Noida,Marketplace
870,740,2025-01-10,Delivered,Delhi,Website
871,684,2025-11-16,Delivered,Delhi,Mobile App
872,152,2024-09-30,Delivered,Indore,Website
873,204,2025-12-06,Delivered,Ahmedabad,Mobile App
874,858,2024-01-04,Delivered,Jaipur,Website
875,478,2025-08-04,Shipped,Hyderabad,Marketplace
876,91,2024-04-29,Shipped,Mumbai,Website
877,326,2025-08-28,Delivered,Bengaluru,Website
878,11,2024-08-10,Delivered,Delhi,Marketplace
879,966,2024-09-09,Delivered,Mumbai,Marketplace
880,886,2024-07-14,Cancelled,Nagpur,Website
881,389,2025-12-23,Delivered,Bengaluru,Mobile App
882,424,2024-08-19,Shipped,Jaipur,Website
883,303,2024-09-22,Cancelled,Delhi,Mobile App
884,593,2025-01-07,Delivered,Hyderabad,Website
885,647,2025-12-04,Shipped,Gurugram,Mobile App
886,395,2024-06-08,Delivered,Indore,Mobile App
887,356,2025-10-23,Pending,Nashik,Website
888,992,2025-05-30,Delivered,Pune,Website
889,526,2024-08-03,Delivered,Ahmedabad,Website
890,119,2025-06-13,Delivered,Indore,Website
891,601,2024-11-26,Delivered,Nashik,Mobile App
892,35,2024-11-26,Cancelled,Kolkata,Marketplace
893,9,2024-06-11,Delivered,Kochi,Mobile App
894,103,2024-07-10,Shipped,Noida,Mobile App
895,191,2024-01-23,Delivered,Pune,Mobile App
896,712,2025-03-21,Cancelled,Kolkata,Website
897,741,2025-01-17,Delivered,Pune,Website
898,42,2024-08-27,Pending,Noida,Website
899,437,2024-10-02,Processing,Gurugram,Website
900,525,2024-06-19,Shipped,Chennai,Marketplace
901,204,2025-08-04,Cancelled,Ahmedabad,Website
902,983,2024-02-25,Processing,Mumbai,Mobile App
903,821,2024-12-20,Delivered,Chennai,Website
904,152,2024-07-24,Shipped,Indore,Website
905,242,2024-07-27,Delivered,Indore,Website
906,569,2025-01-18,Delivered,Delhi,Website
907,564,2025-12-04,Delivered,Jaipur,Mobile App
908,386,2025-04-19,Cancelled,Pune,Website
909,326,2024-05-16,Delivered,Bengaluru,Website
910,691,2025-03-10,Delivered,Gurugram,Website
911,686,2025-08-23,Delivered,Nagpur,Mobile App
912,378,2025-01-05,Delivered,Ahmedabad,Mobile App
913,408,2024-03-20,Delivered,Hyderabad,Website
914,217,2024-11-05,Delivered,Bengaluru,Mobile App
915,436,2024-06-03,Delivered,Pune,Mobile App
916,36,2024-09-24,Processing,Gurugram,Website
917,699,2025-06-13,Shipped,Bengaluru,Website
918,703,2024-04-13,Delivered,Jaipur,Mobile App
919,165,2024-11-22,Delivered,Nashik,Mobile App
920,12,2025-05-12,Delivered,Ahmedabad,Website
921,56,2024-11-06,Delivered,Kochi,Website
922,827,2025-04-06,Delivered,Chennai,Website
923,548,2025-01-08,Delivered,Indore,Website
924,778,2025-01-27,Shipped,Jaipur,Website
925,971,2025-12-25,Delivered,Hyderabad,Mobile App
926,746,2025-04-10,Delivered,Kolkata,Website
927,889,2025-05-16,Delivered,Gurugram,Mobile App
928,379,2024-09-15,Delivered,Noida,Mobile App
929,25,2025-07-09,Delivered,Nashik,Website
930,458,2024-11-28,Delivered,Nagpur,Website
931,750,2024-02-07,Delivered,Bengaluru,Website
932,548,2024-04-06,Delivered,Indore,Mobile App
933,915,2024-10-08,Delivered,Bengaluru,Mobile App
934,941,2025-06-20,Delivered,Mumbai,Website
935,40,2024-05-30,Delivered,Gurugram,Mobile App
936,104,2025-01-26,Delivered,Jaipur,Website
937,653,2024-11-05,Delivered,Delhi,Marketplace
938,264,2025-10-30,Cancelled,Bengaluru,Marketplace
939,989,2024-04-29,Pending,Hyderabad,Marketplace
940,631,2025-06-10,Delivered,Chennai,Mobile App
941,384,2025-08-10,Delivered,Delhi,Website
942,706,2024-07-09,Delivered,Chennai,Mobile App
943,932,2024-07-04,Delivered,Chennai,Website
944,20,2025-02-28,Delivered,Mumbai,Mobile App
945,810,2025-10-12,Delivered,Nagpur,Website
946,333,2024-08-14,Delivered,Gurugram,Mobile App
947,847,2025-04-16,Delivered,Noida,Website
948,399,2025-05-02,Shipped,Noida,Website
949,355,2025-03-31,Delivered,Gurugram,Website
950,715,2024-06-23,Delivered,Delhi,Website
951,873,2025-08-08,Processing,Ahmedabad,Mobile App
952,354,2024-03-26,Delivered,Hyderabad,Website
953,769,2024-11-18,Delivered,Hyderabad,Website
954,599,2024-06-19,Delivered,Noida,Website
955,784,2024-01-24,Cancelled,Hyderabad,Mobile App
956,241,2025-01-19,Shipped,Chennai,Mobile App
957,871,2024-05-06,Delivered,Noida,Marketplace
958,585,2024-10-23,Delivered,Nashik,Mobile App
959,753,2025-02-14,Delivered,Nagpur,Website
960,923,2025-09-05,Delivered,Jaipur,Website
961,906,2025-12-04,Processing,Hyderabad,Mobile App
962,546,2025-02-05,Delivered,Delhi,Mobile App
963,294,2025-04-05,Delivered,Delhi,Website
964,546,2024-12-08,Pending,Delhi,Mobile App
965,101,2025-01-27,Delivered,Noida,Website
966,194,2025-10-13,Delivered,Nashik,Mobile App
967,516,2024-03-23,Delivered,Hyderabad,Marketplace
968,333,2025-09-16,Delivered,Gurugram,Mobile App
969,94,2025-01-14,Delivered,Nashik,Mobile App
970,399,2025-07-19,Delivered,Noida,Marketplace
971,469,2025-01-12,Cancelled,Bengaluru,Mobile App
972,730,2024-07-23,Delivered,Pune,Marketplace
973,212,2025-08-14,Delivered,Mumbai,Mobile App
974,248,2024-06-30,Processing,Indore,Website
975,619,2024-12-05,Shipped,Nashik,Mobile App
976,986,2024-03-12,Delivered,Jaipur,Mobile App
977,888,2025-06-16,Processing,Pune,Mobile App
978,981,2024-09-23,Shipped,Gurugram,Mobile App
979,622,2025-10-24,Processing,Pune,Website
980,848,2024-03-02,Delivered,Nashik,Mobile App
981,788,2024-02-10,Delivered,Hyderabad,Mobile App
982,666,2025-03-26,Delivered,Nagpur,Website
983,269,2025-08-16,Cancelled,Delhi,Website
984,423,2025-11-03,Delivered,Kolkata,Mobile App
985,271,2024-04-09,Delivered,Ahmedabad,Mobile App
986,727,2025-05-18,Cancelled,Hyderabad,Website
987,456,2024-12-04,Pending,Gurugram,Mobile App
988,609,2024-02-06,Pending,Mumbai,Website
989,227,2025-01-14,Delivered,Delhi,Website
990,734,2024-06-11,Delivered,Kochi,Mobile App
991,690,2024-10-28,Delivered,Nagpur,Website
992,300,2025-01-28,Delivered,Chennai,Marketplace
993,598,2024-11-06,Delivered,Pune,Website
994,521,2025-06-13,Delivered,Nagpur,Website
995,353,2025-10-21,Delivered,Hyderabad,Mobile App
996,388,2025-05-11,Delivered,Gurugram,Website
997,919,2025-01-23,Delivered,Hyderabad,Website
998,212,2024-08-17,Delivered,Mumbai,Mobile App
999,123,2025-10-27,Delivered,Kolkata,Mobile App
1000,654,2024-01-13,Shipped,Kolkata,Mobile App
1001,920,2024-08-21,Cancelled,Indore,Website
1002,642,2024-04-11,Processing,Noida,Website
1003,985,2025-07-01,Shipped,Ahmedabad,Website
1004,818,2024-02-27,Delivered,Mumbai,Website
1005,817,2024-07-06,Cancelled,Mumbai,Website
1006,707,2025-04-12,Delivered,Bengaluru,Mobile App
1007,94,2024-07-13,Cancelled,Indore,Marketplace
1008,536,2024-11-06,Delivered,Pune,Mobile App
1009,596,2025-05-03,Delivered,Chennai,Mobile App
1010,327,2025-10-11,Delivered,Mumbai,Website
1011,488,2024-07-21,Delivered,Ahmedabad,Mobile App
1012,308,2025-08-05,Delivered,Delhi,Marketplace
1013,738,2025-03-29,Pending,Mumbai,Mobile App
1014,630,2025-04-12,Processing,Bengaluru,Website
1015,278,2025-05-19,Delivered,Nashik,Mobile App
1016,291,2025-10-22,Delivered,Nashik,Website
1017,695,2025-07-28,Delivered,Kochi,Website
1018,775,2024-07-05,Delivered,Nagpur,Marketplace
1019,482,2025-05-22,Delivered,Noida,Website
1020,312,2024-04-06,Shipped,Noida,Mobile App
1021,552,2024-07-06,Delivered,Bengaluru,Website
1022,315,2025-05-28,Delivered,Gurugram,Website
1023,308,2025-09-16,Delivered,Delhi,Website
1024,197,2025-02-09,Pending,Ahmedabad,Mobile App
1025,334,2025-06-12,Processing,Ahmedabad,Mobile App
1026,799,2024-10-02,Delivered,Delhi,Marketplace
1027,855,2024-11-06,Delivered,Hyderabad,Mobile App
1028,850,2024-11-18,Delivered,Delhi,Website
1029,428,2024-01-06,Pending,Nashik,Marketplace
1030,363,2025-10-23,Pending,Kolkata,Website
1031,839,2025-12-22,Delivered,Gurugram,Website
1032,853,2025-01-17,Delivered,Bengaluru,Website
1033,572,2025-07-27,Cancelled,Ahmedabad,Mobile App
1034,877,2024-10-07,Delivered,Jaipur,Website
1035,492,2025-08-30,Delivered,Mumbai,Mobile App
1036,400,2025-12-05,Processing,Delhi,Website
1037,622,2025-08-23,Delivered,Pune,Mobile App
1038,283,2025-07-04,Delivered,Pune,Mobile App
1039,902,2024-03-16,Delivered,Delhi,Mobile App
1040,895,2024-06-03,Delivered,Mumbai,Mobile App
1041,449,2024-09-08,Delivered,Ahmedabad,Mobile App
1042,571,2025-06-27,Pending,Chennai,Website
1043,789,2024-03-10,Shipped,Bengaluru,Mobile App
1044,981,2025-01-04,Shipped,Gurugram,Marketplace
1045,189,2024-11-24,Delivered,Ahmedabad,Website
1046,694,2025-12-21,Delivered,Nashik,Marketplace
1047,144,2024-05-02,Delivered,Pune,Mobile App
1048,818,2024-02-19,Shipped,Mumbai,Marketplace
1049,383,2024-01-17,Delivered,Noida,Marketplace
1050,335,2025-07-05,Delivered,Pune,Mobile App
1051,753,2024-03-18,Delivered,Kolkata,Website
1052,163,2025-06-09,Shipped,Gurugram,Marketplace
1053,625,2025-10-27,Processing,Kolkata,Mobile App
1054,838,2024-10-10,Delivered,Chennai,Website
1055,339,2024-03-15,Delivered,Bengaluru,Mobile App
1056,800,2025-12-10,Cancelled,Indore,Website
1057,589,2024-10-27,Delivered,Mumbai,Website
1058,331,2025-03-13,Delivered,Ahmedabad,Mobile App
1059,335,2025-06-29,Delivered,Pune,Mobile App
1060,589,2024-12-29,Shipped,Indore,Mobile App
1061,194,2024-05-31,Delivered,Nashik,Website
1062,617,2024-02-10,Pending,Bengaluru,Marketplace
1063,336,2024-11-18,Shipped,Ahmedabad,Website
1064,168,2025-03-10,Processing,Gurugram,Marketplace
1065,791,2024-12-29,Delivered,Gurugram,Website
1066,971,2025-01-19,Delivered,Kochi,Mobile App
1067,390,2024-02-20,Delivered,Gurugram,Website
1068,390,2025-08-27,Pending,Gurugram,Website
1069,936,2025-08-15,Cancelled,Hyderabad,Mobile App
1070,124,2025-05-15,Cancelled,Indore,Marketplace
1071,426,2024-07-14,Delivered,Hyderabad,Mobile App
1072,490,2024-09-18,Delivered,Mumbai,Website
1073,823,2025-03-06,Delivered,Hyderabad,Website
1074,318,2024-03-07,Delivered,Bengaluru,Website
1075,719,2024-03-27,Delivered,Indore,Mobile App
1076,975,2024-10-08,Cancelled,Mumbai,Website
1077,255,2024-06-30,Delivered,Mumbai,Website
1078,712,2025-04-26,Pending,Kolkata,Mobile App
1079,888,2025-11-07,Delivered,Nashik,Mobile App
1080,430,2024-06-25,Delivered,Chennai,Website
1081,829,2025-11-15,Delivered,Pune,Mobile App
1082,31,2025-05-24,Delivered,Bengaluru,Website
1083,862,2024-09-28,Delivered,Pune,Website
1084,30,2025-04-26,Delivered,Indore,Website
1085,553,2025-01-21,Pending,Delhi,Website
1086,103,2024-01-16,Delivered,Noida,Website
1087,68,2024-04-25,Processing,Pune,Website
1088,920,2025-07-03,Delivered,Kolkata,Mobile App
1089,319,2025-05-02,Delivered,Nagpur,Website
1090,553,2025-01-09,Processing,Delhi,Website
1091,505,2025-08-07,Delivered,Ahmedabad,Website
1092,965,2024-05-26,Delivered,Kolkata,Website
1093,414,2024-10-16,Shipped,Kolkata,Website
1094,190,2025-11-06,Delivered,Bengaluru,Mobile App
1095,605,2025-06-16,Delivered,Bengaluru,Mobile App
1096,135,2024-12-01,Delivered,Kochi,Mobile App
1097,958,2024-02-05,Cancelled,Jaipur,Website
1098,203,2024-07-05,Delivered,Ahmedabad,Mobile App
1099,244,2024-06-14,Delivered,Noida,Mobile App
1100,879,2024-12-18,Delivered,Ahmedabad,Website
1101,220,2025-04-09,Delivered,Bengaluru,Website
1102,287,2025-11-02,Pending,Hyderabad,Marketplace
1103,191,2024-09-18,Delivered,Kolkata,Mobile App
1104,680,2024-04-08,Delivered,Nagpur,Mobile App
1105,65,2025-01-09,Delivered,Pune,Mobile App
1106,97,2024-08-20,Processing,Pune,Mobile App
1107,303,2024-05-09,Shipped,Delhi,Website
1108,963,2024-03-25,Processing,Nagpur,Website
1109,964,2025-06-07,Delivered,Nashik,Mobile App
1110,204,2024-12-28,Delivered,Ahmedabad,Marketplace
1111,538,2024-02-18,Pending,Nagpur,Website
1112,970,2025-06-27,Delivered,Delhi,Mobile App
1113,651,2025-10-11,Shipped,Jaipur,Marketplace
1114,734,2024-06-04,Delivered,Delhi,Marketplace
1115,286,2024-02-20,Processing,Bengaluru,Website
1116,535,2025-03-07,Shipped,Pune,Website
1117,961,2024-11-03,Delivered,Nagpur,Mobile App
1118,320,2024-08-01,Shipped,Delhi,Marketplace
1119,61,2025-02-24,Delivered,Chennai,Website
1120,996,2024-09-05,Delivered,Delhi,Website
1121,606,2024-07-17,Delivered,Indore,Website
1122,972,2024-10-09,Delivered,Chennai,Mobile App
1123,600,2025-11-19,Delivered,Delhi,Mobile App
1124,779,2024-12-01,Delivered,Delhi,Website
1125,106,2025-10-05,Delivered,Hyderabad,Website
1126,842,2024-05-07,Delivered,Indore,Website
1127,902,2024-12-15,Shipped,Mumbai,Website
1128,913,2024-09-18,Delivered,Bengaluru,Mobile App
1129,898,2025-12-27,Cancelled,Kolkata,Website
1130,536,2024-04-15,Delivered,Pune,Marketplace
1131,886,2025-01-06,Delivered,Gurugram,Mobile App
1132,987,2025-03-18,Delivered,Kochi,Marketplace
1133,287,2024-10-09,Shipped,Noida,Website
1134,683,2024-09-14,Processing,Kochi,Website
1135,826,2025-05-12,Delivered,Chennai,Mobile App
1136,682,2024-09-29,Delivered,Chennai,Mobile App
1137,622,2025-08-02,Delivered,Pune,Marketplace
1138,392,2024-02-13,Delivered,Chennai,Mobile App
1139,977,2024-04-10,Delivered,Jaipur,Mobile App
1140,370,2025-08-17,Delivered,Delhi,Mobile App
1141,736,2024-02-10,Delivered,Kochi,Mobile App
1142,885,2025-06-19,Delivered,Kochi,Mobile App
1143,763,2025-03-18,Delivered,Indore,Mobile App
1144,25,2025-10-07,Processing,Nashik,Marketplace
1145,822,2024-01-30,Cancelled,Bengaluru,Website
1146,700,2024-12-18,Delivered,Bengaluru,Website
1147,49,2024-11-28,Delivered,Bengaluru,Mobile App
1148,165,2024-08-02,Delivered,Jaipur,Website
1149,411,2024-12-22,Pending,Hyderabad,Mobile App
1150,92,2024-12-07,Delivered,Delhi,Mobile App
1151,990,2024-08-21,Delivered,Nashik,Marketplace
1152,93,2025-10-16,Delivered,Pune,Mobile App
1153,775,2025-01-26,Delivered,Gurugram,Website
1154,826,2025-03-24,Shipped,Nagpur,Website
1155,115,2024-07-13,Delivered,Chennai,Mobile App
1156,304,2025-07-27,Delivered,Hyderabad,Mobile App
1157,204,2024-04-05,Delivered,Ahmedabad,Marketplace
1158,415,2024-09-26,Delivered,Pune,Website
1159,137,2025-01-29,Delivered,Kochi,Marketplace
1160,818,2024-10-27,Delivered,Hyderabad,Marketplace
1161,454,2024-02-11,Delivered,Indore,Marketplace
1162,27,2025-05-21,Delivered,Jaipur,Website
1163,897,2024-08-19,Delivered,Nagpur,Website
1164,250,2024-01-22,Shipped,Bengaluru,Website
1165,570,2025-07-18,Processing,Pune,Website
1166,532,2025-08-17,Delivered,Ahmedabad,Marketplace
1167,397,2024-09-24,Cancelled,Kolkata,Mobile App
1168,442,2025-01-14,Delivered,Nashik,Website
1169,366,2024-03-19,Processing,Chennai,Marketplace
1170,720,2024-09-09,Pending,Pune,Website
1171,940,2025-06-03,Cancelled,Nagpur,Website
1172,847,2025-09-10,Delivered,Noida,Mobile App
1173,1000,2025-07-21,Pending,Gurugram,Website
1174,857,2024-02-24,Delivered,Bengaluru,Mobile App
1175,67,2024-06-24,Delivered,Ahmedabad,Mobile App
1176,918,2024-12-21,Delivered,Ahmedabad,Website
1177,363,2024-03-07,Processing,Delhi,Website
1178,919,2024-01-29,Cancelled,Kochi,Mobile App
1179,966,2024-05-16,Processing,Mumbai,Mobile App
1180,552,2025-12-14,Delivered,Bengaluru,Mobile App
1181,897,2025-06-04,Processing,Jaipur,Mobile App
1182,698,2025-08-23,Delivered,Nagpur,Mobile App
1183,730,2025-01-01,Delivered,Pune,Mobile App
1184,543,2025-02-27,Cancelled,Kochi,Website
1185,616,2024-07-02,Shipped,Ahmedabad,Marketplace
1186,747,2024-05-02,Delivered,Jaipur,Website
1187,718,2025-12-02,Delivered,Jaipur,Mobile App
1188,142,2024-12-17,Delivered,Bengaluru,Website
1189,441,2024-09-15,Delivered,Hyderabad,Website
1190,233,2024-12-25,Processing,Gurugram,Website
1191,770,2024-04-06,Delivered,Noida,Mobile App
1192,571,2024-03-01,Cancelled,Chennai,Website
1193,542,2024-01-13,Delivered,Gurugram,Website
1194,927,2025-08-04,Delivered,Nagpur,Website
1195,636,2025-05-25,Delivered,Kochi,Website
1196,894,2025-11-30,Shipped,Kochi,Mobile App
1197,913,2025-03-27,Cancelled,Nagpur,Mobile App
1198,834,2025-03-31,Delivered,Chennai,Mobile App
1199,982,2024-05-03,Pending,Gurugram,Website
1200,358,2025-11-30,Delivered,Jaipur,Marketplace
1201,510,2024-07-16,Delivered,Indore,Website
1202,466,2025-11-05,Delivered,Pune,Website
1203,120,2025-11-15,Delivered,Kolkata,Website
1204,246,2025-05-17,Delivered,Ahmedabad,Website
1205,939,2025-05-06,Pending,Chennai,Mobile App
1206,606,2024-04-11,Shipped,Indore,Mobile App
1207,934,2025-06-23,Delivered,Bengaluru,Mobile App
1208,776,2025-07-13,Delivered,Indore,Website
1209,782,2024-07-21,Delivered,Kolkata,Website
1210,387,2024-03-25,Delivered,Pune,Website
1211,496,2025-09-16,Delivered,Nashik,Mobile App
1212,295,2025-12-01,Cancelled,Delhi,Website
1213,970,2024-04-01,Delivered,Delhi,Marketplace
1214,556,2024-06-26,Delivered,Pune,Mobile App
1215,49,2024-11-06,Delivered,Indore,Mobile App
1216,844,2025-12-01,Shipped,Indore,Mobile App
1217,183,2025-06-04,Delivered,Pune,Marketplace
1218,102,2025-04-13,Processing,Chennai,Website
1219,732,2024-07-27,Delivered,Jaipur,Mobile App
1220,47,2025-01-25,Delivered,Kochi,Marketplace
1221,5,2024-09-03,Delivered,Hyderabad,Marketplace
1222,400,2024-08-21,Delivered,Mumbai,Website
1223,614,2024-09-09,Delivered,Noida,Marketplace
1224,697,2025-08-07,Cancelled,Bengaluru,Website
1225,900,2025-10-31,Cancelled,Bengaluru,Mobile App
1226,426,2025-02-27,Delivered,Nashik,Mobile App
1227,500,2024-09-16,Delivered,Noida,Website
1228,713,2025-04-04,Delivered,Kochi,Website
1229,118,2024-04-28,Delivered,Pune,Website
1230,336,2024-06-20,Processing,Ahmedabad,Mobile App
1231,953,2025-12-12,Delivered,Nashik,Website
1232,584,2024-09-24,Delivered,Nashik,Mobile App
1233,906,2024-07-25,Processing,Bengaluru,Mobile App
1234,131,2025-06-14,Processing,Gurugram,Website
1235,235,2024-02-08,Shipped,Pune,Mobile App
1236,826,2024-03-10,Delivered,Chennai,Website
1237,147,2025-03-28,Delivered,Nashik,Marketplace
1238,786,2024-07-12,Pending,Bengaluru,Website
1239,15,2024-06-05,Delivered,Indore,Website
1240,474,2024-07-24,Shipped,Ahmedabad,Website
1241,970,2024-10-25,Delivered,Delhi,Mobile App
1242,344,2025-11-04,Cancelled,Kolkata,Website
1243,864,2024-09-08,Delivered,Ahmedabad,Website
1244,561,2024-11-21,Delivered,Jaipur,Website
1245,548,2024-01-18,Delivered,Indore,Marketplace
1246,380,2024-02-09,Delivered,Kolkata,Website
1247,391,2024-01-04,Delivered,Kolkata,Mobile App
1248,878,2024-08-17,Pending,Hyderabad,Mobile App
1249,21,2025-10-26,Pending,Indore,Mobile App
1250,396,2024-10-16,Cancelled,Noida,Marketplace
1251,244,2025-11-30,Delivered,Noida,Marketplace
1252,652,2025-04-10,Delivered,Gurugram,Mobile App
1253,369,2024-08-17,Delivered,Nagpur,Website
1254,991,2025-02-01,Processing,Hyderabad,Mobile App
1255,443,2024-11-03,Delivered,Nagpur,Mobile App
1256,555,2024-08-20,Processing,Jaipur,Mobile App
1257,214,2025-02-19,Delivered,Kolkata,Mobile App
1258,455,2025-02-01,Delivered,Gurugram,Mobile App
1259,137,2025-06-26,Delivered,Gurugram,Website
1260,200,2025-11-06,Pending,Noida,Mobile App
1261,884,2025-02-22,Delivered,Nashik,Website
1262,482,2024-04-21,Delivered,Noida,Marketplace
1263,979,2025-09-30,Delivered,Hyderabad,Website
1264,912,2024-06-09,Delivered,Delhi,Website
1265,454,2024-01-25,Cancelled,Indore,Mobile App
1266,280,2025-11-27,Delivered,Delhi,Website
1267,801,2024-07-21,Delivered,Ahmedabad,Website
1268,757,2024-05-13,Pending,Kochi,Mobile App
1269,782,2025-09-19,Delivered,Kolkata,Website
1270,100,2024-03-07,Delivered,Ahmedabad,Marketplace
1271,55,2024-12-05,Shipped,Nagpur,Marketplace
1272,208,2024-06-03,Processing,Pune,Website
1273,639,2024-11-19,Delivered,Gurugram,Website
1274,180,2024-10-23,Delivered,Nagpur,Marketplace
1275,156,2024-06-16,Delivered,Hyderabad,Mobile App
1276,163,2025-07-29,Delivered,Gurugram,Marketplace
1277,707,2024-09-12,Processing,Mumbai,Website
1278,456,2024-04-09,Cancelled,Gurugram,Website
1279,389,2025-05-03,Delivered,Bengaluru,Mobile App
1280,838,2025-01-06,Processing,Delhi,Website
1281,916,2024-01-21,Processing,Ahmedabad,Website
1282,348,2024-03-28,Shipped,Hyderabad,Website
1283,308,2025-11-24,Delivered,Delhi,Marketplace
1284,810,2025-11-15,Delivered,Nagpur,Website
1285,812,2024-03-26,Delivered,Gurugram,Website
1286,913,2025-08-27,Delivered,Bengaluru,Marketplace
1287,197,2025-06-09,Delivered,Pune,Marketplace
1288,502,2024-11-22,Shipped,Chennai,Website
1289,314,2024-09-26,Delivered,Kochi,Website
1290,768,2025-11-03,Delivered,Ahmedabad,Mobile App
1291,134,2025-10-01,Delivered,Hyderabad,Website
1292,205,2025-04-26,Delivered,Jaipur,Mobile App
1293,714,2025-01-19,Delivered,Kochi,Marketplace
1294,435,2025-02-20,Cancelled,Chennai,Website
1295,268,2025-07-19,Delivered,Gurugram,Website
1296,461,2025-11-18,Delivered,Pune,Website
1297,522,2024-04-26,Delivered,Kochi,Mobile App
1298,249,2024-03-17,Delivered,Nagpur,Mobile App
1299,243,2024-03-30,Shipped,Bengaluru,Website
1300,827,2024-12-15,Shipped,Ahmedabad,Website
1301,642,2025-04-16,Delivered,Noida,Mobile App
1302,628,2024-05-04,Delivered,Chennai,Marketplace
1303,949,2024-03-24,Delivered,Ahmedabad,Website
1304,444,2025-12-03,Delivered,Mumbai,Website
1305,329,2025-10-02,Delivered,Bengaluru,Website
1306,508,2025-09-11,Cancelled,Kolkata,Mobile App
1307,607,2024-03-03,Delivered,Chennai,Website
1308,998,2024-07-21,Delivered,Ahmedabad,Marketplace
1309,717,2024-05-06,Cancelled,Hyderabad,Website
1310,330,2024-08-21,Delivered,Delhi,Mobile App
1311,616,2025-02-26,Delivered,Ahmedabad,Website
1312,845,2024-12-19,Cancelled,Jaipur,Mobile App
1313,992,2025-11-30,Delivered,Pune,Website
1314,506,2024-12-18,Shipped,Indore,Mobile App
1315,441,2024-03-22,Delivered,Gurugram,Website
1316,763,2025-11-21,Delivered,Indore,Marketplace
1317,371,2025-12-15,Cancelled,Indore,Website
1318,269,2024-11-22,Delivered,Delhi,Mobile App
1319,512,2024-11-03,Pending,Chennai,Marketplace
1320,195,2024-08-21,Delivered,Kolkata,Website
1321,477,2025-04-17,Delivered,Delhi,Mobile App
1322,921,2025-04-20,Delivered,Delhi,Mobile App
1323,430,2024-01-26,Shipped,Delhi,Marketplace
1324,648,2024-06-01,Delivered,Indore,Mobile App
1325,678,2024-06-25,Delivered,Nashik,Website
1326,401,2025-04-28,Delivered,Hyderabad,Website
1327,402,2024-06-11,Delivered,Noida,Website
1328,195,2025-05-13,Delivered,Kolkata,Website
1329,873,2024-06-12,Delivered,Ahmedabad,Website
1330,109,2024-03-09,Processing,Noida,Mobile App
1331,145,2024-08-28,Delivered,Hyderabad,Website
1332,503,2024-01-14,Processing,Chennai,Website
1333,319,2025-12-01,Delivered,Chennai,Mobile App
1334,543,2024-10-15,Delivered,Kochi,Mobile App
1335,132,2025-01-13,Delivered,Delhi,Website
1336,379,2025-03-03,Delivered,Chennai,Website
1337,893,2024-11-16,Delivered,Gurugram,Mobile App
1338,569,2024-12-14,Delivered,Delhi,Website
1339,131,2024-11-25,Pending,Gurugram,Marketplace
1340,726,2025-08-30,Delivered,Nashik,Mobile App
1341,482,2024-01-20,Delivered,Delhi,Mobile App
1342,639,2024-11-25,Delivered,Ahmedabad,Mobile App
1343,913,2024-09-29,Delivered,Bengaluru,Website
1344,789,2024-10-09,Cancelled,Bengaluru,Mobile App
1345,486,2024-09-09,Delivered,Kolkata,Website
1346,636,2025-05-09,Delivered,Hyderabad,Mobile App
1347,322,2025-09-11,Shipped,Indore,Mobile App
1348,193,2025-09-03,Delivered,Chennai,Website
1349,907,2024-07-18,Delivered,Nashik,Website
1350,386,2025-03-09,Cancelled,Bengaluru,Website
1351,148,2024-10-30,Delivered,Gurugram,Mobile App
1352,81,2025-01-12,Delivered,Nagpur,Website
1353,392,2025-07-22,Delivered,Chennai,Website
1354,960,2024-10-07,Delivered,Kolkata,Mobile App
1355,292,2024-06-15,Delivered,Noida,Website
1356,54,2024-11-30,Delivered,Pune,Website
1357,738,2025-01-19,Delivered,Mumbai,Mobile App
1358,406,2024-07-01,Delivered,Mumbai,Mobile App
1359,332,2025-08-02,Cancelled,Pune,Mobile App
1360,741,2025-12-31,Delivered,Pune,Website
1361,156,2024-04-14,Delivered,Nashik,Website
1362,369,2024-12-31,Delivered,Nagpur,Mobile App
1363,505,2025-02-14,Delivered,Ahmedabad,Mobile App
1364,406,2025-12-12,Delivered,Kochi,Website
1365,163,2024-04-28,Pending,Nashik,Website
1366,661,2025-11-30,Delivered,Gurugram,Mobile App
1367,231,2025-05-05,Delivered,Jaipur,Website
1368,157,2024-05-20,Delivered,Kochi,Mobile App
1369,687,2025-02-09,Delivered,Gurugram,Website
1370,732,2025-12-14,Delivered,Jaipur,Website
1371,37,2024-08-01,Delivered,Kochi,Website
1372,83,2025-08-18,Shipped,Jaipur,Mobile App
1373,407,2024-08-05,Delivered,Nashik,Mobile App
1374,638,2024-10-15,Delivered,Delhi,Website
1375,855,2024-07-25,Cancelled,Hyderabad,Website
1376,920,2024-09-23,Delivered,Indore,Mobile App
1377,457,2025-09-09,Processing,Delhi,Mobile App
1378,210,2024-07-08,Delivered,Pune,Website
1379,956,2024-07-29,Delivered,Pune,Mobile App
1380,853,2025-12-07,Delivered,Kochi,Website
1381,475,2024-02-25,Delivered,Delhi,Marketplace
1382,864,2024-09-15,Delivered,Ahmedabad,Website
1383,850,2024-07-04,Shipped,Delhi,Marketplace
1384,398,2024-12-01,Delivered,Nagpur,Mobile App
1385,943,2025-05-18,Delivered,Jaipur,Mobile App
1386,684,2024-09-11,Delivered,Delhi,Website
1387,32,2025-09-26,Delivered,Chennai,Website
1388,1,2024-11-06,Delivered,Jaipur,Marketplace
1389,100,2024-02-24,Delivered,Ahmedabad,Marketplace
1390,760,2025-01-16,Delivered,Kochi,Website
1391,789,2024-02-05,Shipped,Bengaluru,Website
1392,953,2024-07-28,Delivered,Nashik,Marketplace
1393,812,2024-02-01,Shipped,Nagpur,Website
1394,89,2024-08-28,Delivered,Chennai,Mobile App
1395,277,2024-01-24,Cancelled,Ahmedabad,Mobile App
1396,157,2024-08-08,Delivered,Kochi,Website
1397,510,2025-03-18,Shipped,Nashik,Marketplace
1398,591,2024-02-15,Delivered,Indore,Website
1399,289,2025-05-05,Delivered,Kolkata,Mobile App
1400,987,2024-07-11,Delivered,Kochi,Website
1401,666,2024-02-15,Shipped,Delhi,Mobile App
1402,720,2025-05-15,Pending,Pune,Mobile App
1403,294,2025-01-07,Delivered,Gurugram,Mobile App
1404,558,2024-06-16,Delivered,Chennai,Mobile App
1405,150,2024-11-24,Cancelled,Chennai,Website
1406,412,2025-01-16,Delivered,Delhi,Website
1407,834,2025-11-19,Cancelled,Chennai,Mobile App
1408,369,2025-03-18,Delivered,Nagpur,Website
1409,947,2025-01-02,Delivered,Jaipur,Mobile App
1410,697,2024-06-17,Shipped,Ahmedabad,Marketplace
1411,641,2024-05-28,Delivered,Nashik,Mobile App
1412,164,2025-08-10,Delivered,Nashik,Mobile App
1413,406,2024-03-24,Pending,Noida,Mobile App
1414,533,2024-04-16,Delivered,Gurugram,Mobile App
1415,965,2024-06-17,Cancelled,Kolkata,Mobile App
1416,501,2024-04-29,Delivered,Hyderabad,Mobile App
1417,405,2025-06-19,Delivered,Kolkata,Mobile App
1418,768,2025-02-21,Cancelled,Nashik,Mobile App
1419,465,2024-06-08,Shipped,Nashik,Mobile App
1420,915,2025-05-31,Pending,Bengaluru,Marketplace
1421,712,2024-11-09,Delivered,Kolkata,Mobile App
1422,555,2025-10-15,Delivered,Mumbai,Website
1423,303,2024-05-03,Delivered,Jaipur,Website
1424,260,2025-04-08,Processing,Hyderabad,Website
1425,413,2024-01-11,Cancelled,Nagpur,Website
1426,214,2024-11-07,Delivered,Kolkata,Mobile App
1427,630,2025-08-30,Delivered,Bengaluru,Website
1428,328,2024-12-25,Delivered,Nashik,Marketplace
1429,393,2025-07-05,Pending,Bengaluru,Mobile App
1430,902,2024-12-25,Processing,Noida,Marketplace
1431,390,2024-02-09,Processing,Pune,Mobile App
1432,557,2024-04-04,Delivered,Jaipur,Mobile App
1433,945,2024-04-06,Delivered,Bengaluru,Website
1434,481,2024-02-05,Delivered,Bengaluru,Mobile App
1435,463,2024-08-09,Delivered,Kochi,Mobile App
1436,608,2025-11-22,Pending,Gurugram,Website
1437,186,2025-04-19,Delivered,Delhi,Mobile App
1438,549,2025-10-31,Cancelled,Jaipur,Website
1439,530,2025-05-17,Delivered,Bengaluru,Marketplace
1440,41,2024-10-24,Delivered,Ahmedabad,Mobile App
1441,992,2024-03-19,Delivered,Pune,Website
1442,795,2025-10-31,Shipped,Mumbai,Website
1443,229,2024-12-14,Shipped,Kolkata,Mobile App
1444,731,2025-03-31,Pending,Pune,Website
1445,143,2024-05-15,Cancelled,Ahmedabad,Website
1446,509,2025-01-10,Pending,Nagpur,Mobile App
1447,920,2025-12-11,Delivered,Indore,Website
1448,35,2024-10-12,Delivered,Kolkata,Website
1449,90,2024-09-26,Shipped,Nashik,Mobile App
1450,520,2024-09-06,Shipped,Pune,Website
1451,89,2025-08-07,Delivered,Noida,Mobile App
1452,560,2025-01-17,Delivered,Ahmedabad,Marketplace
1453,673,2024-07-08,Delivered,Ahmedabad,Website
1454,208,2024-05-30,Delivered,Pune,Website
1455,381,2024-03-02,Delivered,Gurugram,Mobile App
1456,273,2025-08-22,Delivered,Mumbai,Mobile App
1457,328,2024-09-06,Shipped,Nashik,Mobile App
1458,490,2025-05-05,Delivered,Delhi,Mobile App
1459,643,2025-07-08,Shipped,Nashik,Mobile App
1460,879,2025-06-06,Delivered,Gurugram,Mobile App
1461,75,2025-08-02,Delivered,Kochi,Website
1462,641,2025-01-05,Processing,Delhi,Website
1463,443,2024-02-13,Shipped,Mumbai,Website
1464,744,2025-01-17,Delivered,Jaipur,Marketplace
1465,767,2024-05-10,Delivered,Noida,Marketplace
1466,662,2025-10-12,Delivered,Chennai,Website
1467,792,2024-03-17,Delivered,Kolkata,Website
1468,87,2025-12-22,Shipped,Bengaluru,Mobile App
1469,379,2024-10-11,Delivered,Noida,Mobile App
1470,940,2024-12-15,Delivered,Nagpur,Website
1471,316,2025-04-26,Delivered,Bengaluru,Marketplace
1472,705,2025-08-26,Cancelled,Ahmedabad,Mobile App
1473,805,2025-08-10,Delivered,Noida,Mobile App
1474,999,2024-12-16,Delivered,Chennai,Website
1475,645,2024-10-01,Processing,Ahmedabad,Mobile App
1476,321,2024-11-27,Shipped,Chennai,Website
1477,314,2024-07-15,Pending,Kochi,Website
1478,271,2025-09-04,Delivered,Ahmedabad,Mobile App
1479,912,2024-05-22,Pending,Noida,Website
1480,703,2025-01-05,Cancelled,Jaipur,Website
1481,474,2025-08-18,Delivered,Ahmedabad,Mobile App
1482,299,2025-10-15,Delivered,Gurugram,Mobile App
1483,346,2024-07-06,Shipped,Hyderabad,Website
1484,496,2024-10-04,Processing,Nashik,Website
1485,261,2025-09-12,Delivered,Delhi,Website
1486,564,2025-02-06,Delivered,Jaipur,Marketplace
1487,951,2025-05-21,Delivered,Ahmedabad,Mobile App
1488,524,2025-08-04,Delivered,Indore,Marketplace
1489,644,2025-05-16,Delivered,Pune,Website
1490,123,2024-05-23,Delivered,Kolkata,Mobile App
1491,56,2024-02-12,Shipped,Kochi,Mobile App
1492,275,2024-05-10,Pending,Jaipur,Website
1493,41,2025-11-07,Delivered,Ahmedabad,Website
1494,640,2024-10-10,Delivered,Kolkata,Website
1495,619,2025-08-07,Cancelled,Hyderabad,Mobile App
1496,156,2024-01-24,Delivered,Hyderabad,Website
1497,826,2025-01-27,Delivered,Chennai,Marketplace
1498,94,2025-08-07,Cancelled,Bengaluru,Mobile App
1499,128,2024-04-07,Delivered,Hyderabad,Website
1500,625,2024-06-18,Shipped,Bengaluru,Website
1501,245,2025-11-18,Delivered,Nagpur,Mobile App
1502,396,2025-04-01,Delivered,Noida,Website
1503,730,2025-03-30,Delivered,Pune,Website
1504,630,2025-01-24,Delivered,Nashik,Marketplace
1505,504,2025-03-23,Pending,Bengaluru,Website
1506,512,2025-06-03,Delivered,Ahmedabad,Website
1507,148,2025-12-21,Delivered,Jaipur,Website
1508,807,2025-02-17,Delivered,Delhi,Website
1509,255,2024-10-24,Shipped,Mumbai,Marketplace
1510,984,2024-01-25,Cancelled,Noida,Mobile App
1511,67,2025-04-08,Cancelled,Ahmedabad,Mobile App
1512,369,2025-01-25,Delivered,Nagpur,Website
1513,435,2024-04-01,Delivered,Chennai,Website
1514,934,2024-09-23,Delivered,Bengaluru,Marketplace
1515,661,2025-06-13,Delivered,Kochi,Website
1516,391,2025-01-08,Delivered,Mumbai,Mobile App
1517,163,2024-04-04,Delivered,Gurugram,Website
1518,538,2024-09-18,Delivered,Nagpur,Marketplace
1519,286,2024-07-09,Delivered,Ahmedabad,Mobile App
1520,238,2024-04-04,Delivered,Indore,Mobile App
1521,893,2024-06-29,Delivered,Gurugram,Website
1522,172,2024-08-29,Delivered,Ahmedabad,Mobile App
1523,69,2024-04-13,Delivered,Noida,Website
1524,474,2025-07-20,Pending,Ahmedabad,Website
1525,955,2024-07-10,Delivered,Jaipur,Marketplace
1526,785,2024-10-05,Delivered,Kochi,Mobile App
1527,59,2025-02-07,Delivered,Nashik,Website
1528,136,2024-09-04,Shipped,Ahmedabad,Mobile App
1529,474,2024-09-08,Delivered,Ahmedabad,Mobile App
1530,166,2025-10-17,Delivered,Indore,Marketplace
1531,140,2024-01-01,Delivered,Delhi,Mobile App
1532,773,2025-02-08,Delivered,Delhi,Marketplace
1533,478,2025-10-24,Processing,Hyderabad,Mobile App
1534,736,2025-02-18,Cancelled,Indore,Website
1535,516,2025-05-26,Delivered,Hyderabad,Website
1536,377,2024-11-01,Delivered,Delhi,Website
1537,383,2024-01-25,Delivered,Bengaluru,Website
1538,446,2025-10-15,Cancelled,Noida,Mobile App
1539,777,2024-05-23,Delivered,Gurugram,Website
1540,17,2024-08-20,Shipped,Ahmedabad,Website
1541,730,2025-04-21,Delivered,Pune,Website
1542,983,2024-02-22,Delivered,Mumbai,Mobile App
1543,104,2024-10-29,Delivered,Jaipur,Marketplace
1544,909,2025-10-31,Shipped,Bengaluru,Website
1545,841,2025-06-08,Delivered,Hyderabad,Marketplace
1546,868,2025-05-05,Delivered,Indore,Website
1547,519,2024-06-18,Delivered,Jaipur,Mobile App
1548,576,2024-10-03,Delivered,Pune,Mobile App
1549,381,2024-01-25,Delivered,Gurugram,Mobile App
1550,356,2025-09-28,Delivered,Gurugram,Mobile App
1551,600,2024-05-06,Shipped,Delhi,Mobile App
1552,38,2025-11-13,Pending,Ahmedabad,Mobile App
1553,69,2024-06-06,Processing,Hyderabad,Mobile App
1554,451,2025-10-12,Delivered,Kochi,Marketplace
1555,96,2025-09-23,Delivered,Delhi,Website
1556,311,2024-01-13,Processing,Gurugram,Mobile App
1557,428,2024-06-04,Delivered,Nashik,Marketplace
1558,216,2024-01-01,Processing,Mumbai,Website
1559,745,2025-05-09,Pending,Pune,Marketplace
1560,170,2025-11-19,Delivered,Nashik,Mobile App
1561,921,2024-12-16,Delivered,Kochi,Mobile App
1562,980,2024-09-21,Delivered,Jaipur,Marketplace
1563,760,2024-12-04,Delivered,Kochi,Website
1564,699,2025-08-26,Delivered,Bengaluru,Mobile App
1565,919,2024-09-08,Delivered,Kochi,Mobile App
1566,337,2025-06-05,Delivered,Delhi,Website
1567,606,2024-11-03,Pending,Indore,Mobile App
1568,569,2024-08-16,Shipped,Delhi,Marketplace
1569,476,2024-06-05,Shipped,Hyderabad,Mobile App
1570,423,2025-02-13,Delivered,Gurugram,Website
1571,167,2025-09-30,Delivered,Pune,Mobile App
1572,949,2024-02-28,Delivered,Nagpur,Website
1573,32,2024-12-07,Processing,Chennai,Website
1574,901,2025-05-18,Shipped,Gurugram,Website
1575,441,2024-08-28,Delivered,Hyderabad,Website
1576,164,2025-09-04,Delivered,Mumbai,Website
1577,85,2024-03-25,Pending,Indore,Mobile App
1578,505,2024-04-04,Processing,Chennai,Mobile App
1579,53,2024-01-03,Delivered,Pune,Website
1580,864,2025-01-10,Delivered,Chennai,Website
1581,586,2024-03-30,Delivered,Hyderabad,Website
1582,597,2024-03-25,Processing,Kochi,Mobile App
1583,197,2024-06-23,Shipped,Gurugram,Website
1584,608,2024-10-25,Delivered,Pune,Mobile App
1585,292,2024-05-21,Delivered,Noida,Website
1586,659,2025-12-17,Delivered,Hyderabad,Website
1587,291,2024-02-02,Delivered,Chennai,Website
1588,485,2025-04-08,Delivered,Ahmedabad,Website
1589,723,2025-02-14,Delivered,Kolkata,Marketplace
1590,317,2025-11-13,Delivered,Bengaluru,Website
1591,159,2024-02-07,Delivered,Chennai,Website
1592,111,2025-04-04,Delivered,Gurugram,Website
1593,341,2025-12-05,Delivered,Nashik,Mobile App
1594,420,2024-05-05,Shipped,Kolkata,Mobile App
1595,747,2025-08-24,Delivered,Jaipur,Marketplace
1596,672,2024-02-04,Delivered,Jaipur,Website
1597,51,2024-02-02,Shipped,Delhi,Website
1598,510,2025-04-19,Delivered,Nashik,Mobile App
1599,332,2025-04-05,Delivered,Pune,Marketplace
1600,433,2025-11-05,Delivered,Ahmedabad,Marketplace
1601,189,2024-01-08,Shipped,Ahmedabad,Website
1602,96,2025-05-13,Shipped,Delhi,Website
1603,144,2024-09-02,Delivered,Pune,Website
1604,208,2024-07-03,Delivered,Jaipur,Website
1605,352,2025-09-21,Delivered,Kolkata,Mobile App
1606,845,2025-05-28,Delivered,Jaipur,Mobile App
1607,879,2025-06-01,Delivered,Indore,Mobile App
1608,605,2025-09-19,Shipped,Hyderabad,Mobile App
1609,749,2024-02-10,Delivered,Delhi,Mobile App
1610,552,2025-04-12,Delivered,Bengaluru,Website
1611,643,2024-03-05,Delivered,Indore,Mobile App
1612,906,2025-09-15,Delivered,Kochi,Mobile App
1613,461,2024-09-28,Delivered,Pune,Website
1614,235,2025-11-15,Shipped,Pune,Website
1615,544,2024-08-22,Delivered,Gurugram,Website
1616,3,2025-03-16,Delivered,Delhi,Mobile App
1617,549,2025-07-13,Processing,Jaipur,Marketplace
1618,751,2025-10-17,Pending,Jaipur,Website
1619,595,2024-08-06,Delivered,Noida,Mobile App
1620,876,2024-08-28,Shipped,Nagpur,Mobile App
1621,182,2025-07-12,Delivered,Mumbai,Website
1622,337,2025-10-24,Delivered,Pune,Website
1623,954,2024-09-21,Delivered,Jaipur,Website
1624,166,2025-03-12,Delivered,Indore,Website
1625,955,2024-10-22,Delivered,Jaipur,Mobile App
1626,71,2024-03-19,Processing,Kochi,Marketplace
1627,977,2024-09-02,Delivered,Kolkata,Marketplace
1628,989,2024-07-02,Delivered,Hyderabad,Website
1629,785,2025-07-01,Delivered,Kochi,Mobile App
1630,285,2024-03-26,Delivered,Kochi,Website
1631,826,2024-07-12,Delivered,Chennai,Website
1632,936,2025-09-27,Pending,Pune,Marketplace
1633,167,2024-05-29,Delivered,Noida,Mobile App
1634,199,2025-05-05,Processing,Hyderabad,Website
1635,874,2025-02-02,Pending,Indore,Mobile App
1636,795,2025-02-16,Delivered,Jaipur,Mobile App
1637,793,2025-08-23,Cancelled,Hyderabad,Marketplace
1638,233,2025-11-03,Processing,Noida,Mobile App
1639,397,2024-11-25,Delivered,Mumbai,Website
1640,464,2024-07-11,Delivered,Chennai,Marketplace
1641,957,2025-01-16,Delivered,Gurugram,Mobile App
1642,993,2024-11-18,Shipped,Kochi,Mobile App
1643,609,2025-06-17,Delivered,Mumbai,Website
1644,507,2025-07-20,Processing,Pune,Website
1645,640,2024-02-03,Pending,Kolkata,Website
1646,550,2025-03-11,Delivered,Mumbai,Marketplace
1647,681,2024-05-20,Cancelled,Nagpur,Website
1648,871,2025-02-25,Processing,Hyderabad,Website
1649,316,2024-11-03,Delivered,Bengaluru,Website
1650,190,2025-12-29,Delivered,Bengaluru,Mobile App
1651,614,2024-04-12,Delivered,Noida,Website
1652,342,2024-11-21,Shipped,Nashik,Website
1653,820,2024-03-21,Delivered,Nagpur,Mobile App
1654,564,2025-07-08,Shipped,Jaipur,Mobile App
1655,958,2025-08-14,Shipped,Kochi,Marketplace
1656,674,2024-10-31,Delivered,Ahmedabad,Marketplace
1657,320,2025-03-06,Delivered,Delhi,Mobile App
1658,141,2024-03-11,Delivered,Mumbai,Website
1659,489,2024-02-13,Delivered,Ahmedabad,Mobile App
1660,271,2024-06-11,Delivered,Ahmedabad,Mobile App
1661,84,2024-12-08,Delivered,Delhi,Mobile App
1662,888,2024-04-16,Delivered,Nashik,Website
1663,726,2024-05-09,Delivered,Kochi,Mobile App
1664,245,2025-02-21,Delivered,Nagpur,Website
1665,814,2024-07-11,Delivered,Ahmedabad,Website
1666,628,2025-11-13,Delivered,Bengaluru,Website
1667,415,2025-08-27,Delivered,Pune,Website
1668,632,2024-05-07,Cancelled,Hyderabad,Mobile App
1669,2,2024-04-27,Delivered,Nagpur,Website
1670,132,2025-08-13,Delivered,Delhi,Website
1671,688,2024-09-11,Delivered,Kolkata,Marketplace
1672,763,2024-02-17,Cancelled,Indore,Website
1673,224,2024-10-10,Processing,Mumbai,Mobile App
1674,735,2024-04-23,Pending,Nashik,Website
1675,212,2025-04-02,Delivered,Mumbai,Mobile App
1676,890,2025-01-12,Delivered,Bengaluru,Mobile App
1677,697,2024-10-08,Delivered,Ahmedabad,Mobile App
1678,212,2025-02-02,Delivered,Kochi,Marketplace
1679,249,2025-05-16,Delivered,Nagpur,Website
1680,4,2025-03-19,Delivered,Noida,Marketplace
1681,62,2025-04-14,Delivered,Bengaluru,Website
1682,295,2024-05-24,Delivered,Delhi,Mobile App
1683,485,2025-06-26,Delivered,Ahmedabad,Website
1684,230,2025-04-05,Delivered,Kochi,Mobile App
1685,400,2024-10-03,Delivered,Delhi,Marketplace
1686,18,2024-08-28,Delivered,Delhi,Marketplace
1687,565,2025-06-05,Delivered,Delhi,Website
1688,380,2025-06-18,Delivered,Kolkata,Marketplace
1689,529,2024-11-13,Cancelled,Indore,Mobile App
1690,907,2024-04-19,Delivered,Nashik,Mobile App
1691,776,2025-11-15,Processing,Ahmedabad,Mobile App
1692,543,2024-07-06,Delivered,Mumbai,Website
1693,21,2024-12-01,Pending,Delhi,Mobile App
1694,2,2025-05-07,Delivered,Nagpur,Website
1695,783,2025-03-11,Delivered,Ahmedabad,Website
1696,412,2025-11-16,Shipped,Delhi,Mobile App
1697,99,2025-01-24,Delivered,Bengaluru,Website
1698,47,2024-12-10,Delivered,Noida,Website
1699,234,2025-03-17,Processing,Nagpur,Website
1700,579,2024-05-20,Delivered,Nashik,Mobile App
1701,548,2024-03-15,Delivered,Noida,Website
1702,139,2024-08-14,Cancelled,Indore,Website
1703,263,2024-01-12,Shipped,Kochi,Marketplace
1704,659,2025-08-25,Shipped,Pune,Website
1705,243,2025-09-18,Delivered,Kolkata,Mobile App
1706,765,2025-10-06,Processing,Kolkata,Mobile App
1707,284,2025-07-08,Delivered,Chennai,Website
1708,863,2025-05-16,Pending,Indore,Website
1709,339,2024-04-12,Delivered,Bengaluru,Marketplace
1710,285,2024-01-01,Delivered,Kochi,Website
1711,464,2025-07-23,Cancelled,Chennai,Website
1712,643,2025-08-08,Delivered,Nashik,Website
1713,161,2024-08-27,Cancelled,Kochi,Website
1714,215,2024-07-21,Delivered,Indore,Mobile App
1715,232,2025-09-25,Delivered,Ahmedabad,Marketplace
1716,210,2025-01-10,Delivered,Bengaluru,Mobile App
1717,443,2024-06-06,Cancelled,Nagpur,Mobile App
1718,8,2024-06-24,Delivered,Hyderabad,Mobile App
1719,915,2025-03-06,Delivered,Nashik,Website
1720,426,2024-04-21,Delivered,Hyderabad,Website
1721,731,2025-06-16,Cancelled,Noida,Marketplace
1722,955,2025-08-28,Shipped,Hyderabad,Marketplace
1723,162,2025-08-31,Delivered,Kochi,Marketplace
1724,436,2024-06-25,Delivered,Bengaluru,Website
1725,621,2024-08-07,Shipped,Kochi,Website
1726,416,2024-10-29,Delivered,Hyderabad,Marketplace
1727,896,2025-08-18,Delivered,Kolkata,Marketplace
1728,236,2025-12-18,Delivered,Noida,Mobile App
1729,932,2025-10-27,Delivered,Chennai,Website
1730,531,2024-07-03,Delivered,Nagpur,Website
1731,930,2024-02-21,Delivered,Hyderabad,Marketplace
1732,248,2025-07-05,Delivered,Indore,Mobile App
1733,266,2024-09-24,Delivered,Chennai,Website
1734,438,2025-05-17,Shipped,Gurugram,Mobile App
1735,226,2025-12-16,Delivered,Gurugram,Mobile App
1736,74,2025-03-08,Cancelled,Indore,Mobile App
1737,330,2025-04-16,Delivered,Delhi,Mobile App
1738,31,2024-02-03,Pending,Kolkata,Mobile App
1739,25,2024-02-01,Delivered,Nashik,Mobile App
1740,653,2025-08-22,Delivered,Delhi,Mobile App
1741,825,2024-04-10,Delivered,Jaipur,Website
1742,807,2025-10-07,Cancelled,Delhi,Mobile App
1743,362,2024-11-16,Delivered,Nagpur,Marketplace
1744,662,2024-10-23,Cancelled,Chennai,Website
1745,833,2024-05-31,Delivered,Nagpur,Mobile App
1746,503,2025-06-18,Shipped,Chennai,Website
1747,782,2024-10-22,Delivered,Hyderabad,Website
1748,42,2025-06-03,Delivered,Chennai,Mobile App
1749,3,2025-11-08,Delivered,Delhi,Website
1750,350,2024-03-31,Delivered,Kochi,Mobile App
1751,415,2025-01-21,Delivered,Pune,Website
1752,276,2025-06-07,Delivered,Nagpur,Mobile App
1753,375,2024-11-13,Pending,Delhi,Mobile App
1754,566,2024-02-10,Delivered,Kolkata,Website
1755,421,2025-09-08,Shipped,Hyderabad,Mobile App
1756,806,2024-01-18,Pending,Kochi,Marketplace
1757,190,2024-05-08,Delivered,Bengaluru,Website
1758,126,2025-02-05,Delivered,Bengaluru,Marketplace
1759,938,2025-06-25,Cancelled,Indore,Mobile App
1760,986,2025-10-21,Delivered,Gurugram,Marketplace
1761,255,2025-06-12,Delivered,Mumbai,Website
1762,664,2024-03-06,Delivered,Noida,Mobile App
1763,145,2025-12-14,Delivered,Hyderabad,Mobile App
1764,535,2025-08-08,Delivered,Pune,Website
1765,305,2024-06-11,Delivered,Kolkata,Mobile App
1766,378,2025-06-25,Delivered,Ahmedabad,Marketplace
1767,258,2024-03-25,Delivered,Jaipur,Website
1768,969,2025-10-08,Delivered,Indore,Mobile App
1769,776,2024-10-24,Shipped,Indore,Website
1770,235,2025-11-22,Delivered,Pune,Website
1771,197,2024-01-24,Delivered,Pune,Website
1772,812,2024-10-13,Shipped,Kolkata,Marketplace
1773,544,2025-06-01,Shipped,Mumbai,Website
1774,112,2025-01-12,Delivered,Kolkata,Mobile App
1775,851,2024-10-09,Delivered,Gurugram,Mobile App
1776,714,2024-03-04,Delivered,Nagpur,Website
1777,655,2024-02-28,Processing,Nashik,Website
1778,222,2024-08-01,Processing,Nashik,Mobile App
1779,264,2025-08-24,Delivered,Bengaluru,Website
1780,228,2024-05-24,Pending,Chennai,Mobile App
1781,466,2025-06-22,Delivered,Pune,Mobile App
1782,622,2024-07-22,Delivered,Pune,Mobile App
1783,505,2024-08-09,Delivered,Ahmedabad,Marketplace
1784,41,2025-02-20,Shipped,Ahmedabad,Marketplace
1785,941,2025-09-18,Pending,Mumbai,Marketplace
1786,399,2024-04-07,Delivered,Noida,Website
1787,566,2025-06-21,Shipped,Kolkata,Website
1788,841,2024-01-28,Processing,Hyderabad,Website
1789,798,2025-02-28,Delivered,Chennai,Mobile App
1790,947,2024-01-14,Delivered,Jaipur,Mobile App
1791,720,2025-05-24,Delivered,Pune,Marketplace
1792,123,2025-03-01,Shipped,Jaipur,Website
1793,377,2025-09-16,Pending,Kolkata,Website
1794,319,2025-09-10,Delivered,Chennai,Mobile App
1795,791,2025-08-11,Delivered,Kolkata,Website
1796,407,2025-06-26,Delivered,Ahmedabad,Website
1797,418,2024-07-18,Delivered,Gurugram,Marketplace
1798,622,2025-09-08,Delivered,Pune,Mobile App
1799,344,2024-12-11,Delivered,Kolkata,Marketplace
1800,713,2024-10-28,Delivered,Kochi,Marketplace
1801,44,2025-01-10,Delivered,Hyderabad,Website
1802,959,2025-02-08,Delivered,Chennai,Website
1803,711,2024-04-08,Delivered,Ahmedabad,Mobile App
1804,19,2024-02-13,Processing,Mumbai,Mobile App
1805,209,2025-01-04,Delivered,Pune,Mobile App
1806,782,2024-01-28,Delivered,Kolkata,Website
1807,963,2024-08-05,Delivered,Delhi,Website
1808,920,2024-12-14,Delivered,Noida,Mobile App
1809,447,2025-08-08,Delivered,Jaipur,Mobile App
1810,782,2025-07-28,Delivered,Kolkata,Website
1811,538,2024-09-27,Delivered,Pune,Website
1812,918,2025-07-21,Delivered,Ahmedabad,Website
1813,199,2024-12-16,Delivered,Gurugram,Mobile App
1814,564,2025-06-25,Delivered,Jaipur,Website
1815,384,2025-09-21,Cancelled,Delhi,Mobile App
1816,463,2025-12-08,Cancelled,Kochi,Website
1817,378,2025-08-01,Delivered,Ahmedabad,Website
1818,588,2024-07-05,Processing,Hyderabad,Mobile App
1819,262,2025-08-19,Pending,Indore,Mobile App
1820,587,2025-09-30,Processing,Jaipur,Mobile App
1821,828,2025-01-19,Shipped,Bengaluru,Mobile App
1822,658,2025-09-11,Cancelled,Pune,Mobile App
1823,780,2025-04-12,Delivered,Hyderabad,Website
1824,803,2025-01-09,Delivered,Delhi,Mobile App
1825,151,2024-12-04,Delivered,Pune,Mobile App
1826,909,2024-11-13,Delivered,Kochi,Website
1827,180,2024-07-13,Delivered,Kolkata,Mobile App
1828,302,2024-05-24,Pending,Indore,Mobile App
1829,984,2024-02-26,Delivered,Noida,Marketplace
1830,485,2024-06-07,Delivered,Ahmedabad,Mobile App
1831,996,2024-02-01,Delivered,Delhi,Website
1832,576,2024-08-21,Delivered,Pune,Mobile App
1833,617,2025-01-05,Delivered,Noida,Website
1834,919,2025-07-28,Cancelled,Bengaluru,Mobile App
1835,919,2024-12-18,Processing,Pune,Marketplace
1836,924,2025-12-12,Delivered,Nagpur,Website
1837,824,2024-05-30,Delivered,Noida,Mobile App
1838,445,2025-11-07,Delivered,Delhi,Mobile App
1839,353,2025-02-20,Delivered,Nashik,Website
1840,494,2025-03-12,Delivered,Indore,Website
1841,195,2025-06-25,Delivered,Kolkata,Marketplace
1842,124,2024-09-14,Shipped,Delhi,Mobile App
1843,247,2025-08-24,Pending,Gurugram,Mobile App
1844,642,2024-02-11,Shipped,Nagpur,Mobile App
1845,230,2024-01-02,Delivered,Delhi,Mobile App
1846,930,2025-02-02,Delivered,Hyderabad,Mobile App
1847,782,2025-01-31,Delivered,Kolkata,Mobile App
1848,834,2025-09-18,Delivered,Kochi,Website
1849,969,2024-03-08,Delivered,Indore,Mobile App
1850,83,2024-10-27,Delivered,Jaipur,Mobile App
1851,56,2025-04-09,Delivered,Kochi,Mobile App
1852,201,2025-08-19,Processing,Mumbai,Mobile App
1853,52,2025-01-12,Delivered,Chennai,Website
1854,508,2025-03-27,Delivered,Kolkata,Website
1855,732,2025-04-04,Shipped,Jaipur,Mobile App
1856,422,2025-11-18,Delivered,Mumbai,Website
1857,818,2024-04-04,Cancelled,Mumbai,Mobile App
1858,486,2025-01-28,Shipped,Ahmedabad,Mobile App
1859,617,2024-03-09,Pending,Bengaluru,Website
1860,537,2025-11-21,Delivered,Indore,Website
1861,208,2025-04-09,Delivered,Indore,Website
1862,733,2024-06-24,Delivered,Delhi,Website
1863,558,2024-03-22,Delivered,Nashik,Marketplace
1864,930,2024-06-17,Delivered,Hyderabad,Website
1865,389,2024-04-25,Delivered,Bengaluru,Mobile App
1866,686,2024-11-21,Delivered,Kolkata,Mobile App
1867,354,2025-01-20,Delivered,Kolkata,Website
1868,684,2025-07-12,Delivered,Delhi,Website
1869,985,2024-06-21,Shipped,Ahmedabad,Website
1870,406,2024-10-28,Delivered,Pune,Website
1871,292,2024-02-24,Delivered,Noida,Website
1872,105,2025-02-11,Delivered,Pune,Website
1873,475,2025-05-26,Delivered,Delhi,Website
1874,15,2024-06-14,Delivered,Indore,Mobile App
1875,550,2024-07-05,Delivered,Pune,Mobile App
1876,998,2025-03-05,Delivered,Ahmedabad,Mobile App
1877,504,2025-12-04,Delivered,Bengaluru,Website
1878,847,2024-08-25,Shipped,Noida,Marketplace
1879,869,2025-06-11,Delivered,Noida,Website
1880,30,2024-12-12,Delivered,Chennai,Website
1881,805,2025-12-20,Delivered,Noida,Website
1882,698,2024-05-01,Delivered,Nagpur,Website
1883,961,2025-05-23,Delivered,Nagpur,Mobile App
1884,151,2024-01-16,Delivered,Pune,Mobile App
1885,87,2025-11-05,Shipped,Bengaluru,Mobile App
1886,336,2025-11-21,Delivered,Jaipur,Marketplace
1887,375,2024-01-16,Pending,Hyderabad,Website
1888,108,2025-12-04,Delivered,Indore,Mobile App
1889,536,2025-10-28,Pending,Pune,Marketplace
1890,143,2024-12-01,Delivered,Kolkata,Mobile App
1891,41,2025-07-24,Delivered,Bengaluru,Website
1892,639,2025-09-15,Delivered,Kochi,Website
1893,163,2024-05-09,Shipped,Gurugram,Website
1894,35,2025-09-11,Cancelled,Kolkata,Mobile App
1895,444,2025-09-04,Cancelled,Mumbai,Marketplace
1896,664,2024-05-13,Delivered,Noida,Mobile App
1897,625,2025-06-08,Delivered,Pune,Website
1898,356,2025-04-07,Delivered,Gurugram,Marketplace
1899,770,2024-02-06,Cancelled,Noida,Website
1900,184,2024-08-28,Shipped,Jaipur,Website
1901,201,2025-07-06,Pending,Mumbai,Website
1902,631,2025-04-07,Delivered,Ahmedabad,Website
1903,643,2025-11-10,Processing,Nashik,Mobile App
1904,394,2025-07-08,Delivered,Delhi,Marketplace
1905,518,2025-05-24,Cancelled,Nashik,Mobile App
1906,328,2025-06-12,Delivered,Nashik,Mobile App
1907,810,2025-10-20,Delivered,Nagpur,Website
1908,659,2024-07-09,Cancelled,Hyderabad,Website
1909,276,2024-01-31,Delivered,Kolkata,Marketplace
1910,391,2025-09-26,Delivered,Mumbai,Website
1911,690,2024-05-07,Delivered,Nagpur,Mobile App
1912,351,2025-01-18,Delivered,Gurugram,Mobile App
1913,472,2025-08-30,Delivered,Nashik,Mobile App
1914,627,2024-10-28,Delivered,Mumbai,Marketplace
1915,700,2025-06-29,Cancelled,Kolkata,Website
1916,888,2024-08-15,Shipped,Nashik,Marketplace
1917,946,2025-08-09,Processing,Jaipur,Website
1918,82,2025-12-01,Cancelled,Bengaluru,Mobile App
1919,346,2025-05-09,Delivered,Delhi,Website
1920,590,2024-06-24,Delivered,Kochi,Marketplace
1921,228,2024-12-17,Delivered,Hyderabad,Website
1922,882,2025-05-31,Delivered,Chennai,Website
1923,27,2025-10-23,Delivered,Jaipur,Website
1924,871,2025-07-26,Delivered,Noida,Mobile App
1925,792,2025-11-27,Delivered,Kolkata,Website
1926,314,2025-10-05,Delivered,Indore,Mobile App
1927,591,2024-03-17,Shipped,Mumbai,Mobile App
1928,496,2024-06-17,Delivered,Nashik,Mobile App
1929,596,2024-08-29,Delivered,Chennai,Mobile App
1930,216,2025-02-07,Delivered,Mumbai,Mobile App
1931,335,2024-12-01,Delivered,Pune,Website
1932,635,2024-08-07,Pending,Kochi,Mobile App
1933,538,2024-04-09,Delivered,Nagpur,Marketplace
1934,47,2024-01-17,Processing,Kochi,Mobile App
1935,714,2025-10-20,Pending,Nagpur,Mobile App
1936,90,2024-02-06,Pending,Nashik,Website
1937,542,2024-05-04,Cancelled,Gurugram,Mobile App
1938,620,2024-05-14,Cancelled,Nashik,Website
1939,241,2025-06-10,Delivered,Hyderabad,Website
1940,912,2024-05-20,Processing,Noida,Marketplace
1941,795,2025-03-14,Delivered,Kochi,Mobile App
1942,519,2025-03-01,Pending,Jaipur,Website
1943,306,2024-06-20,Delivered,Pune,Mobile App
1944,759,2025-11-16,Delivered,Pune,Mobile App
1945,433,2025-01-07,Pending,Pune,Mobile App
1946,629,2024-10-21,Delivered,Nagpur,Marketplace
1947,933,2024-05-01,Processing,Delhi,Marketplace
1948,27,2024-05-19,Processing,Jaipur,Website
1949,160,2024-11-10,Delivered,Indore,Mobile App
1950,238,2024-03-15,Processing,Indore,Marketplace
1951,905,2024-04-28,Pending,Pune,Website
1952,332,2024-12-14,Delivered,Pune,Mobile App
1953,436,2025-07-22,Cancelled,Pune,Website
1954,292,2025-06-16,Delivered,Noida,Mobile App
1955,734,2025-05-17,Delivered,Chennai,Marketplace
1956,228,2025-03-09,Delivered,Chennai,Website
1957,973,2024-10-26,Delivered,Jaipur,Website
1958,376,2025-06-11,Processing,Chennai,Marketplace
1959,295,2024-08-02,Processing,Delhi,Website
1960,834,2024-06-26,Cancelled,Pune,Mobile App
1961,195,2024-03-05,Delivered,Kolkata,Marketplace
1962,661,2024-01-08,Delivered,Gurugram,Website
1963,757,2024-01-09,Shipped,Kochi,Website
1964,502,2024-06-12,Delivered,Chennai,Website
1965,546,2024-06-18,Pending,Delhi,Mobile App
1966,682,2025-04-11,Delivered,Kochi,Website
1967,476,2024-11-24,Delivered,Noida,Mobile App
1968,496,2024-05-18,Delivered,Mumbai,Website
1969,634,2024-04-02,Delivered,Jaipur,Mobile App
1970,392,2025-11-04,Delivered,Chennai,Website
1971,563,2024-07-05,Cancelled,Jaipur,Mobile App
1972,65,2025-04-13,Cancelled,Pune,Mobile App
1973,746,2024-08-10,Shipped,Kolkata,Marketplace
1974,980,2024-01-30,Delivered,Jaipur,Mobile App
1975,581,2025-09-21,Delivered,Hyderabad,Website
1976,104,2025-03-13,Pending,Jaipur,Mobile App
1977,656,2024-11-06,Delivered,Jaipur,Website
1978,171,2024-11-28,Delivered,Ahmedabad,Website
1979,592,2025-07-07,Delivered,Chennai,Website
1980,428,2024-05-05,Delivered,Nashik,Mobile App
1981,904,2025-05-19,Delivered,Bengaluru,Website
1982,21,2025-08-07,Delivered,Ahmedabad,Mobile App
1983,794,2025-05-25,Delivered,Kochi,Website
1984,458,2025-09-10,Pending,Gurugram,Website
1985,585,2024-06-27,Delivered,Nashik,Website
1986,683,2025-09-02,Delivered,Kochi,Mobile App
1987,116,2024-08-07,Delivered,Hyderabad,Website
1988,975,2025-07-25,Processing,Gurugram,Website
1989,29,2025-11-22,Cancelled,Kochi,Mobile App
1990,407,2024-02-25,Delivered,Nashik,Marketplace
1991,272,2025-07-21,Delivered,Jaipur,Marketplace
1992,532,2025-05-30,Delivered,Ahmedabad,Website
1993,216,2025-12-10,Cancelled,Mumbai,Website
1994,527,2024-12-31,Delivered,Nashik,Website
1995,63,2024-02-11,Delivered,Mumbai,Website
1996,945,2025-02-01,Delivered,Kochi,Mobile App
1997,329,2024-04-22,Delivered,Bengaluru,Marketplace
1998,977,2024-08-03,Shipped,Jaipur,Marketplace
1999,96,2024-01-24,Pending,Delhi,Website
2000,950,2025-08-23,Cancelled,Gurugram,Website
2001,204,2025-05-04,Delivered,Noida,Website
2002,627,2024-07-20,Shipped,Mumbai,Marketplace
2003,85,2024-08-03,Cancelled,Indore,Mobile App
2004,118,2024-05-28,Delivered,Delhi,Mobile App
2005,119,2024-07-31,Delivered,Indore,Mobile App
2006,472,2025-02-23,Delivered,Nashik,Website
2007,621,2025-11-20,Delivered,Chennai,Website
2008,133,2024-07-04,Delivered,Kolkata,Website
2009,140,2024-12-17,Delivered,Kolkata,Website
2010,255,2024-07-21,Shipped,Mumbai,Website
2011,301,2025-08-08,Delivered,Kolkata,Website
2012,14,2025-11-07,Delivered,Kochi,Mobile App
2013,309,2025-06-17,Delivered,Bengaluru,Website
2014,93,2024-10-18,Delivered,Pune,Website
2015,538,2024-05-23,Shipped,Ahmedabad,Mobile App
2016,138,2024-06-02,Delivered,Kolkata,Website
2017,843,2025-08-28,Delivered,Hyderabad,Mobile App
2018,860,2024-03-08,Pending,Mumbai,Website
2019,954,2024-08-07,Cancelled,Jaipur,Website
2020,798,2025-12-12,Delivered,Kolkata,Website
2021,993,2025-04-09,Delivered,Kochi,Website
2022,368,2025-07-16,Delivered,Nashik,Website
2023,947,2024-05-13,Delivered,Jaipur,Marketplace
2024,910,2024-06-08,Delivered,Indore,Website
2025,127,2025-01-05,Delivered,Gurugram,Mobile App
2026,285,2024-03-02,Delivered,Kochi,Website
2027,739,2024-03-28,Delivered,Mumbai,Website
2028,134,2024-05-09,Shipped,Hyderabad,Marketplace
2029,110,2024-12-16,Delivered,Nagpur,Mobile App
2030,701,2025-10-08,Delivered,Kochi,Mobile App
2031,293,2024-02-03,Delivered,Ahmedabad,Mobile App
2032,930,2025-02-19,Processing,Hyderabad,Mobile App
2033,463,2025-01-12,Delivered,Ahmedabad,Website
2034,454,2025-08-27,Delivered,Hyderabad,Website
2035,864,2024-06-25,Processing,Ahmedabad,Mobile App
2036,141,2024-09-14,Delivered,Jaipur,Website
2037,61,2024-05-01,Pending,Chennai,Website
2038,28,2025-02-26,Delivered,Ahmedabad,Website
2039,782,2024-04-02,Delivered,Kolkata,Website
2040,14,2025-06-13,Delivered,Kochi,Website
2041,110,2024-05-31,Delivered,Pune,Marketplace
2042,722,2024-03-03,Delivered,Mumbai,Website
2043,464,2024-04-14,Delivered,Chennai,Website
2044,82,2024-02-18,Pending,Bengaluru,Marketplace
2045,977,2024-10-09,Delivered,Jaipur,Website
2046,117,2025-12-21,Delivered,Indore,Website
2047,358,2025-06-28,Shipped,Jaipur,Website
2048,721,2025-03-15,Delivered,Ahmedabad,Website
2049,575,2024-01-06,Delivered,Kolkata,Marketplace
2050,206,2025-09-13,Delivered,Indore,Marketplace
2051,945,2024-09-17,Shipped,Delhi,Mobile App
2052,81,2024-12-27,Delivered,Indore,Mobile App
2053,717,2025-05-01,Delivered,Hyderabad,Website
2054,425,2025-03-11,Delivered,Jaipur,Mobile App
2055,774,2024-03-10,Pending,Nashik,Mobile App
2056,683,2025-04-23,Delivered,Kochi,Website
2057,671,2024-09-25,Delivered,Pune,Marketplace
2058,70,2025-07-30,Cancelled,Jaipur,Mobile App
2059,588,2024-01-04,Delivered,Hyderabad,Mobile App
2060,325,2024-06-25,Delivered,Kolkata,Mobile App
2061,828,2025-08-26,Delivered,Kochi,Mobile App
2062,935,2025-02-08,Pending,Bengaluru,Mobile App
2063,230,2025-10-25,Delivered,Chennai,Website
2064,124,2025-02-28,Delivered,Indore,Website
2065,421,2025-01-26,Processing,Hyderabad,Mobile App
2066,976,2024-02-20,Delivered,Nagpur,Website
2067,851,2024-06-27,Pending,Gurugram,Website
2068,706,2025-06-11,Delivered,Chennai,Mobile App
2069,934,2024-04-26,Processing,Bengaluru,Website
2070,729,2024-09-27,Delivered,Gurugram,Marketplace
2071,677,2024-05-22,Delivered,Hyderabad,Mobile App
2072,840,2025-07-07,Shipped,Gurugram,Website
2073,862,2024-06-11,Delivered,Pune,Mobile App
2074,677,2025-10-04,Delivered,Indore,Marketplace
2075,967,2024-03-26,Delivered,Gurugram,Mobile App
2076,586,2025-06-09,Delivered,Kolkata,Mobile App
2077,923,2024-05-30,Shipped,Ahmedabad,Website
2078,23,2025-07-04,Delivered,Bengaluru,Website
2079,678,2025-06-04,Delivered,Pune,Marketplace
2080,951,2025-02-12,Shipped,Kochi,Website
2081,777,2024-05-03,Delivered,Hyderabad,Mobile App
2082,756,2024-08-26,Delivered,Gurugram,Mobile App
2083,449,2024-01-12,Delivered,Ahmedabad,Website
2084,554,2024-02-17,Delivered,Bengaluru,Mobile App
2085,849,2024-07-03,Shipped,Kochi,Website
2086,610,2025-02-16,Delivered,Nashik,Website
2087,162,2025-06-07,Shipped,Kochi,Mobile App
2088,811,2024-06-18,Delivered,Noida,Marketplace
2089,155,2025-04-19,Cancelled,Ahmedabad,Marketplace
2090,687,2025-05-03,Delivered,Noida,Website
2091,364,2024-08-22,Cancelled,Bengaluru,Mobile App
2092,810,2025-08-17,Delivered,Nagpur,Website
2093,922,2025-07-19,Delivered,Kochi,Website
2094,916,2025-12-08,Delivered,Indore,Mobile App
2095,363,2024-04-19,Pending,Delhi,Mobile App
2096,825,2025-11-05,Delivered,Gurugram,Website
2097,47,2025-09-11,Shipped,Kochi,Website
2098,625,2025-01-20,Delivered,Pune,Website
2099,627,2025-03-15,Delivered,Mumbai,Website
2100,67,2025-03-30,Delivered,Ahmedabad,Website
2101,146,2024-06-12,Processing,Jaipur,Mobile App
2102,846,2025-10-07,Delivered,Pune,Website
2103,515,2025-08-10,Processing,Bengaluru,Mobile App
2104,546,2025-12-14,Delivered,Delhi,Marketplace
2105,141,2024-09-21,Delivered,Jaipur,Marketplace
2106,540,2025-03-31,Delivered,Indore,Website
2107,854,2024-03-05,Delivered,Bengaluru,Marketplace
2108,116,2025-08-23,Shipped,Nashik,Website
2109,774,2025-09-06,Delivered,Nashik,Mobile App
2110,210,2025-02-21,Delivered,Pune,Mobile App
2111,916,2024-01-01,Delivered,Mumbai,Marketplace
2112,329,2025-07-23,Delivered,Bengaluru,Mobile App
2113,718,2024-01-23,Shipped,Jaipur,Marketplace
2114,769,2024-11-05,Delivered,Hyderabad,Mobile App
2115,440,2024-11-21,Delivered,Chennai,Website
2116,29,2025-08-03,Delivered,Gurugram,Mobile App
2117,496,2024-03-07,Pending,Nashik,Website
2118,552,2025-08-09,Cancelled,Bengaluru,Mobile App
2119,980,2024-01-03,Shipped,Jaipur,Mobile App
2120,100,2024-10-05,Delivered,Ahmedabad,Mobile App
2121,108,2024-08-19,Shipped,Indore,Marketplace
2122,642,2025-01-20,Processing,Noida,Mobile App
2123,552,2025-09-24,Pending,Bengaluru,Marketplace
2124,406,2025-12-14,Delivered,Kolkata,Marketplace
2125,391,2025-08-03,Delivered,Pune,Website
2126,603,2024-09-24,Processing,Mumbai,Website
2127,629,2024-05-18,Cancelled,Nagpur,Website
2128,704,2025-05-04,Processing,Bengaluru,Marketplace
2129,911,2025-12-12,Delivered,Kochi,Mobile App
2130,433,2025-11-30,Cancelled,Pune,Mobile App
2131,771,2025-07-22,Pending,Mumbai,Website
2132,421,2025-12-27,Delivered,Hyderabad,Mobile App
2133,336,2025-01-16,Delivered,Ahmedabad,Website
2134,26,2025-08-31,Delivered,Mumbai,Mobile App
2135,306,2025-06-27,Processing,Pune,Website
2136,943,2025-01-20,Processing,Jaipur,Website
2137,925,2025-07-24,Delivered,Nagpur,Website
2138,335,2025-03-22,Delivered,Pune,Mobile App
2139,319,2024-11-18,Delivered,Chennai,Mobile App
2140,349,2025-07-04,Shipped,Mumbai,Mobile App
2141,316,2024-11-22,Processing,Bengaluru,Mobile App
2142,624,2024-01-30,Delivered,Delhi,Mobile App
2143,265,2025-02-18,Shipped,Kochi,Mobile App
2144,789,2025-03-04,Delivered,Bengaluru,Website
2145,648,2024-12-08,Delivered,Indore,Marketplace
2146,10,2025-12-12,Processing,Chennai,Marketplace
2147,122,2024-06-28,Delivered,Jaipur,Mobile App
2148,463,2025-03-14,Processing,Kochi,Mobile App
2149,319,2025-02-14,Delivered,Chennai,Website
2150,29,2024-04-16,Delivered,Kochi,Marketplace
2151,95,2025-01-16,Shipped,Kochi,Marketplace
2152,547,2025-06-13,Delivered,Mumbai,Mobile App
2153,550,2024-01-16,Delivered,Pune,Marketplace
2154,493,2025-12-29,Delivered,Noida,Website
2155,82,2024-06-26,Delivered,Hyderabad,Website
2156,805,2024-01-14,Processing,Noida,Website
2157,736,2025-02-22,Pending,Jaipur,Mobile App
2158,78,2024-05-30,Cancelled,Mumbai,Website
2159,258,2024-08-22,Cancelled,Hyderabad,Website
2160,355,2025-12-14,Delivered,Nagpur,Mobile App
2161,50,2025-04-17,Delivered,Jaipur,Website
2162,272,2025-06-10,Delivered,Gurugram,Mobile App
2163,712,2024-08-26,Delivered,Hyderabad,Mobile App
2164,973,2024-10-01,Delivered,Jaipur,Website
2165,313,2025-10-30,Delivered,Kolkata,Website
2166,150,2024-07-20,Shipped,Chennai,Website
2167,199,2024-06-06,Processing,Bengaluru,Mobile App
2168,630,2025-05-18,Cancelled,Bengaluru,Mobile App
2169,87,2025-04-06,Delivered,Kolkata,Website
2170,681,2024-10-27,Delivered,Nagpur,Website
2171,174,2024-02-01,Delivered,Noida,Website
2172,174,2024-03-15,Shipped,Nashik,Website
2173,556,2024-03-03,Pending,Pune,Mobile App
2174,986,2024-09-09,Pending,Jaipur,Mobile App
2175,200,2024-02-03,Delivered,Nashik,Website
2176,559,2025-05-30,Pending,Bengaluru,Marketplace
2177,339,2024-08-23,Shipped,Bengaluru,Marketplace
2178,884,2025-12-17,Pending,Nashik,Mobile App
2179,733,2025-02-09,Delivered,Chennai,Mobile App
2180,69,2025-03-11,Delivered,Hyderabad,Website
2181,939,2025-11-17,Processing,Nagpur,Website
2182,846,2025-06-28,Delivered,Pune,Website
2183,68,2025-05-01,Delivered,Pune,Mobile App
2184,566,2024-04-19,Delivered,Kolkata,Mobile App
2185,820,2025-11-16,Delivered,Nagpur,Website
2186,550,2025-04-12,Processing,Pune,Website
2187,552,2025-01-30,Pending,Bengaluru,Website
2188,601,2025-06-24,Delivered,Nashik,Marketplace
2189,708,2025-09-05,Delivered,Hyderabad,Mobile App
2190,720,2024-05-16,Shipped,Pune,Mobile App
2191,698,2024-05-20,Delivered,Nagpur,Mobile App
2192,883,2025-09-04,Delivered,Chennai,Website
2193,275,2024-05-15,Shipped,Jaipur,Website
2194,461,2024-06-15,Delivered,Pune,Mobile App
2195,155,2024-04-25,Processing,Ahmedabad,Mobile App
2196,402,2024-06-09,Processing,Pune,Marketplace
2197,530,2025-06-11,Shipped,Bengaluru,Mobile App
2198,218,2024-06-20,Delivered,Nashik,Website
2199,190,2024-08-23,Delivered,Bengaluru,Website
2200,535,2025-01-30,Delivered,Pune,Website
2201,31,2025-06-04,Shipped,Bengaluru,Marketplace
2202,942,2025-11-23,Delivered,Noida,Website
2203,86,2024-10-29,Delivered,Ahmedabad,Website
2204,64,2024-08-28,Shipped,Noida,Website
2205,250,2025-10-18,Processing,Bengaluru,Mobile App
2206,806,2025-05-09,Delivered,Kolkata,Marketplace
2207,657,2024-05-21,Delivered,Mumbai,Marketplace
2208,603,2024-11-19,Shipped,Mumbai,Website
2209,751,2024-01-18,Delivered,Indore,Website
2210,379,2024-10-12,Processing,Ahmedabad,Website
2211,855,2024-03-17,Delivered,Mumbai,Website
2212,996,2025-11-15,Delivered,Delhi,Website
2213,927,2025-10-24,Delivered,Nagpur,Marketplace
2214,726,2024-04-02,Cancelled,Nashik,Marketplace
2215,2,2025-04-02,Delivered,Nagpur,Mobile App
2216,945,2025-08-28,Delivered,Bengaluru,Website
2217,630,2024-01-16,Delivered,Bengaluru,Website
2218,430,2025-07-15,Delivered,Chennai,Website
2219,744,2025-08-04,Delivered,Jaipur,Website
2220,471,2024-01-16,Delivered,Hyderabad,Mobile App
2221,533,2025-10-12,Delivered,Gurugram,Marketplace
2222,677,2025-10-18,Delivered,Hyderabad,Website
2223,380,2025-08-28,Delivered,Kolkata,Mobile App
2224,584,2025-04-10,Shipped,Nashik,Mobile App
2225,130,2024-01-23,Processing,Nashik,Marketplace
2226,783,2025-01-02,Delivered,Noida,Mobile App
2227,851,2024-07-10,Delivered,Gurugram,Website
2228,876,2024-01-06,Pending,Ahmedabad,Website
2229,143,2024-03-15,Pending,Hyderabad,Mobile App
2230,995,2024-04-30,Delivered,Kochi,Mobile App
2231,688,2024-05-21,Delivered,Kolkata,Website
2232,77,2024-04-08,Delivered,Jaipur,Mobile App
2233,288,2024-04-04,Delivered,Kochi,Marketplace
2234,447,2024-09-29,Delivered,Jaipur,Marketplace
2235,343,2025-06-08,Delivered,Ahmedabad,Mobile App
2236,903,2024-09-27,Cancelled,Noida,Marketplace
2237,108,2025-07-20,Delivered,Indore,Mobile App
2238,856,2024-02-16,Delivered,Nagpur,Website
2239,592,2024-05-24,Delivered,Gurugram,Mobile App
2240,728,2025-08-11,Delivered,Jaipur,Website
2241,409,2024-08-12,Shipped,Delhi,Website
2242,55,2025-04-15,Delivered,Bengaluru,Mobile App
2243,482,2024-06-30,Delivered,Ahmedabad,Website
2244,739,2024-10-13,Delivered,Kochi,Mobile App
2245,969,2025-06-13,Delivered,Indore,Mobile App
2246,247,2024-04-02,Delivered,Gurugram,Website
2247,957,2025-07-09,Shipped,Hyderabad,Website
2248,68,2024-03-01,Pending,Jaipur,Mobile App
2249,972,2024-03-01,Delivered,Chennai,Marketplace
2250,626,2024-07-01,Shipped,Pune,Marketplace
2251,673,2024-03-29,Delivered,Ahmedabad,Mobile App
2252,45,2025-01-06,Delivered,Kolkata,Website
2253,841,2025-08-06,Delivered,Hyderabad,Mobile App
2254,830,2025-03-16,Delivered,Ahmedabad,Website
2255,496,2024-09-19,Shipped,Jaipur,Website
2256,517,2025-08-10,Pending,Gurugram,Website
2257,301,2024-08-20,Pending,Kolkata,Mobile App
2258,480,2025-02-27,Delivered,Hyderabad,Marketplace
2259,423,2024-12-18,Delivered,Gurugram,Marketplace
2260,785,2024-04-28,Delivered,Kochi,Marketplace
2261,813,2025-06-11,Shipped,Nashik,Mobile App
2262,831,2025-07-05,Delivered,Chennai,Mobile App
2263,37,2024-09-21,Delivered,Kochi,Mobile App
2264,680,2025-09-17,Delivered,Nagpur,Website
2265,914,2024-10-30,Delivered,Kolkata,Mobile App
2266,449,2024-09-19,Delivered,Nashik,Website
2267,941,2024-06-04,Delivered,Mumbai,Marketplace
2268,559,2025-03-21,Delivered,Bengaluru,Website
2269,562,2024-08-12,Processing,Indore,Website
2270,555,2025-05-30,Delivered,Jaipur,Website
2271,820,2024-08-21,Delivered,Indore,Mobile App
2272,871,2024-11-01,Delivered,Noida,Website
2273,343,2024-02-24,Delivered,Ahmedabad,Website
2274,52,2025-02-06,Delivered,Chennai,Website
2275,373,2025-02-10,Delivered,Nagpur,Mobile App
2276,10,2025-08-31,Delivered,Indore,Mobile App
2277,110,2024-02-13,Delivered,Kolkata,Mobile App
2278,683,2025-09-06,Delivered,Kochi,Marketplace
2279,103,2025-04-18,Pending,Pune,Mobile App
2280,704,2024-01-20,Delivered,Chennai,Marketplace
2281,699,2025-02-02,Delivered,Bengaluru,Website
2282,25,2025-02-19,Cancelled,Nashik,Website
2283,838,2024-10-01,Cancelled,Delhi,Website
2284,1,2024-03-25,Delivered,Jaipur,Marketplace
2285,804,2025-08-02,Delivered,Mumbai,Website
2286,428,2025-12-17,Shipped,Nashik,Website
2287,220,2024-07-06,Shipped,Bengaluru,Mobile App
2288,703,2025-12-03,Delivered,Jaipur,Marketplace
2289,348,2024-02-02,Delivered,Hyderabad,Mobile App
2290,103,2025-03-29,Cancelled,Gurugram,Mobile App
2291,51,2024-12-28,Cancelled,Delhi,Website
2292,29,2024-08-24,Delivered,Mumbai,Website
2293,403,2024-10-21,Processing,Kolkata,Marketplace
2294,792,2024-01-13,Delivered,Pune,Website
2295,357,2024-05-09,Processing,Delhi,Website
2296,627,2025-12-16,Processing,Mumbai,Website
2297,308,2025-10-03,Delivered,Delhi,Website
2298,670,2024-12-10,Shipped,Noida,Website
2299,559,2025-01-02,Delivered,Indore,Website
2300,581,2024-12-14,Delivered,Hyderabad,Website
2301,61,2025-02-21,Processing,Chennai,Mobile App
2302,660,2024-01-20,Delivered,Hyderabad,Marketplace
2303,845,2025-07-14,Delivered,Jaipur,Mobile App
2304,489,2024-09-26,Delivered,Ahmedabad,Website
2305,491,2025-05-27,Delivered,Noida,Mobile App
2306,980,2024-08-11,Delivered,Jaipur,Website
2307,595,2025-12-16,Processing,Noida,Website
2308,3,2025-02-06,Delivered,Delhi,Mobile App
2309,161,2024-12-08,Delivered,Kochi,Mobile App
2310,849,2024-01-12,Delivered,Kochi,Website
2311,262,2024-05-13,Shipped,Indore,Website
2312,551,2024-09-17,Delivered,Chennai,Website
2313,970,2025-08-09,Cancelled,Delhi,Mobile App
2314,316,2024-12-04,Shipped,Bengaluru,Mobile App
2315,33,2025-08-08,Delivered,Delhi,Mobile App
2316,48,2024-12-30,Delivered,Jaipur,Marketplace
2317,570,2025-02-27,Delivered,Pune,Website
2318,925,2024-04-29,Delivered,Nagpur,Website
2319,140,2025-09-23,Shipped,Delhi,Mobile App
2320,981,2025-04-12,Delivered,Ahmedabad,Mobile App
2321,557,2025-04-06,Delivered,Jaipur,Website
2322,176,2025-08-30,Cancelled,Bengaluru,Website
2323,48,2024-08-24,Processing,Jaipur,Mobile App
2324,904,2024-07-02,Pending,Nagpur,Mobile App
2325,363,2025-06-17,Delivered,Delhi,Marketplace
2326,912,2024-01-26,Cancelled,Noida,Marketplace
2327,118,2024-04-03,Pending,Nashik,Mobile App
2328,564,2024-01-07,Delivered,Jaipur,Marketplace
2329,102,2025-10-24,Pending,Mumbai,Website
2330,362,2025-06-21,Pending,Nagpur,Marketplace
2331,741,2024-01-05,Cancelled,Pune,Website
2332,792,2024-04-24,Delivered,Kolkata,Website
2333,564,2025-07-17,Delivered,Jaipur,Website
2334,768,2025-04-19,Cancelled,Ahmedabad,Mobile App
2335,97,2025-01-25,Delivered,Bengaluru,Website
2336,792,2024-12-13,Shipped,Kolkata,Mobile App
2337,717,2025-09-10,Shipped,Hyderabad,Marketplace
2338,624,2024-06-07,Delivered,Delhi,Marketplace
2339,823,2025-06-05,Delivered,Bengaluru,Marketplace
2340,674,2024-04-08,Processing,Ahmedabad,Mobile App
2341,489,2024-06-15,Delivered,Ahmedabad,Website
2342,302,2025-07-03,Delivered,Nashik,Website
2343,969,2024-06-08,Delivered,Indore,Website
2344,286,2025-11-01,Delivered,Ahmedabad,Mobile App
2345,538,2024-04-22,Delivered,Hyderabad,Mobile App
2346,728,2024-07-19,Cancelled,Jaipur,Mobile App
2347,753,2024-01-14,Delivered,Nagpur,Marketplace
2348,284,2025-12-13,Delivered,Nagpur,Mobile App
2349,510,2025-01-02,Shipped,Nashik,Marketplace
2350,250,2025-01-16,Cancelled,Bengaluru,Mobile App
2351,134,2025-05-30,Delivered,Hyderabad,Website
2352,260,2025-02-09,Delivered,Hyderabad,Mobile App
2353,353,2025-09-01,Delivered,Gurugram,Mobile App
2354,408,2025-08-21,Delivered,Hyderabad,Website
2355,73,2025-12-01,Delivered,Noida,Mobile App
2356,426,2025-11-30,Shipped,Hyderabad,Mobile App
2357,481,2024-11-01,Delivered,Bengaluru,Marketplace
2358,163,2025-08-19,Cancelled,Gurugram,Website
2359,805,2024-01-30,Delivered,Chennai,Mobile App
2360,283,2024-03-09,Delivered,Nashik,Website
2361,84,2024-07-26,Processing,Delhi,Website
2362,58,2025-01-10,Delivered,Kochi,Website
2363,993,2025-02-06,Delivered,Indore,Website
2364,240,2025-12-18,Delivered,Nashik,Mobile App
2365,824,2025-02-07,Delivered,Hyderabad,Mobile App
2366,798,2024-09-17,Delivered,Chennai,Marketplace
2367,401,2024-07-20,Cancelled,Hyderabad,Website
2368,231,2025-08-04,Delivered,Jaipur,Mobile App
2369,386,2024-06-20,Delivered,Delhi,Website
2370,138,2025-03-20,Shipped,Kolkata,Website
2371,151,2024-09-18,Delivered,Pune,Website
2372,849,2024-12-17,Processing,Kochi,Website
2373,690,2024-06-03,Delivered,Hyderabad,Mobile App
2374,908,2024-02-10,Delivered,Hyderabad,Marketplace
2375,974,2025-12-04,Delivered,Ahmedabad,Marketplace
2376,152,2025-10-16,Delivered,Indore,Mobile App
2377,87,2025-11-04,Delivered,Bengaluru,Website
2378,206,2025-07-27,Delivered,Ahmedabad,Website
2379,989,2024-10-15,Processing,Nagpur,Marketplace
2380,683,2024-02-28,Delivered,Kochi,Website
2381,973,2024-07-26,Processing,Jaipur,Mobile App
2382,80,2024-03-21,Cancelled,Jaipur,Mobile App
2383,512,2025-02-19,Delivered,Bengaluru,Website
2384,479,2025-02-03,Shipped,Indore,Website
2385,339,2025-04-09,Delivered,Bengaluru,Mobile App
2386,275,2025-10-12,Delivered,Jaipur,Marketplace
2387,448,2025-01-14,Delivered,Bengaluru,Website
2388,954,2025-08-31,Pending,Jaipur,Mobile App
2389,442,2024-08-01,Shipped,Hyderabad,Website
2390,293,2025-01-13,Delivered,Ahmedabad,Website
2391,341,2025-09-25,Shipped,Nashik,Website
2392,350,2024-07-08,Pending,Kochi,Website
2393,963,2025-01-15,Delivered,Delhi,Mobile App
2394,187,2024-04-25,Shipped,Noida,Mobile App
2395,283,2024-05-19,Delivered,Ahmedabad,Marketplace
2396,273,2024-07-04,Delivered,Bengaluru,Website
2397,684,2024-09-28,Delivered,Delhi,Website
2398,919,2024-06-10,Processing,Bengaluru,Mobile App
2399,908,2024-11-12,Delivered,Gurugram,Mobile App
2400,226,2025-11-04,Pending,Gurugram,Marketplace
2401,698,2024-01-19,Delivered,Nagpur,Mobile App
2402,508,2025-06-27,Pending,Nagpur,Marketplace
2403,82,2025-01-12,Cancelled,Bengaluru,Marketplace
2404,571,2024-10-14,Delivered,Chennai,Mobile App
2405,674,2024-10-13,Cancelled,Ahmedabad,Marketplace
2406,518,2025-04-16,Delivered,Jaipur,Marketplace
2407,511,2024-02-19,Delivered,Indore,Marketplace
2408,891,2025-10-25,Processing,Jaipur,Mobile App
2409,421,2024-12-15,Shipped,Nashik,Marketplace
2410,474,2025-04-08,Delivered,Ahmedabad,Mobile App
2411,417,2024-07-11,Delivered,Bengaluru,Website
2412,64,2025-10-23,Pending,Jaipur,Mobile App
2413,835,2024-06-05,Pending,Pune,Website
2414,959,2025-01-11,Delivered,Hyderabad,Marketplace
2415,38,2024-01-26,Shipped,Ahmedabad,Mobile App
2416,747,2024-05-11,Delivered,Jaipur,Mobile App
2417,868,2024-07-18,Delivered,Indore,Website
2418,991,2025-08-10,Cancelled,Kolkata,Marketplace
2419,782,2025-02-11,Delivered,Kolkata,Website
2420,169,2024-02-05,Delivered,Jaipur,Mobile App
2421,360,2025-12-27,Delivered,Nagpur,Marketplace
2422,28,2025-09-07,Delivered,Ahmedabad,Mobile App
2423,497,2024-09-09,Delivered,Bengaluru,Marketplace
2424,361,2025-11-06,Cancelled,Nagpur,Website
2425,656,2025-12-10,Pending,Jaipur,Mobile App
2426,195,2025-06-18,Delivered,Kolkata,Website
2427,874,2025-04-30,Cancelled,Kolkata,Mobile App
2428,801,2024-12-28,Delivered,Ahmedabad,Website
2429,520,2024-12-24,Processing,Hyderabad,Website
2430,51,2025-07-18,Processing,Delhi,Website
2431,622,2025-05-24,Pending,Pune,Mobile App
2432,163,2024-07-23,Delivered,Gurugram,Mobile App
2433,160,2025-02-09,Delivered,Indore,Marketplace
2434,567,2024-08-15,Shipped,Bengaluru,Mobile App
2435,985,2024-07-06,Cancelled,Gurugram,Mobile App
2436,863,2025-10-07,Delivered,Indore,Website
2437,881,2024-09-21,Pending,Jaipur,Website
2438,772,2024-09-25,Delivered,Chennai,Marketplace
2439,222,2025-12-08,Processing,Indore,Website
2440,730,2025-06-04,Delivered,Pune,Mobile App
2441,260,2024-06-06,Delivered,Kochi,Mobile App
2442,158,2025-11-11,Processing,Hyderabad,Website
2443,752,2024-12-28,Delivered,Noida,Mobile App
2444,633,2024-12-11,Delivered,Ahmedabad,Marketplace
2445,249,2025-10-12,Pending,Nagpur,Mobile App
2446,69,2025-10-25,Delivered,Hyderabad,Website
2447,813,2025-05-18,Delivered,Mumbai,Mobile App
2448,323,2024-08-22,Shipped,Kolkata,Website
2449,576,2024-11-27,Delivered,Pune,Website
2450,395,2024-06-27,Delivered,Indore,Mobile App
2451,680,2025-02-12,Delivered,Gurugram,Mobile App
2452,396,2024-03-05,Delivered,Noida,Mobile App
2453,371,2024-11-22,Delivered,Indore,Website
2454,642,2025-11-06,Delivered,Noida,Marketplace
2455,275,2024-03-14,Delivered,Jaipur,Website
2456,439,2024-10-05,Delivered,Pune,Mobile App
2457,385,2025-08-29,Processing,Indore,Mobile App
2458,509,2025-01-01,Pending,Nagpur,Mobile App
2459,831,2024-05-20,Delivered,Ahmedabad,Marketplace
2460,683,2024-01-16,Delivered,Gurugram,Website
2461,747,2025-11-08,Delivered,Jaipur,Marketplace
2462,586,2024-09-06,Cancelled,Hyderabad,Marketplace
2463,414,2025-04-18,Delivered,Kolkata,Website
2464,580,2025-06-19,Delivered,Gurugram,Website
2465,915,2025-05-10,Delivered,Kolkata,Website
2466,449,2025-10-29,Delivered,Gurugram,Marketplace
2467,713,2025-08-13,Processing,Kochi,Mobile App
2468,558,2025-03-06,Delivered,Indore,Website
2469,647,2025-12-02,Delivered,Chennai,Website
2470,119,2025-09-09,Delivered,Hyderabad,Website
2471,32,2025-06-08,Delivered,Jaipur,Website
2472,239,2024-05-07,Delivered,Pune,Mobile App
2473,361,2024-01-25,Pending,Ahmedabad,Website
2474,290,2025-07-30,Delivered,Bengaluru,Mobile App
2475,729,2024-02-21,Delivered,Gurugram,Mobile App
2476,406,2024-11-09,Delivered,Kolkata,Website
2477,411,2024-10-31,Delivered,Hyderabad,Marketplace
2478,907,2024-04-01,Delivered,Nashik,Marketplace
2479,437,2025-12-08,Processing,Gurugram,Website
2480,24,2025-02-20,Delivered,Chennai,Website
2481,204,2024-02-08,Delivered,Ahmedabad,Website
2482,437,2025-09-23,Delivered,Gurugram,Website
2483,904,2025-10-12,Delivered,Bengaluru,Mobile App
2484,390,2024-08-16,Delivered,Gurugram,Website
2485,478,2024-01-09,Delivered,Hyderabad,Website
2486,165,2025-04-18,Delivered,Nashik,Website
2487,81,2024-11-17,Delivered,Ahmedabad,Mobile App
2488,861,2025-08-06,Pending,Noida,Website
2489,289,2025-02-27,Delivered,Kolkata,Marketplace
2490,772,2024-09-25,Shipped,Bengaluru,Mobile App
2491,315,2025-12-27,Delivered,Mumbai,Marketplace
2492,627,2024-05-04,Delivered,Ahmedabad,Website
2493,623,2024-09-05,Shipped,Bengaluru,Website
2494,462,2024-10-18,Delivered,Indore,Website
2495,18,2025-06-22,Cancelled,Chennai,Mobile App
2496,150,2024-08-17,Delivered,Chennai,Website
2497,620,2025-05-03,Cancelled,Nashik,Mobile App
2498,838,2025-06-29,Delivered,Ahmedabad,Marketplace
2499,277,2024-04-12,Delivered,Ahmedabad,Website
2500,916,2025-08-07,Delivered,Indore,Website
2501,882,2025-05-05,Pending,Chennai,Website
2502,873,2025-06-15,Delivered,Ahmedabad,Mobile App
2503,423,2025-01-14,Delivered,Nagpur,Marketplace
2504,129,2024-02-08,Delivered,Nagpur,Website
2505,444,2024-11-07,Delivered,Mumbai,Mobile App
2506,229,2025-08-03,Delivered,Kolkata,Marketplace
2507,896,2024-12-30,Delivered,Nashik,Mobile App
2508,473,2024-12-07,Shipped,Noida,Mobile App
2509,402,2024-07-13,Delivered,Pune,Mobile App
2510,483,2024-01-03,Delivered,Kochi,Mobile App
2511,945,2025-08-10,Delivered,Bengaluru,Mobile App
2512,566,2024-11-01,Delivered,Kolkata,Website
2513,227,2024-03-27,Delivered,Noida,Website
2514,907,2024-07-28,Delivered,Nashik,Mobile App
2515,162,2025-11-17,Cancelled,Kochi,Website
2516,318,2025-04-13,Delivered,Nagpur,Website
2517,111,2024-01-20,Delivered,Gurugram,Mobile App
2518,426,2025-05-31,Cancelled,Hyderabad,Mobile App
2519,801,2025-07-07,Shipped,Ahmedabad,Mobile App
2520,973,2025-10-28,Delivered,Jaipur,Website
2521,882,2024-10-14,Delivered,Chennai,Website
2522,908,2025-10-31,Delivered,Hyderabad,Mobile App
2523,911,2024-10-19,Delivered,Kochi,Marketplace
2524,310,2024-07-31,Shipped,Pune,Website
2525,813,2025-01-10,Processing,Ahmedabad,Mobile App
2526,625,2024-10-14,Delivered,Pune,Website
2527,345,2024-06-12,Delivered,Gurugram,Marketplace
2528,639,2024-08-27,Delivered,Ahmedabad,Website
2529,588,2024-04-20,Delivered,Nashik,Website
2530,203,2024-09-16,Delivered,Ahmedabad,Mobile App
2531,126,2025-11-17,Shipped,Hyderabad,Marketplace
2532,11,2025-03-24,Shipped,Delhi,Mobile App
2533,625,2024-12-21,Cancelled,Pune,Marketplace
2534,59,2024-06-26,Delivered,Nashik,Website
2535,965,2024-06-26,Shipped,Kolkata,Mobile App
2536,265,2025-05-14,Delivered,Pune,Website
2537,940,2024-05-14,Delivered,Nagpur,Mobile App
2538,970,2025-08-18,Pending,Indore,Mobile App
2539,94,2025-04-10,Cancelled,Jaipur,Mobile App
2540,300,2024-02-23,Shipped,Chennai,Mobile App
2541,740,2025-02-27,Shipped,Nagpur,Marketplace
2542,474,2024-04-14,Shipped,Ahmedabad,Mobile App
2543,508,2024-11-24,Pending,Kolkata,Mobile App
2544,853,2025-09-07,Processing,Bengaluru,Website
2545,396,2025-01-03,Delivered,Noida,Marketplace
2546,452,2024-06-06,Pending,Kolkata,Website
2547,518,2024-03-06,Delivered,Nashik,Website
2548,979,2025-08-21,Pending,Hyderabad,Website
2549,547,2024-10-15,Cancelled,Chennai,Mobile App
2550,970,2024-09-10,Delivered,Delhi,Mobile App
2551,788,2024-03-19,Pending,Hyderabad,Website
2552,49,2024-05-02,Delivered,Mumbai,Website
2553,355,2025-12-05,Delivered,Chennai,Mobile App
2554,686,2024-03-16,Delivered,Kolkata,Mobile App
2555,299,2025-12-11,Delivered,Gurugram,Website
2556,155,2024-12-26,Delivered,Ahmedabad,Website
2557,364,2024-07-01,Delivered,Bengaluru,Marketplace
2558,113,2025-05-20,Delivered,Jaipur,Marketplace
2559,969,2025-02-01,Cancelled,Indore,Mobile App
2560,187,2024-06-16,Delivered,Nagpur,Website
2561,385,2024-06-29,Delivered,Indore,Mobile App
2562,606,2025-10-23,Delivered,Indore,Website
2563,754,2024-01-02,Cancelled,Nashik,Marketplace
2564,302,2024-11-05,Delivered,Mumbai,Website
2565,861,2025-06-15,Delivered,Noida,Marketplace
2566,13,2024-10-04,Delivered,Mumbai,Marketplace
2567,629,2025-11-30,Delivered,Nagpur,Website
2568,627,2024-11-16,Delivered,Mumbai,Mobile App
2569,639,2025-12-19,Shipped,Ahmedabad,Mobile App
2570,215,2024-06-12,Processing,Indore,Website
2571,239,2024-10-01,Delivered,Gurugram,Website
2572,175,2024-06-12,Shipped,Chennai,Website
2573,83,2025-02-12,Delivered,Jaipur,Mobile App
2574,138,2024-01-29,Delivered,Kolkata,Marketplace
2575,155,2025-08-29,Delivered,Ahmedabad,Marketplace
2576,978,2025-02-24,Delivered,Kochi,Website
2577,776,2025-11-11,Cancelled,Indore,Website
2578,475,2025-11-15,Cancelled,Delhi,Website
2579,847,2025-09-29,Cancelled,Noida,Marketplace
2580,44,2025-03-17,Delivered,Nashik,Website
2581,527,2024-01-28,Delivered,Nashik,Website
2582,210,2024-04-19,Delivered,Pune,Marketplace
2583,45,2024-10-06,Delivered,Nashik,Mobile App
2584,161,2024-03-06,Pending,Kochi,Marketplace
2585,97,2024-06-26,Pending,Bengaluru,Website
2586,679,2024-04-25,Cancelled,Jaipur,Marketplace
2587,557,2025-03-03,Delivered,Bengaluru,Marketplace
2588,107,2025-08-19,Delivered,Nashik,Mobile App
2589,60,2025-02-02,Delivered,Mumbai,Website
2590,857,2025-11-20,Delivered,Nagpur,Mobile App
2591,515,2025-05-24,Delivered,Mumbai,Website
2592,322,2025-06-17,Delivered,Indore,Website
2593,412,2024-10-15,Processing,Delhi,Website
2594,764,2024-05-01,Delivered,Pune,Website
2595,675,2024-07-03,Delivered,Bengaluru,Marketplace
2596,829,2024-05-28,Delivered,Ahmedabad,Website
2597,707,2024-03-06,Delivered,Mumbai,Website
2598,223,2024-04-25,Delivered,Bengaluru,Mobile App
2599,902,2025-08-04,Pending,Noida,Website
2600,483,2025-09-21,Delivered,Delhi,Mobile App
2601,609,2025-09-19,Delivered,Mumbai,Website
2602,165,2025-06-10,Cancelled,Nashik,Mobile App
2603,59,2024-08-12,Shipped,Nashik,Website
2604,705,2024-06-21,Cancelled,Kolkata,Website
2605,202,2024-06-14,Delivered,Mumbai,Website
2606,894,2024-04-08,Delivered,Kochi,Website
2607,184,2024-10-03,Delivered,Jaipur,Website
2608,727,2024-01-02,Processing,Ahmedabad,Website
2609,428,2025-09-22,Delivered,Kolkata,Mobile App
2610,62,2025-04-06,Delivered,Bengaluru,Website
2611,469,2025-03-22,Processing,Nagpur,Mobile App
2612,911,2024-07-30,Shipped,Kochi,Marketplace
2613,690,2024-07-27,Delivered,Hyderabad,Marketplace
2614,86,2025-06-01,Delivered,Ahmedabad,Mobile App
2615,556,2025-02-16,Delivered,Pune,Website
2616,566,2024-11-08,Processing,Kolkata,Marketplace
2617,195,2024-06-07,Delivered,Nashik,Marketplace
2618,735,2025-09-15,Delivered,Nashik,Mobile App
2619,749,2024-08-17,Delivered,Delhi,Mobile App
2620,746,2024-03-05,Delivered,Kolkata,Marketplace
2621,754,2025-12-18,Delivered,Gurugram,Mobile App
2622,98,2025-10-28,Delivered,Chennai,Website
2623,596,2024-06-20,Delivered,Noida,Mobile App
2624,877,2025-10-31,Pending,Jaipur,Website
2625,131,2025-04-23,Delivered,Pune,Mobile App
2626,516,2025-12-12,Delivered,Delhi,Mobile App
2627,547,2025-10-20,Delivered,Chennai,Website
2628,510,2024-07-01,Cancelled,Nashik,Mobile App
2629,750,2024-06-03,Cancelled,Bengaluru,Mobile App
2630,842,2025-02-12,Delivered,Ahmedabad,Marketplace
2631,589,2024-04-06,Delivered,Indore,Website
2632,520,2025-08-30,Delivered,Hyderabad,Website
2633,617,2024-10-06,Delivered,Bengaluru,Website
2634,456,2024-11-01,Shipped,Gurugram,Mobile App
2635,456,2024-10-01,Delivered,Gurugram,Mobile App
2636,434,2025-08-27,Processing,Noida,Mobile App
2637,588,2025-09-25,Delivered,Hyderabad,Website
2638,801,2025-09-01,Delivered,Ahmedabad,Mobile App
2639,573,2024-12-26,Cancelled,Bengaluru,Website
2640,78,2025-06-05,Delivered,Indore,Mobile App
2641,310,2024-04-25,Delivered,Pune,Mobile App
2642,532,2025-10-07,Delivered,Ahmedabad,Mobile App
2643,828,2025-06-30,Delivered,Bengaluru,Mobile App
2644,547,2024-01-29,Delivered,Chennai,Mobile App
2645,171,2025-11-09,Delivered,Indore,Website
2646,989,2024-06-24,Delivered,Mumbai,Website
2647,143,2025-04-14,Delivered,Hyderabad,Mobile App
2648,924,2024-03-03,Delivered,Nagpur,Website
2649,854,2024-09-15,Delivered,Bengaluru,Website
2650,570,2025-07-06,Delivered,Pune,Mobile App
2651,43,2024-12-03,Delivered,Jaipur,Mobile App
2652,243,2025-09-25,Delivered,Bengaluru,Mobile App
2653,762,2024-04-18,Delivered,Indore,Marketplace
2654,15,2024-06-01,Shipped,Gurugram,Website
2655,14,2024-02-18,Delivered,Kochi,Website
2656,400,2025-11-26,Delivered,Delhi,Marketplace
2657,611,2024-12-30,Delivered,Indore,Marketplace
2658,367,2025-01-31,Delivered,Noida,Mobile App
2659,197,2025-03-24,Processing,Pune,Marketplace
2660,302,2025-03-18,Delivered,Indore,Mobile App
2661,936,2024-01-20,Delivered,Hyderabad,Website
2662,900,2025-10-20,Pending,Bengaluru,Mobile App
2663,209,2025-03-13,Delivered,Bengaluru,Website
2664,278,2024-10-29,Delivered,Nagpur,Mobile App
2665,961,2024-02-14,Delivered,Nagpur,Website
2666,433,2025-07-26,Shipped,Pune,Marketplace
2667,169,2024-11-04,Processing,Jaipur,Mobile App
2668,130,2024-04-29,Delivered,Nashik,Mobile App
2669,894,2025-05-04,Delivered,Kolkata,Website
2670,962,2024-07-04,Delivered,Bengaluru,Website
2671,955,2025-10-12,Delivered,Jaipur,Mobile App
2672,265,2025-05-25,Delivered,Bengaluru,Mobile App
2673,702,2024-11-29,Delivered,Chennai,Website
2674,175,2024-04-08,Shipped,Noida,Website
2675,7,2025-05-15,Shipped,Bengaluru,Website
2676,357,2024-08-11,Delivered,Hyderabad,Marketplace
2677,611,2024-02-27,Delivered,Indore,Website
2678,190,2024-04-03,Processing,Bengaluru,Mobile App
2679,484,2024-08-30,Shipped,Delhi,Mobile App
2680,475,2025-05-21,Delivered,Noida,Mobile App
2681,750,2024-09-09,Delivered,Bengaluru,Mobile App
2682,329,2025-07-21,Delivered,Bengaluru,Mobile App
2683,175,2025-11-28,Shipped,Chennai,Marketplace
2684,104,2025-02-19,Delivered,Jaipur,Mobile App
2685,630,2024-03-27,Delivered,Bengaluru,Marketplace
2686,542,2025-10-14,Delivered,Gurugram,Website
2687,459,2025-04-10,Delivered,Kochi,Mobile App
2688,654,2024-08-07,Delivered,Noida,Website
2689,542,2024-10-29,Delivered,Gurugram,Website
2690,595,2024-11-03,Cancelled,Gurugram,Website
2691,297,2025-09-09,Delivered,Nagpur,Mobile App
2692,548,2024-02-01,Delivered,Indore,Website
2693,86,2024-03-11,Cancelled,Ahmedabad,Mobile App
2694,941,2025-09-07,Processing,Mumbai,Website
2695,486,2025-06-02,Delivered,Kolkata,Marketplace
2696,70,2024-12-27,Pending,Nashik,Mobile App
2697,10,2024-10-19,Pending,Chennai,Website
2698,65,2024-11-16,Delivered,Pune,Website
2699,335,2025-11-07,Delivered,Pune,Website
2700,832,2025-06-08,Delivered,Chennai,Marketplace
2701,365,2025-03-11,Cancelled,Kochi,Website
2702,391,2025-05-23,Delivered,Mumbai,Mobile App
2703,956,2024-06-15,Delivered,Pune,Marketplace
2704,318,2024-08-17,Delivered,Nagpur,Mobile App
2705,590,2024-09-20,Shipped,Kochi,Website
2706,995,2024-12-15,Delivered,Kochi,Mobile App
2707,30,2025-12-07,Delivered,Noida,Mobile App
2708,349,2025-05-06,Delivered,Mumbai,Marketplace
2709,853,2025-12-01,Cancelled,Bengaluru,Mobile App
2710,554,2025-08-31,Delivered,Bengaluru,Marketplace
2711,175,2025-10-28,Delivered,Chennai,Marketplace
2712,796,2025-06-13,Delivered,Indore,Mobile App
2713,630,2025-04-13,Delivered,Bengaluru,Mobile App
2714,898,2025-01-14,Pending,Hyderabad,Mobile App
2715,585,2024-12-22,Cancelled,Nashik,Mobile App
2716,114,2025-08-29,Delivered,Kolkata,Website
2717,598,2025-04-18,Cancelled,Pune,Marketplace
2718,867,2025-10-08,Shipped,Bengaluru,Mobile App
2719,193,2025-10-16,Delivered,Indore,Website
2720,15,2024-12-02,Cancelled,Gurugram,Marketplace
2721,269,2024-12-02,Pending,Kolkata,Marketplace
2722,436,2025-05-23,Pending,Pune,Marketplace
2723,536,2024-04-17,Delivered,Pune,Mobile App
2724,215,2025-06-24,Delivered,Kochi,Mobile App
2725,794,2024-03-24,Delivered,Kochi,Marketplace
2726,855,2025-07-05,Delivered,Hyderabad,Mobile App
2727,909,2024-01-24,Cancelled,Bengaluru,Marketplace
2728,990,2025-08-09,Delivered,Nashik,Website
2729,480,2025-08-13,Delivered,Hyderabad,Mobile App
2730,436,2025-03-09,Delivered,Pune,Mobile App
2731,92,2025-10-05,Pending,Delhi,Mobile App
2732,769,2024-01-22,Cancelled,Hyderabad,Mobile App
2733,788,2025-11-15,Delivered,Hyderabad,Website
2734,765,2024-05-04,Delivered,Kolkata,Mobile App
2735,11,2024-09-11,Processing,Delhi,Marketplace
2736,486,2024-11-10,Delivered,Hyderabad,Website
2737,741,2025-03-12,Delivered,Pune,Mobile App
2738,847,2025-07-01,Pending,Chennai,Website
2739,291,2024-12-01,Delivered,Chennai,Website
2740,473,2024-07-30,Delivered,Indore,Mobile App
2741,806,2025-06-27,Delivered,Noida,Website
2742,937,2025-03-26,Delivered,Hyderabad,Mobile App
2743,614,2025-02-14,Delivered,Noida,Website
2744,634,2024-03-02,Cancelled,Mumbai,Mobile App
2745,999,2025-03-16,Delivered,Chennai,Website
2746,682,2024-09-09,Delivered,Kochi,Website
2747,385,2024-09-02,Delivered,Indore,Website
2748,809,2024-04-28,Delivered,Gurugram,Website
2749,696,2025-09-20,Delivered,Nagpur,Mobile App
2750,246,2025-04-27,Delivered,Ahmedabad,Marketplace
2751,558,2025-08-31,Delivered,Delhi,Website
2752,352,2024-09-12,Delivered,Kolkata,Website
2753,262,2024-09-19,Delivered,Indore,Website
2754,36,2024-04-17,Delivered,Gurugram,Marketplace
2755,332,2025-10-11,Shipped,Pune,Marketplace
2756,651,2024-11-02,Delivered,Jaipur,Marketplace
2757,987,2024-05-07,Delivered,Kochi,Mobile App
2758,139,2025-05-17,Processing,Indore,Website
2759,430,2024-08-01,Delivered,Noida,Marketplace
2760,270,2025-10-10,Delivered,Mumbai,Website
2761,774,2025-08-15,Delivered,Nashik,Website
2762,23,2025-08-12,Delivered,Delhi,Mobile App
2763,267,2025-12-12,Cancelled,Kochi,Mobile App
2764,989,2025-12-09,Shipped,Hyderabad,Website
2765,550,2024-10-11,Processing,Pune,Mobile App
2766,893,2024-11-23,Cancelled,Gurugram,Marketplace
2767,243,2024-12-02,Delivered,Nagpur,Mobile App
2768,127,2025-04-09,Delivered,Gurugram,Mobile App
2769,436,2025-07-20,Processing,Kolkata,Website
2770,393,2024-10-04,Pending,Mumbai,Website
2771,970,2024-08-01,Delivered,Indore,Website
2772,506,2024-07-29,Delivered,Indore,Mobile App
2773,985,2025-06-08,Delivered,Ahmedabad,Website
2774,780,2025-05-01,Delivered,Pune,Website
2775,9,2025-09-11,Delivered,Hyderabad,Website
2776,846,2025-10-14,Shipped,Nagpur,Mobile App
2777,406,2024-05-16,Delivered,Mumbai,Marketplace
2778,70,2025-11-01,Shipped,Nashik,Marketplace
2779,626,2024-02-05,Cancelled,Ahmedabad,Mobile App
2780,8,2024-10-01,Cancelled,Hyderabad,Website
2781,707,2025-05-21,Cancelled,Bengaluru,Website
2782,221,2024-06-12,Delivered,Nashik,Mobile App
2783,659,2024-03-18,Delivered,Hyderabad,Mobile App
2784,102,2025-10-11,Shipped,Mumbai,Website
2785,975,2025-04-21,Delivered,Gurugram,Mobile App
2786,155,2025-02-03,Processing,Ahmedabad,Website
2787,188,2024-06-30,Delivered,Kochi,Website
2788,148,2024-07-08,Delivered,Gurugram,Marketplace
2789,662,2025-11-20,Delivered,Chennai,Website
2790,849,2025-09-28,Delivered,Kochi,Website
2791,442,2024-04-11,Cancelled,Hyderabad,Mobile App
2792,153,2025-07-13,Delivered,Chennai,Website
2793,957,2024-06-04,Pending,Gurugram,Website
2794,812,2024-08-30,Delivered,Chennai,Website
2795,585,2025-01-04,Delivered,Ahmedabad,Website
2796,348,2025-04-21,Delivered,Hyderabad,Website
2797,507,2024-09-06,Delivered,Ahmedabad,Marketplace
2798,27,2025-04-17,Delivered,Jaipur,Website
2799,798,2024-02-05,Delivered,Chennai,Website
2800,210,2025-07-07,Pending,Pune,Mobile App
2801,484,2024-03-18,Delivered,Delhi,Website
2802,26,2024-09-16,Delivered,Kolkata,Website
2803,418,2024-04-24,Processing,Gurugram,Website
2804,828,2024-03-11,Delivered,Bengaluru,Website
2805,251,2025-02-20,Delivered,Kochi,Website
2806,309,2024-10-27,Shipped,Nagpur,Website
2807,148,2024-04-05,Delivered,Gurugram,Website
2808,220,2025-08-24,Delivered,Bengaluru,Marketplace
2809,936,2025-11-11,Cancelled,Hyderabad,Website
2810,844,2025-04-01,Pending,Indore,Website
2811,632,2024-01-24,Delivered,Hyderabad,Mobile App
2812,362,2024-11-19,Delivered,Gurugram,Website
2813,668,2025-04-21,Delivered,Mumbai,Mobile App
2814,994,2025-11-24,Delivered,Kochi,Mobile App
2815,599,2025-07-07,Delivered,Noida,Website
2816,109,2025-08-11,Delivered,Noida,Marketplace
2817,596,2024-04-03,Delivered,Chennai,Marketplace
2818,776,2025-12-20,Delivered,Indore,Mobile App
2819,424,2024-09-18,Delivered,Jaipur,Marketplace
2820,527,2025-11-21,Delivered,Nashik,Website
2821,61,2024-01-10,Delivered,Chennai,Mobile App
2822,25,2025-06-07,Cancelled,Nashik,Mobile App
2823,1000,2024-03-31,Processing,Gurugram,Website
2824,299,2025-09-26,Shipped,Gurugram,Website
2825,45,2024-02-21,Delivered,Noida,Mobile App
2826,956,2024-07-25,Delivered,Jaipur,Website
2827,203,2024-11-29,Processing,Ahmedabad,Website
2828,448,2024-10-03,Delivered,Noida,Website
2829,230,2025-08-10,Processing,Chennai,Website
2830,192,2024-05-31,Cancelled,Ahmedabad,Website
2831,171,2024-07-23,Cancelled,Ahmedabad,Marketplace
2832,152,2024-01-15,Delivered,Indore,Marketplace
2833,780,2024-08-11,Delivered,Hyderabad,Mobile App
2834,386,2024-09-11,Pending,Delhi,Marketplace
2835,465,2024-09-02,Delivered,Noida,Website
2836,534,2025-08-08,Pending,Kolkata,Website
2837,259,2024-05-01,Delivered,Jaipur,Mobile App
2838,877,2024-04-04,Delivered,Jaipur,Website
2839,241,2024-05-22,Cancelled,Chennai,Mobile App
2840,852,2025-08-18,Delivered,Ahmedabad,Mobile App
2841,758,2025-09-24,Delivered,Kolkata,Mobile App
2842,345,2024-11-03,Delivered,Pune,Marketplace
2843,888,2025-07-14,Delivered,Delhi,Website
2844,52,2024-01-24,Shipped,Ahmedabad,Mobile App
2845,701,2024-08-12,Delivered,Kochi,Website
2846,856,2024-09-07,Processing,Bengaluru,Website
2847,904,2024-03-28,Delivered,Bengaluru,Mobile App
2848,379,2025-12-11,Delivered,Noida,Mobile App
2849,986,2024-11-12,Delivered,Jaipur,Mobile App
2850,825,2025-11-11,Delivered,Gurugram,Website
2851,245,2024-10-11,Delivered,Nagpur,Website
2852,967,2025-08-11,Delivered,Gurugram,Mobile App
2853,721,2024-10-06,Shipped,Ahmedabad,Website
2854,55,2024-04-07,Delivered,Nagpur,Marketplace
2855,739,2024-01-17,Pending,Kochi,Mobile App
2856,94,2025-12-06,Delivered,Jaipur,Website
2857,458,2025-09-02,Shipped,Nagpur,Website
2858,985,2025-02-04,Delivered,Ahmedabad,Mobile App
2859,72,2025-05-23,Delivered,Ahmedabad,Website
2860,233,2025-01-02,Delivered,Gurugram,Website
2861,974,2024-08-15,Delivered,Ahmedabad,Website
2862,90,2024-06-12,Delivered,Noida,Marketplace
2863,565,2025-12-19,Delivered,Delhi,Mobile App
2864,961,2024-03-12,Delivered,Hyderabad,Website
2865,19,2024-10-20,Delivered,Pune,Marketplace
2866,63,2025-04-20,Delivered,Mumbai,Website
2867,419,2024-01-25,Delivered,Indore,Website
2868,147,2025-04-14,Delivered,Nashik,Marketplace
2869,930,2024-06-28,Delivered,Ahmedabad,Mobile App
2870,948,2025-10-04,Delivered,Nagpur,Website
2871,671,2024-09-27,Processing,Pune,Website
2872,754,2025-03-15,Delivered,Mumbai,Marketplace
2873,791,2024-09-21,Delivered,Kolkata,Marketplace
2874,313,2025-11-01,Delivered,Kolkata,Website
2875,225,2025-10-11,Delivered,Mumbai,Website
2876,91,2024-12-06,Delivered,Mumbai,Mobile App
2877,818,2025-10-02,Processing,Bengaluru,Mobile App
2878,153,2024-09-22,Delivered,Chennai,Website
2879,503,2025-02-23,Delivered,Chennai,Website
2880,104,2025-11-26,Delivered,Jaipur,Marketplace
2881,404,2025-04-08,Processing,Hyderabad,Mobile App
2882,721,2025-01-31,Processing,Kolkata,Website
2883,157,2024-05-13,Delivered,Kochi,Marketplace
2884,901,2025-03-28,Shipped,Gurugram,Mobile App
2885,523,2024-10-03,Pending,Jaipur,Mobile App
2886,83,2025-11-09,Delivered,Jaipur,Website
2887,16,2024-02-07,Delivered,Kolkata,Mobile App
2888,513,2025-08-02,Delivered,Kochi,Website
2889,241,2024-11-16,Shipped,Bengaluru,Website
2890,744,2025-03-05,Shipped,Noida,Website
2891,114,2024-06-03,Delivered,Delhi,Mobile App
2892,620,2024-12-30,Delivered,Nashik,Mobile App
2893,18,2025-02-13,Delivered,Delhi,Website
2894,839,2024-03-31,Pending,Gurugram,Mobile App
2895,505,2024-07-19,Delivered,Ahmedabad,Website
2896,256,2024-01-03,Shipped,Indore,Website
2897,346,2025-11-24,Delivered,Hyderabad,Marketplace
2898,515,2024-07-02,Cancelled,Mumbai,Website
2899,821,2025-03-05,Delivered,Delhi,Website
2900,793,2024-01-19,Delivered,Hyderabad,Website
2901,45,2024-07-05,Delivered,Hyderabad,Website
2902,673,2024-10-12,Delivered,Ahmedabad,Website
2903,31,2024-05-01,Cancelled,Bengaluru,Mobile App
2904,974,2025-06-24,Delivered,Nashik,Mobile App
2905,103,2025-12-31,Cancelled,Delhi,Website
2906,60,2024-07-26,Delivered,Nashik,Website
2907,458,2025-07-17,Pending,Nagpur,Marketplace
2908,51,2024-03-23,Delivered,Delhi,Marketplace
2909,215,2024-10-31,Shipped,Indore,Website
2910,110,2025-12-07,Delivered,Kolkata,Mobile App
2911,781,2025-10-29,Delivered,Bengaluru,Mobile App
2912,906,2025-10-07,Cancelled,Nagpur,Mobile App
2913,963,2024-12-29,Cancelled,Delhi,Mobile App
2914,53,2025-06-03,Delivered,Pune,Website
2915,652,2025-04-22,Pending,Jaipur,Website
2916,10,2025-10-05,Delivered,Chennai,Website
2917,229,2024-12-11,Delivered,Kolkata,Website
2918,945,2024-06-19,Delivered,Bengaluru,Mobile App
2919,536,2024-01-04,Delivered,Ahmedabad,Mobile App
2920,733,2024-08-20,Delivered,Pune,Website
2921,566,2025-12-07,Delivered,Gurugram,Marketplace
2922,159,2024-05-12,Shipped,Chennai,Marketplace
2923,603,2025-10-10,Processing,Noida,Mobile App
2924,124,2025-07-02,Delivered,Indore,Website
2925,459,2025-03-05,Delivered,Kochi,Marketplace
2926,187,2024-10-20,Delivered,Noida,Mobile App
2927,376,2024-12-26,Delivered,Mumbai,Website
2928,667,2024-09-20,Delivered,Indore,Mobile App
2929,139,2024-08-06,Shipped,Nagpur,Marketplace
2930,125,2025-02-04,Delivered,Delhi,Mobile App
2931,782,2025-01-26,Delivered,Bengaluru,Website
2932,484,2024-01-21,Delivered,Delhi,Mobile App
2933,68,2025-03-23,Delivered,Pune,Mobile App
2934,937,2025-01-08,Cancelled,Nagpur,Website
2935,57,2024-04-28,Shipped,Kochi,Website
2936,75,2024-01-05,Delivered,Kochi,Website
2937,48,2025-10-26,Delivered,Jaipur,Mobile App
2938,289,2024-08-04,Cancelled,Kolkata,Mobile App
2939,887,2024-08-15,Delivered,Nagpur,Marketplace
2940,516,2024-03-08,Delivered,Hyderabad,Marketplace
2941,757,2025-03-11,Delivered,Kochi,Website
2942,879,2024-08-22,Delivered,Indore,Marketplace
2943,387,2025-05-02,Cancelled,Chennai,Mobile App
2944,398,2025-12-16,Delivered,Nagpur,Website
2945,684,2025-09-21,Shipped,Delhi,Mobile App
2946,96,2024-01-04,Delivered,Indore,Mobile App
2947,934,2025-05-25,Delivered,Nagpur,Mobile App
2948,840,2025-08-22,Pending,Pune,Website
2949,253,2025-07-19,Delivered,Chennai,Marketplace
2950,114,2024-05-20,Delivered,Kolkata,Website
2951,505,2024-12-03,Pending,Ahmedabad,Mobile App
2952,784,2025-07-30,Delivered,Hyderabad,Website
2953,159,2025-01-20,Shipped,Chennai,Mobile App
2954,832,2025-09-04,Delivered,Chennai,Website
2955,158,2024-10-29,Pending,Hyderabad,Mobile App
2956,379,2024-10-13,Delivered,Noida,Website
2957,367,2024-03-07,Delivered,Noida,Website
2958,847,2025-05-27,Delivered,Noida,Mobile App
2959,773,2025-10-29,Delivered,Kolkata,Website
2960,681,2024-03-03,Delivered,Nagpur,Website
2961,234,2025-06-26,Delivered,Nagpur,Website
2962,842,2024-03-15,Shipped,Indore,Website
2963,471,2025-11-18,Delivered,Hyderabad,Mobile App
2964,341,2024-09-22,Pending,Nashik,Mobile App
2965,152,2025-04-06,Delivered,Indore,Website
2966,47,2025-04-04,Delivered,Kochi,Website
2967,669,2025-01-21,Cancelled,Kolkata,Marketplace
2968,881,2025-12-24,Delivered,Jaipur,Mobile App
2969,991,2025-02-14,Delivered,Kolkata,Website
2970,129,2024-08-11,Shipped,Nagpur,Mobile App
2971,487,2025-09-13,Delivered,Chennai,Website
2972,270,2025-06-13,Shipped,Mumbai,Website
2973,696,2024-08-27,Delivered,Nagpur,Mobile App
2974,797,2024-08-28,Delivered,Mumbai,Website
2975,538,2025-09-10,Pending,Nagpur,Mobile App
2976,761,2024-03-26,Processing,Delhi,Marketplace
2977,440,2024-09-20,Pending,Kolkata,Mobile App
2978,756,2024-11-25,Delivered,Gurugram,Mobile App
2979,610,2025-04-19,Delivered,Nashik,Website
2980,447,2024-03-19,Delivered,Nashik,Mobile App
2981,540,2024-09-22,Delivered,Indore,Website
2982,413,2024-05-13,Delivered,Nagpur,Website
2983,181,2024-06-28,Processing,Gurugram,Website
2984,780,2024-03-17,Shipped,Jaipur,Marketplace
2985,437,2025-09-13,Delivered,Gurugram,Website
2986,59,2024-10-28,Delivered,Hyderabad,Website
2987,275,2025-07-19,Delivered,Jaipur,Website
2988,180,2024-04-16,Shipped,Mumbai,Website
2989,878,2024-07-02,Delivered,Chennai,Website
2990,985,2025-08-05,Pending,Ahmedabad,Marketplace
2991,912,2024-09-29,Delivered,Noida,Mobile App
2992,80,2024-03-03,Delivered,Jaipur,Website
2993,476,2024-01-20,Shipped,Pune,Website
2994,199,2025-04-01,Shipped,Gurugram,Website
2995,12,2024-02-03,Delivered,Ahmedabad,Website
2996,856,2025-04-14,Delivered,Delhi,Mobile App
2997,874,2024-04-25,Shipped,Indore,Mobile App
2998,802,2025-03-30,Delivered,Delhi,Mobile App
2999,553,2024-08-15,Processing,Delhi,Website
3000,952,2024-11-28,Delivered,Bengaluru,Website
3001,747,2025-09-19,Pending,Jaipur,Website
3002,619,2024-08-12,Cancelled,Delhi,Mobile App
3003,162,2025-05-20,Delivered,Nagpur,Marketplace
3004,121,2025-01-31,Delivered,Indore,Website
3005,791,2025-07-30,Pending,Kolkata,Mobile App
3006,736,2025-03-05,Delivered,Indore,Mobile App
3007,465,2024-06-19,Delivered,Noida,Marketplace
3008,603,2025-05-15,Delivered,Noida,Mobile App
3009,24,2025-04-08,Cancelled,Chennai,Mobile App
3010,309,2024-01-03,Delivered,Delhi,Website
3011,423,2024-01-23,Delivered,Gurugram,Mobile App
3012,945,2024-04-15,Delivered,Nagpur,Mobile App
3013,170,2024-07-09,Pending,Kolkata,Mobile App
3014,307,2024-08-31,Delivered,Ahmedabad,Mobile App
3015,936,2024-02-05,Delivered,Hyderabad,Website
3016,981,2024-07-16,Delivered,Gurugram,Marketplace
3017,251,2025-01-01,Delivered,Bengaluru,Website
3018,668,2024-12-05,Delivered,Pune,Mobile App
3019,747,2024-08-19,Processing,Jaipur,Mobile App
3020,700,2024-02-04,Delivered,Nagpur,Mobile App
3021,568,2025-07-27,Delivered,Ahmedabad,Website
3022,795,2024-09-08,Delivered,Jaipur,Mobile App
3023,404,2024-06-16,Delivered,Hyderabad,Mobile App
3024,28,2024-12-21,Delivered,Ahmedabad,Marketplace
3025,237,2024-05-05,Delivered,Bengaluru,Mobile App
3026,93,2024-06-14,Shipped,Pune,Mobile App
3027,770,2025-09-04,Delivered,Ahmedabad,Mobile App
3028,138,2024-02-27,Delivered,Kolkata,Mobile App
3029,203,2024-03-18,Delivered,Ahmedabad,Website
3030,164,2024-03-08,Shipped,Mumbai,Mobile App
3031,888,2024-10-01,Delivered,Nashik,Marketplace
3032,351,2025-09-29,Processing,Gurugram,Website
3033,406,2025-04-02,Delivered,Kolkata,Mobile App
3034,238,2025-02-14,Delivered,Indore,Marketplace
3035,485,2024-11-22,Delivered,Jaipur,Marketplace
3036,258,2025-01-27,Delivered,Chennai,Website
3037,636,2025-03-11,Delivered,Nashik,Website
3038,585,2025-08-30,Delivered,Nashik,Mobile App
3039,276,2024-11-18,Shipped,Nagpur,Website
3040,723,2024-04-18,Delivered,Delhi,Marketplace
3041,364,2024-01-11,Delivered,Bengaluru,Mobile App
3042,143,2024-04-12,Delivered,Hyderabad,Website
3043,862,2024-02-20,Delivered,Pune,Marketplace
3044,473,2025-10-15,Delivered,Noida,Marketplace
3045,384,2025-12-10,Cancelled,Nagpur,Marketplace
3046,514,2025-07-12,Delivered,Jaipur,Mobile App
3047,330,2025-12-18,Processing,Ahmedabad,Website
3048,950,2024-01-08,Delivered,Gurugram,Mobile App
3049,442,2025-05-19,Delivered,Nashik,Marketplace
3050,902,2024-08-28,Cancelled,Noida,Marketplace
3051,441,2024-12-28,Delivered,Mumbai,Website
3052,479,2025-07-09,Delivered,Bengaluru,Website
3053,533,2024-12-07,Delivered,Hyderabad,Mobile App
3054,544,2024-07-15,Pending,Mumbai,Marketplace
3055,329,2025-12-17,Delivered,Nagpur,Website
3056,177,2024-01-19,Cancelled,Pune,Mobile App
3057,675,2025-08-21,Pending,Bengaluru,Marketplace
3058,883,2025-10-14,Shipped,Delhi,Website
3059,600,2025-02-05,Delivered,Delhi,Website
3060,359,2024-01-09,Cancelled,Pune,Website
3061,815,2025-11-10,Processing,Ahmedabad,Mobile App
3062,308,2025-04-02,Delivered,Delhi,Mobile App
3063,258,2024-07-03,Delivered,Jaipur,Marketplace
3064,812,2024-06-15,Delivered,Kolkata,Website
3065,588,2024-06-28,Delivered,Ahmedabad,Mobile App
3066,428,2025-02-07,Delivered,Nashik,Website
3067,420,2025-02-12,Delivered,Indore,Website
3068,860,2024-02-23,Processing,Mumbai,Website
3069,69,2025-05-03,Shipped,Hyderabad,Website
3070,238,2025-09-21,Delivered,Indore,Website
3071,225,2024-09-08,Delivered,Ahmedabad,Mobile App
3072,138,2024-06-13,Delivered,Kolkata,Website
3073,607,2024-08-15,Delivered,Chennai,Website
3074,989,2024-01-22,Processing,Hyderabad,Mobile App
3075,39,2024-11-24,Delivered,Kolkata,Marketplace
3076,767,2025-03-04,Shipped,Noida,Marketplace
3077,892,2024-05-12,Delivered,Gurugram,Mobile App
3078,962,2024-12-28,Delivered,Bengaluru,Website
3079,178,2024-07-23,Delivered,Bengaluru,Mobile App
3080,675,2024-05-30,Shipped,Bengaluru,Website
3081,889,2024-07-21,Pending,Gurugram,Mobile App
3082,812,2025-09-24,Delivered,Kolkata,Marketplace
3083,307,2024-05-20,Processing,Ahmedabad,Website
3084,283,2024-10-21,Delivered,Nashik,Mobile App
3085,476,2025-04-26,Delivered,Hyderabad,Website
3086,974,2025-03-06,Shipped,Delhi,Marketplace
3087,214,2024-09-14,Delivered,Kolkata,Marketplace
3088,839,2024-10-11,Shipped,Gurugram,Website
3089,349,2024-04-12,Delivered,Mumbai,Marketplace
3090,856,2025-05-21,Delivered,Bengaluru,Website
3091,715,2024-07-06,Delivered,Delhi,Mobile App
3092,456,2024-11-11,Delivered,Gurugram,Mobile App
3093,173,2024-08-12,Delivered,Bengaluru,Website
3094,202,2025-05-28,Pending,Mumbai,Website
3095,780,2024-01-12,Delivered,Kolkata,Mobile App
3096,764,2024-08-18,Delivered,Delhi,Mobile App
3097,43,2024-10-14,Cancelled,Jaipur,Mobile App
3098,752,2025-12-24,Delivered,Noida,Marketplace
3099,4,2025-09-01,Delivered,Noida,Website
3100,907,2024-11-16,Delivered,Nagpur,Website
3101,744,2024-10-12,Delivered,Ahmedabad,Website
3102,818,2024-02-03,Delivered,Mumbai,Mobile App
3103,269,2025-11-19,Delivered,Delhi,Mobile App
3104,651,2025-02-24,Cancelled,Jaipur,Mobile App
3105,980,2025-06-19,Delivered,Jaipur,Website
3106,746,2025-01-19,Delivered,Kochi,Mobile App
3107,877,2024-12-25,Shipped,Jaipur,Website
3108,479,2024-05-14,Delivered,Indore,Website
3109,567,2024-03-09,Delivered,Bengaluru,Mobile App
3110,532,2025-01-16,Pending,Ahmedabad,Mobile App
3111,961,2024-03-02,Delivered,Nagpur,Mobile App
3112,591,2024-04-22,Delivered,Mumbai,Website
3113,715,2025-04-10,Delivered,Delhi,Website
3114,1000,2024-08-29,Delivered,Delhi,Website
3115,922,2024-02-07,Delivered,Kochi,Website
3116,436,2025-08-29,Delivered,Pune,Website
3117,661,2025-03-26,Delivered,Gurugram,Website
3118,718,2024-05-03,Delivered,Jaipur,Mobile App
3119,431,2025-02-24,Shipped,Indore,Mobile App
3120,288,2024-03-24,Delivered,Gurugram,Mobile App
3121,520,2025-03-17,Delivered,Hyderabad,Website
3122,613,2024-02-17,Delivered,Ahmedabad,Website
3123,312,2025-11-27,Pending,Noida,Mobile App
3124,890,2025-05-30,Cancelled,Mumbai,Mobile App
3125,323,2025-10-14,Delivered,Mumbai,Mobile App
3126,310,2025-08-07,Delivered,Chennai,Mobile App
3127,269,2025-10-25,Shipped,Delhi,Mobile App
3128,80,2025-07-12,Shipped,Jaipur,Website
3129,417,2025-02-04,Delivered,Kolkata,Website
3130,782,2024-06-15,Delivered,Indore,Marketplace
3131,486,2024-07-15,Processing,Kolkata,Website
3132,858,2025-06-05,Shipped,Jaipur,Marketplace
3133,836,2025-07-03,Processing,Chennai,Mobile App
3134,429,2025-12-20,Delivered,Nashik,Mobile App
3135,239,2025-04-19,Delivered,Pune,Marketplace
3136,547,2025-03-09,Pending,Chennai,Website
3137,415,2025-08-24,Delivered,Pune,Mobile App
3138,606,2025-07-02,Cancelled,Indore,Marketplace
3139,90,2025-11-21,Pending,Bengaluru,Mobile App
3140,656,2025-09-07,Cancelled,Jaipur,Website
3141,580,2025-09-17,Processing,Gurugram,Marketplace
3142,614,2024-07-02,Delivered,Noida,Mobile App
3143,195,2024-01-03,Delivered,Noida,Website
3144,279,2024-08-25,Delivered,Pune,Mobile App
3145,675,2024-09-08,Pending,Bengaluru,Mobile App
3146,711,2025-11-25,Pending,Ahmedabad,Mobile App
3147,115,2025-02-28,Delivered,Mumbai,Website
3148,386,2025-10-18,Delivered,Delhi,Website
3149,905,2025-10-22,Delivered,Kolkata,Marketplace
3150,54,2024-04-15,Delivered,Indore,Mobile App
3151,944,2025-11-04,Delivered,Noida,Website
3152,2,2024-07-23,Processing,Pune,Mobile App
3153,960,2025-09-05,Processing,Kolkata,Website
3154,457,2024-02-19,Delivered,Delhi,Mobile App
3155,531,2025-10-17,Shipped,Pune,Mobile App
3156,412,2024-06-02,Delivered,Delhi,Website
3157,179,2025-10-28,Shipped,Mumbai,Website
3158,540,2024-11-30,Cancelled,Indore,Marketplace
3159,469,2024-05-30,Delivered,Bengaluru,Marketplace
3160,975,2025-08-01,Delivered,Gurugram,Mobile App
3161,91,2024-03-18,Delivered,Mumbai,Marketplace
3162,702,2024-04-25,Cancelled,Delhi,Marketplace
3163,176,2025-04-28,Delivered,Bengaluru,Mobile App
3164,544,2024-05-16,Shipped,Mumbai,Website
3165,59,2025-10-12,Cancelled,Nashik,Marketplace
3166,200,2025-11-19,Shipped,Noida,Website
3167,334,2025-09-01,Delivered,Ahmedabad,Mobile App
3168,343,2025-06-18,Cancelled,Indore,Website
3169,183,2024-01-12,Cancelled,Pune,Mobile App
3170,674,2024-05-26,Delivered,Ahmedabad,Website
3171,418,2025-09-02,Delivered,Gurugram,Marketplace
3172,980,2024-08-16,Delivered,Jaipur,Website
3173,932,2024-09-29,Delivered,Chennai,Mobile App
3174,722,2024-03-01,Delivered,Mumbai,Mobile App
3175,1,2024-05-15,Shipped,Jaipur,Website
3176,137,2025-12-07,Delivered,Gurugram,Website
3177,783,2025-03-11,Delivered,Chennai,Mobile App
3178,451,2025-01-11,Pending,Kochi,Website
3179,249,2025-02-13,Pending,Nagpur,Marketplace
3180,523,2025-07-13,Delivered,Jaipur,Mobile App
3181,463,2025-05-25,Delivered,Kochi,Marketplace
3182,410,2025-02-24,Delivered,Nashik,Website
3183,439,2024-02-09,Delivered,Ahmedabad,Mobile App
3184,994,2025-06-25,Delivered,Nashik,Website
3185,596,2024-11-13,Delivered,Chennai,Marketplace
3186,909,2025-11-13,Shipped,Bengaluru,Website
3187,263,2024-07-09,Delivered,Kochi,Website
3188,421,2025-07-31,Delivered,Hyderabad,Website
3189,75,2025-04-09,Processing,Kochi,Website
3190,194,2024-12-19,Delivered,Indore,Marketplace
3191,616,2025-11-04,Pending,Ahmedabad,Mobile App
3192,811,2025-07-15,Delivered,Noida,Mobile App
3193,489,2025-02-13,Delivered,Ahmedabad,Mobile App
3194,626,2024-07-10,Delivered,Mumbai,Website
3195,253,2024-09-17,Delivered,Chennai,Marketplace
3196,827,2024-09-14,Shipped,Pune,Website
3197,618,2025-06-24,Cancelled,Ahmedabad,Website
3198,130,2025-02-16,Delivered,Nashik,Website
3199,305,2024-02-20,Delivered,Gurugram,Mobile App
3200,409,2024-05-30,Shipped,Noida,Marketplace
3201,980,2024-11-08,Cancelled,Jaipur,Marketplace
3202,892,2024-10-18,Cancelled,Gurugram,Website
3203,122,2024-01-18,Delivered,Gurugram,Website
3204,923,2025-10-12,Shipped,Ahmedabad,Website
3205,628,2025-07-07,Delivered,Chennai,Mobile App
3206,305,2024-06-12,Cancelled,Gurugram,Mobile App
3207,304,2024-01-12,Delivered,Jaipur,Website
3208,532,2024-07-06,Delivered,Mumbai,Mobile App
3209,497,2025-03-12,Delivered,Pune,Mobile App
3210,268,2025-07-26,Shipped,Gurugram,Marketplace
3211,583,2025-07-12,Shipped,Mumbai,Mobile App
3212,878,2025-01-13,Delivered,Hyderabad,Website
3213,486,2025-11-05,Delivered,Kolkata,Website
3214,631,2025-02-22,Delivered,Delhi,Mobile App
3215,492,2024-06-05,Cancelled,Chennai,Mobile App
3216,987,2024-10-24,Shipped,Kochi,Website
3217,962,2024-11-10,Delivered,Bengaluru,Website
3218,231,2024-03-15,Delivered,Jaipur,Mobile App
3219,871,2025-02-18,Delivered,Noida,Mobile App
3220,202,2025-10-19,Delivered,Mumbai,Marketplace
3221,64,2024-08-19,Delivered,Kolkata,Mobile App
3222,990,2024-02-16,Delivered,Nashik,Mobile App
3223,856,2025-08-20,Delivered,Bengaluru,Website
3224,496,2024-07-17,Delivered,Nashik,Website
3225,189,2024-10-27,Shipped,Ahmedabad,Mobile App
3226,294,2025-07-17,Delivered,Gurugram,Website
3227,455,2025-07-01,Delivered,Gurugram,Website
3228,68,2024-01-06,Cancelled,Pune,Website
3229,797,2025-09-14,Delivered,Mumbai,Website
3230,941,2025-12-05,Delivered,Hyderabad,Website
3231,712,2024-09-01,Processing,Kolkata,Mobile App
3232,356,2024-03-21,Delivered,Gurugram,Marketplace
3233,38,2025-09-11,Pending,Ahmedabad,Website
3234,2,2024-12-18,Delivered,Nagpur,Mobile App
3235,828,2024-04-07,Delivered,Bengaluru,Website
3236,820,2025-09-26,Delivered,Nagpur,Mobile App
3237,120,2025-02-11,Delivered,Kolkata,Mobile App
3238,52,2024-10-18,Delivered,Chennai,Mobile App
3239,13,2024-11-14,Delivered,Mumbai,Mobile App
3240,19,2024-09-11,Delivered,Noida,Website
3241,84,2025-07-06,Delivered,Delhi,Website
3242,788,2024-06-13,Pending,Hyderabad,Website
3243,527,2025-01-15,Shipped,Nashik,Website
3244,972,2024-10-12,Delivered,Chennai,Website
3245,456,2025-06-30,Delivered,Gurugram,Website
3246,623,2025-12-15,Delivered,Delhi,Website
3247,448,2025-12-27,Delivered,Chennai,Website
3248,739,2025-03-03,Delivered,Kochi,Website
3249,480,2024-11-03,Delivered,Hyderabad,Marketplace
3250,922,2024-02-24,Pending,Gurugram,Website
3251,738,2025-09-11,Delivered,Mumbai,Mobile App
3252,43,2025-11-26,Cancelled,Jaipur,Mobile App
3253,554,2025-12-10,Delivered,Kochi,Website
3254,95,2024-07-23,Cancelled,Kolkata,Website
3255,103,2024-04-08,Delivered,Noida,Website
3256,49,2024-12-17,Delivered,Indore,Website
3257,123,2024-04-24,Delivered,Kolkata,Website
3258,466,2025-12-01,Delivered,Pune,Website
3259,232,2025-09-07,Shipped,Ahmedabad,Mobile App
3260,975,2024-10-06,Delivered,Gurugram,Mobile App
3261,715,2024-02-28,Shipped,Delhi,Mobile App
3262,141,2025-10-17,Shipped,Jaipur,Mobile App
3263,297,2025-02-03,Cancelled,Ahmedabad,Website
3264,250,2025-08-13,Delivered,Gurugram,Mobile App
3265,418,2024-05-15,Shipped,Gurugram,Website
3266,778,2025-08-13,Delivered,Jaipur,Website
3267,14,2024-05-21,Cancelled,Kochi,Mobile App
3268,17,2024-05-12,Delivered,Indore,Website
3269,222,2025-02-01,Delivered,Indore,Marketplace
3270,54,2025-02-06,Delivered,Pune,Website
3271,850,2024-01-09,Delivered,Delhi,Mobile App
3272,657,2024-03-30,Delivered,Mumbai,Mobile App
3273,639,2025-07-12,Delivered,Ahmedabad,Website
3274,45,2025-08-29,Delivered,Noida,Mobile App
3275,243,2025-10-16,Delivered,Bengaluru,Website
3276,269,2024-12-13,Delivered,Delhi,Marketplace
3277,776,2025-01-14,Delivered,Indore,Website
3278,879,2024-04-24,Delivered,Delhi,Website
3279,639,2025-06-30,Delivered,Ahmedabad,Marketplace
3280,358,2025-05-19,Processing,Jaipur,Website
3281,280,2025-10-07,Delivered,Delhi,Website
3282,766,2025-07-24,Processing,Gurugram,Website
3283,338,2024-08-18,Delivered,Ahmedabad,Website
3284,575,2024-05-03,Cancelled,Indore,Website
3285,359,2025-06-26,Delivered,Kochi,Website
3286,339,2025-02-11,Processing,Bengaluru,Website
3287,814,2025-12-03,Delivered,Ahmedabad,Mobile App
3288,54,2024-11-18,Cancelled,Pune,Website
3289,832,2025-02-22,Delivered,Chennai,Website
3290,555,2025-03-09,Delivered,Jaipur,Website
3291,656,2024-06-06,Cancelled,Delhi,Website
3292,202,2024-12-27,Pending,Mumbai,Mobile App
3293,28,2024-03-13,Delivered,Ahmedabad,Website
3294,452,2024-08-23,Delivered,Kolkata,Website
3295,509,2024-04-06,Delivered,Nagpur,Mobile App
3296,586,2024-03-04,Delivered,Hyderabad,Website
3297,215,2024-09-08,Delivered,Indore,Mobile App
3298,58,2025-12-27,Delivered,Indore,Mobile App
3299,219,2024-04-09,Cancelled,Nagpur,Marketplace
3300,940,2025-04-23,Delivered,Nagpur,Mobile App
3301,587,2024-03-22,Cancelled,Jaipur,Mobile App
3302,408,2025-03-21,Processing,Kochi,Mobile App
3303,595,2024-08-07,Delivered,Noida,Website
3304,241,2024-07-18,Shipped,Chennai,Mobile App
3305,643,2025-11-17,Delivered,Nashik,Marketplace
3306,384,2025-12-04,Delivered,Nashik,Marketplace
3307,711,2025-05-04,Shipped,Pune,Mobile App
3308,251,2024-01-07,Pending,Bengaluru,Website
3309,27,2025-09-09,Delivered,Jaipur,Website
3310,871,2024-05-27,Cancelled,Noida,Mobile App
3311,806,2025-11-29,Delivered,Noida,Marketplace
3312,297,2024-09-22,Delivered,Indore,Website
3313,246,2024-06-16,Pending,Indore,Marketplace
3314,386,2025-09-24,Shipped,Delhi,Website
3315,450,2025-04-29,Shipped,Chennai,Mobile App
3316,230,2025-07-01,Shipped,Chennai,Website
3317,245,2025-12-03,Delivered,Nagpur,Website
3318,1,2024-03-07,Delivered,Jaipur,Mobile App
3319,180,2025-06-12,Delivered,Nagpur,Marketplace
3320,507,2025-11-06,Delivered,Pune,Website
3321,623,2024-01-10,Pending,Kolkata,Mobile App
3322,883,2024-03-27,Delivered,Delhi,Website
3323,919,2025-02-02,Delivered,Hyderabad,Website
3324,707,2025-09-15,Delivered,Mumbai,Marketplace
3325,128,2024-01-31,Delivered,Kolkata,Website
3326,252,2024-08-06,Delivered,Delhi,Mobile App
3327,641,2024-06-03,Shipped,Nashik,Mobile App
3328,224,2024-07-27,Processing,Mumbai,Mobile App
3329,717,2024-02-04,Processing,Hyderabad,Website
3330,490,2024-01-29,Shipped,Delhi,Website
3331,371,2024-02-23,Delivered,Hyderabad,Mobile App
3332,174,2025-09-30,Delivered,Nashik,Mobile App
3333,87,2024-02-08,Delivered,Bengaluru,Mobile App
3334,136,2025-05-22,Delivered,Indore,Marketplace
3335,485,2025-01-10,Delivered,Ahmedabad,Website
3336,381,2025-08-05,Shipped,Delhi,Mobile App
3337,15,2024-02-10,Delivered,Gurugram,Mobile App
3338,679,2024-12-31,Delivered,Delhi,Marketplace
3339,815,2024-09-25,Processing,Ahmedabad,Website
3340,459,2024-09-30,Delivered,Kochi,Mobile App
3341,107,2025-06-19,Shipped,Chennai,Mobile App
3342,696,2025-05-11,Cancelled,Chennai,Website
3343,613,2024-03-20,Delivered,Noida,Website
3344,604,2025-09-27,Shipped,Mumbai,Marketplace
3345,612,2025-12-20,Pending,Ahmedabad,Mobile App
3346,794,2025-03-22,Delivered,Kochi,Mobile App
3347,999,2025-08-27,Delivered,Chennai,Website
3348,161,2025-07-15,Delivered,Noida,Mobile App
3349,77,2025-11-07,Shipped,Bengaluru,Mobile App
3350,576,2024-12-13,Delivered,Pune,Mobile App
3351,187,2025-12-02,Delivered,Noida,Marketplace
3352,897,2024-06-16,Delivered,Jaipur,Mobile App
3353,544,2025-12-21,Shipped,Bengaluru,Website
3354,911,2025-10-14,Delivered,Kochi,Mobile App
3355,517,2025-12-13,Delivered,Kolkata,Mobile App
3356,145,2024-05-11,Delivered,Hyderabad,Mobile App
3357,495,2024-02-29,Delivered,Hyderabad,Mobile App
3358,70,2025-02-01,Delivered,Nashik,Website
3359,749,2024-07-23,Cancelled,Delhi,Mobile App
3360,411,2024-11-09,Delivered,Ahmedabad,Mobile App
3361,891,2024-10-04,Delivered,Hyderabad,Mobile App
3362,704,2025-03-30,Delivered,Bengaluru,Mobile App
3363,198,2025-11-25,Delivered,Kochi,Mobile App
3364,941,2025-03-31,Delivered,Mumbai,Website
3365,860,2025-07-10,Delivered,Delhi,Website
3366,411,2024-05-15,Delivered,Hyderabad,Website
3367,327,2025-04-05,Cancelled,Mumbai,Website
3368,512,2025-11-12,Shipped,Hyderabad,Website
3369,777,2025-01-02,Shipped,Gurugram,Marketplace
3370,177,2024-09-17,Delivered,Pune,Website
3371,396,2025-06-20,Delivered,Noida,Mobile App
3372,828,2025-06-27,Shipped,Bengaluru,Website
3373,74,2025-02-28,Delivered,Indore,Website
3374,180,2024-09-19,Shipped,Nagpur,Mobile App
3375,603,2025-09-18,Delivered,Noida,Website
3376,869,2024-07-25,Delivered,Noida,Mobile App
3377,437,2024-01-18,Delivered,Gurugram,Website
3378,482,2024-02-12,Cancelled,Noida,Marketplace
3379,419,2024-07-17,Delivered,Indore,Mobile App
3380,275,2024-06-06,Shipped,Jaipur,Website
3381,178,2024-02-16,Pending,Bengaluru,Website
3382,627,2025-07-01,Delivered,Kolkata,Marketplace
3383,765,2024-03-11,Delivered,Kolkata,Website
3384,789,2025-03-19,Delivered,Gurugram,Mobile App
3385,889,2025-08-12,Shipped,Gurugram,Website
3386,157,2025-07-22,Delivered,Kochi,Website
3387,277,2025-06-23,Delivered,Ahmedabad,Website
3388,210,2024-12-28,Cancelled,Pune,Mobile App
3389,307,2025-06-05,Processing,Ahmedabad,Website
3390,656,2025-10-16,Processing,Jaipur,Mobile App
3391,910,2024-12-10,Delivered,Chennai,Mobile App
3392,144,2025-11-04,Processing,Pune,Mobile App
3393,257,2024-10-03,Delivered,Kochi,Website
3394,239,2024-04-02,Delivered,Pune,Marketplace
3395,144,2024-12-06,Delivered,Pune,Marketplace
3396,480,2024-07-14,Shipped,Hyderabad,Website
3397,578,2025-03-26,Delivered,Kolkata,Mobile App
3398,472,2025-01-06,Delivered,Pune,Mobile App
3399,69,2025-06-09,Shipped,Hyderabad,Marketplace
3400,704,2025-06-19,Cancelled,Bengaluru,Mobile App
3401,773,2024-05-12,Shipped,Delhi,Mobile App
3402,895,2025-02-09,Cancelled,Bengaluru,Website
3403,431,2024-06-11,Delivered,Nagpur,Marketplace
3404,440,2024-02-01,Cancelled,Kolkata,Mobile App
3405,734,2025-09-29,Cancelled,Kochi,Website
3406,493,2024-10-26,Shipped,Noida,Mobile App
3407,455,2024-07-16,Cancelled,Gurugram,Website
3408,605,2024-08-06,Delivered,Hyderabad,Mobile App
3409,381,2024-04-04,Processing,Gurugram,Marketplace
3410,783,2024-04-02,Delivered,Gurugram,Website
3411,151,2025-01-25,Pending,Ahmedabad,Website
3412,638,2025-07-15,Delivered,Delhi,Website
3413,157,2024-08-29,Delivered,Kochi,Website
3414,486,2024-05-01,Delivered,Kolkata,Mobile App
3415,156,2024-06-24,Delivered,Hyderabad,Mobile App
3416,37,2025-12-26,Pending,Delhi,Website
3417,280,2025-07-09,Delivered,Delhi,Mobile App
3418,566,2024-10-14,Pending,Ahmedabad,Website
3419,266,2024-03-13,Delivered,Chennai,Mobile App
3420,322,2024-07-26,Delivered,Indore,Mobile App
3421,886,2025-07-11,Delivered,Nagpur,Mobile App
3422,767,2024-08-03,Delivered,Noida,Mobile App
3423,329,2025-05-20,Delivered,Bengaluru,Website
3424,523,2025-09-15,Pending,Jaipur,Website
3425,847,2025-07-17,Delivered,Noida,Mobile App
3426,421,2024-07-29,Delivered,Mumbai,Mobile App
3427,409,2024-03-22,Delivered,Noida,Mobile App
3428,185,2024-04-27,Processing,Ahmedabad,Website
3429,871,2024-12-07,Cancelled,Noida,Mobile App
3430,103,2024-06-07,Shipped,Noida,Mobile App
3431,660,2025-01-31,Shipped,Pune,Mobile App
3432,138,2024-01-28,Delivered,Kolkata,Marketplace
3433,398,2025-09-02,Delivered,Nagpur,Mobile App
3434,136,2024-08-12,Delivered,Indore,Mobile App
3435,397,2025-07-20,Delivered,Mumbai,Website
3436,724,2025-06-07,Delivered,Jaipur,Website
3437,924,2025-04-10,Shipped,Nagpur,Website
3438,431,2025-05-17,Delivered,Indore,Website
3439,532,2024-08-18,Processing,Ahmedabad,Website
3440,457,2024-01-14,Pending,Delhi,Mobile App
3441,785,2024-06-23,Shipped,Kochi,Marketplace
3442,103,2024-11-26,Delivered,Noida,Mobile App
3443,787,2024-11-21,Delivered,Hyderabad,Website
3444,96,2025-06-21,Delivered,Delhi,Marketplace
3445,228,2025-06-12,Delivered,Bengaluru,Website
3446,377,2025-06-05,Delivered,Kolkata,Website
3447,66,2024-11-11,Shipped,Jaipur,Marketplace
3448,105,2024-06-05,Processing,Kolkata,Website
3449,51,2024-07-22,Delivered,Pune,Website
3450,769,2025-02-06,Pending,Ahmedabad,Website
3451,39,2025-08-19,Delivered,Gurugram,Mobile App
3452,551,2024-02-24,Shipped,Chennai,Mobile App
3453,310,2025-10-04,Delivered,Pune,Website
3454,422,2025-04-29,Delivered,Mumbai,Marketplace
3455,238,2025-03-09,Cancelled,Indore,Website
3456,23,2024-03-08,Delivered,Ahmedabad,Website
3457,224,2025-05-25,Delivered,Mumbai,Website
3458,597,2025-05-25,Delivered,Kochi,Website
3459,932,2025-12-21,Delivered,Chennai,Website
3460,522,2025-02-06,Processing,Nashik,Mobile App
3461,140,2025-08-01,Pending,Delhi,Website
3462,723,2025-11-08,Delivered,Delhi,Mobile App
3463,233,2024-06-28,Delivered,Gurugram,Marketplace
3464,382,2024-03-11,Delivered,Noida,Website
3465,254,2025-08-20,Delivered,Mumbai,Marketplace
3466,933,2024-07-31,Delivered,Kochi,Mobile App
3467,261,2025-02-02,Delivered,Delhi,Mobile App
3468,587,2024-12-31,Delivered,Jaipur,Marketplace
3469,499,2024-10-01,Cancelled,Ahmedabad,Website
3470,66,2025-03-28,Delivered,Kochi,Website
3471,170,2024-03-19,Delivered,Nashik,Mobile App
3472,74,2025-10-23,Shipped,Indore,Marketplace
3473,234,2024-11-03,Shipped,Nagpur,Website
3474,911,2024-02-29,Cancelled,Kochi,Mobile App
3475,711,2025-05-13,Pending,Ahmedabad,Mobile App
3476,132,2025-08-28,Pending,Noida,Website
3477,681,2025-10-14,Processing,Kolkata,Marketplace
3478,832,2024-06-04,Delivered,Hyderabad,Marketplace
3479,768,2024-01-31,Delivered,Ahmedabad,Website
3480,839,2024-07-10,Delivered,Delhi,Website
3481,471,2024-05-06,Delivered,Hyderabad,Website
3482,446,2024-03-20,Delivered,Chennai,Website
3483,247,2024-10-11,Delivered,Mumbai,Website
3484,870,2024-05-11,Delivered,Indore,Website
3485,629,2025-08-25,Delivered,Nagpur,Marketplace
3486,743,2025-03-24,Processing,Noida,Marketplace
3487,500,2025-01-01,Delivered,Noida,Mobile App
3488,464,2025-09-21,Delivered,Chennai,Website
3489,834,2025-02-17,Delivered,Chennai,Mobile App
3490,217,2024-09-08,Pending,Bengaluru,Mobile App
3491,872,2025-02-08,Shipped,Ahmedabad,Website
3492,890,2025-01-20,Pending,Bengaluru,Website
3493,502,2024-05-11,Delivered,Chennai,Mobile App
3494,769,2024-12-31,Cancelled,Hyderabad,Marketplace
3495,649,2024-12-08,Delivered,Jaipur,Website
3496,702,2025-03-25,Delivered,Kolkata,Website
3497,623,2024-02-16,Delivered,Kolkata,Marketplace
3498,561,2024-11-27,Delivered,Jaipur,Mobile App
3499,352,2024-03-06,Cancelled,Kochi,Marketplace
3500,992,2024-10-04,Pending,Bengaluru,Marketplace
3501,409,2025-05-07,Delivered,Noida,Mobile App
3502,587,2024-01-01,Delivered,Nashik,Website
3503,948,2025-01-04,Delivered,Nagpur,Mobile App
3504,383,2025-12-04,Delivered,Bengaluru,Website
3505,367,2024-04-05,Delivered,Noida,Mobile App
3506,539,2025-06-13,Delivered,Nashik,Website
3507,896,2025-12-05,Delivered,Kolkata,Website
3508,250,2025-03-27,Delivered,Bengaluru,Website
3509,199,2024-02-23,Cancelled,Noida,Website
3510,103,2025-12-14,Delivered,Pune,Website
3511,597,2024-03-27,Delivered,Bengaluru,Website
3512,493,2025-07-01,Delivered,Noida,Marketplace
3513,16,2025-05-12,Pending,Jaipur,Mobile App
3514,47,2025-09-21,Delivered,Kochi,Website
3515,309,2024-05-11,Delivered,Delhi,Website
3516,658,2025-07-15,Delivered,Pune,Marketplace
3517,842,2025-08-15,Delivered,Indore,Mobile App
3518,74,2025-01-16,Processing,Indore,Mobile App
3519,13,2025-02-17,Delivered,Mumbai,Website
3520,982,2025-05-29,Delivered,Gurugram,Mobile App
3521,965,2024-12-09,Shipped,Kolkata,Website
3522,851,2024-05-21,Delivered,Gurugram,Website
3523,808,2024-06-06,Delivered,Nashik,Website
3524,323,2024-03-18,Delivered,Mumbai,Mobile App
3525,20,2024-04-07,Processing,Mumbai,Marketplace
3526,211,2025-06-15,Delivered,Kolkata,Website
3527,39,2024-02-02,Processing,Kolkata,Marketplace
3528,134,2024-07-07,Delivered,Hyderabad,Website
3529,671,2024-01-29,Delivered,Pune,Mobile App
3530,48,2024-03-18,Delivered,Jaipur,Mobile App
3531,215,2024-08-16,Delivered,Indore,Mobile App
3532,373,2024-07-04,Delivered,Pune,Mobile App
3533,163,2024-09-06,Cancelled,Gurugram,Mobile App
3534,422,2025-11-26,Delivered,Mumbai,Website
3535,513,2025-02-13,Delivered,Ahmedabad,Website
3536,813,2024-01-06,Delivered,Ahmedabad,Website
3537,198,2024-10-01,Delivered,Kochi,Mobile App
3538,974,2024-12-31,Delivered,Jaipur,Mobile App
3539,641,2024-09-05,Delivered,Nashik,Mobile App
3540,370,2024-06-30,Delivered,Hyderabad,Website
3541,793,2024-04-04,Delivered,Hyderabad,Website
3542,983,2025-02-17,Delivered,Mumbai,Mobile App
3543,274,2025-05-14,Pending,Nashik,Website
3544,807,2024-09-09,Shipped,Delhi,Mobile App
3545,427,2025-03-02,Delivered,Noida,Mobile App
3546,379,2024-08-12,Delivered,Chennai,Website
3547,296,2025-03-28,Pending,Indore,Mobile App
3548,445,2024-11-21,Delivered,Nagpur,Mobile App
3549,716,2025-12-06,Cancelled,Bengaluru,Mobile App
3550,902,2025-08-13,Delivered,Noida,Website
3551,297,2024-07-26,Shipped,Nagpur,Marketplace
3552,506,2025-08-29,Delivered,Indore,Mobile App
3553,161,2025-10-18,Delivered,Kochi,Marketplace
3554,974,2024-07-20,Cancelled,Ahmedabad,Website
3555,278,2024-08-05,Processing,Nashik,Mobile App
3556,513,2025-03-15,Delivered,Kochi,Website
3557,104,2025-02-06,Cancelled,Jaipur,Mobile App
3558,605,2025-10-16,Delivered,Hyderabad,Marketplace
3559,560,2025-11-04,Delivered,Ahmedabad,Marketplace
3560,690,2025-05-27,Delivered,Hyderabad,Mobile App
3561,672,2024-07-20,Cancelled,Jaipur,Website
3562,510,2024-08-01,Delivered,Nashik,Mobile App
3563,171,2024-01-05,Processing,Ahmedabad,Mobile App
3564,835,2025-05-08,Processing,Mumbai,Mobile App
3565,144,2025-01-30,Cancelled,Pune,Website
3566,126,2024-10-19,Delivered,Bengaluru,Mobile App
3567,802,2025-03-28,Delivered,Delhi,Website
3568,148,2025-08-15,Processing,Gurugram,Website
3569,720,2024-10-30,Delivered,Pune,Marketplace
3570,196,2025-09-04,Delivered,Jaipur,Marketplace
3571,882,2025-08-25,Delivered,Chennai,Website
3572,841,2025-08-09,Delivered,Pune,Marketplace
3573,113,2024-07-04,Delivered,Jaipur,Website
3574,300,2025-08-03,Delivered,Chennai,Mobile App
3575,689,2024-01-27,Delivered,Nashik,Website
3576,226,2025-09-06,Delivered,Gurugram,Website
3577,174,2024-12-24,Pending,Nashik,Website
3578,795,2024-09-09,Delivered,Jaipur,Mobile App
3579,780,2024-03-24,Delivered,Hyderabad,Marketplace
3580,221,2025-05-02,Shipped,Nashik,Mobile App
3581,820,2024-07-29,Processing,Nagpur,Mobile App
3582,289,2024-02-16,Pending,Kolkata,Mobile App
3583,91,2024-03-04,Processing,Gurugram,Mobile App
3584,39,2024-03-16,Processing,Pune,Website
3585,11,2024-10-16,Delivered,Delhi,Mobile App
3586,86,2024-01-26,Delivered,Ahmedabad,Marketplace
3587,166,2024-02-09,Delivered,Indore,Marketplace
3588,874,2025-03-03,Shipped,Indore,Mobile App
3589,34,2024-03-15,Shipped,Nashik,Website
3590,148,2024-05-04,Processing,Bengaluru,Mobile App
3591,761,2024-12-03,Delivered,Delhi,Website
3592,62,2024-08-02,Delivered,Bengaluru,Website
3593,490,2025-08-02,Processing,Delhi,Mobile App
3594,951,2025-08-28,Delivered,Delhi,Website
3595,332,2025-05-07,Delivered,Pune,Website
3596,508,2024-04-28,Delivered,Kolkata,Mobile App
3597,597,2025-11-29,Delivered,Mumbai,Marketplace
3598,311,2025-04-20,Delivered,Gurugram,Marketplace
3599,534,2025-07-22,Pending,Kolkata,Website
3600,136,2025-06-30,Delivered,Indore,Website
3601,931,2025-05-11,Processing,Noida,Marketplace
3602,219,2025-03-22,Delivered,Nagpur,Mobile App
3603,302,2025-03-14,Delivered,Indore,Mobile App
3604,988,2024-03-22,Delivered,Kolkata,Website
3605,994,2024-04-23,Delivered,Nashik,Mobile App
3606,294,2024-06-22,Delivered,Gurugram,Website
3607,899,2024-02-19,Delivered,Ahmedabad,Marketplace
3608,224,2024-12-05,Delivered,Mumbai,Website
3609,678,2024-07-08,Delivered,Nagpur,Website
3610,353,2024-12-11,Delivered,Gurugram,Mobile App
3611,509,2024-11-15,Shipped,Nagpur,Mobile App
3612,290,2025-05-13,Cancelled,Bengaluru,Mobile App
3613,598,2025-07-09,Delivered,Pune,Mobile App
3614,937,2025-01-02,Delivered,Hyderabad,Mobile App
3615,973,2025-09-04,Delivered,Jaipur,Website
3616,606,2025-10-05,Cancelled,Indore,Mobile App
3617,962,2025-11-10,Shipped,Bengaluru,Website
3618,517,2024-10-30,Shipped,Nagpur,Website
3619,742,2024-03-29,Delivered,Mumbai,Website
3620,670,2025-01-05,Delivered,Noida,Website
3621,9,2025-05-02,Delivered,Kochi,Website
3622,670,2024-10-08,Delivered,Noida,Marketplace
3623,388,2025-06-05,Delivered,Kochi,Website
3624,42,2025-12-18,Delivered,Pune,Marketplace
3625,4,2025-10-15,Processing,Noida,Mobile App
3626,61,2025-11-19,Delivered,Kolkata,Website
3627,139,2025-07-03,Delivered,Indore,Website
3628,514,2024-04-23,Delivered,Jaipur,Website
3629,235,2024-05-26,Delivered,Pune,Mobile App
3630,291,2024-01-14,Delivered,Chennai,Marketplace
3631,539,2024-07-16,Delivered,Jaipur,Mobile App
3632,33,2024-01-02,Delivered,Pune,Mobile App
3633,275,2025-04-08,Delivered,Jaipur,Website
3634,801,2024-04-14,Cancelled,Hyderabad,Mobile App
3635,846,2024-11-17,Delivered,Gurugram,Marketplace
3636,169,2025-10-20,Delivered,Jaipur,Mobile App
3637,811,2025-03-23,Delivered,Noida,Marketplace
3638,369,2025-05-16,Delivered,Nagpur,Mobile App
3639,537,2024-09-03,Delivered,Mumbai,Marketplace
3640,25,2024-11-03,Delivered,Nashik,Marketplace
3641,966,2024-12-03,Delivered,Mumbai,Website
3642,778,2024-05-09,Pending,Jaipur,Marketplace
3643,953,2025-11-02,Delivered,Nashik,Website
3644,466,2024-10-21,Cancelled,Pune,Mobile App
3645,180,2024-03-28,Delivered,Nagpur,Marketplace
3646,229,2024-01-24,Delivered,Gurugram,Marketplace
3647,573,2025-10-19,Cancelled,Kolkata,Marketplace
3648,476,2025-07-25,Delivered,Hyderabad,Website
3649,228,2025-11-07,Delivered,Gurugram,Website
3650,940,2024-09-02,Pending,Nagpur,Mobile App
3651,327,2024-12-05,Delivered,Indore,Mobile App
3652,382,2025-08-29,Delivered,Noida,Website
3653,778,2024-10-11,Delivered,Mumbai,Mobile App
3654,618,2025-03-16,Delivered,Delhi,Website
3655,916,2024-06-05,Delivered,Delhi,Website
3656,69,2024-02-19,Delivered,Hyderabad,Website
3657,464,2024-10-06,Delivered,Pune,Website
3658,148,2025-03-30,Delivered,Delhi,Mobile App
3659,71,2024-11-02,Delivered,Bengaluru,Website
3660,226,2025-10-12,Delivered,Gurugram,Mobile App
3661,409,2025-09-22,Delivered,Noida,Mobile App
3662,303,2024-10-02,Delivered,Gurugram,Marketplace
3663,185,2024-11-26,Pending,Noida,Website
3664,189,2024-09-03,Cancelled,Nagpur,Website
3665,525,2024-01-05,Pending,Gurugram,Mobile App
3666,130,2024-11-11,Delivered,Nashik,Website
3667,895,2025-02-11,Delivered,Mumbai,Website
3668,470,2024-10-15,Shipped,Indore,Website
3669,179,2025-05-25,Delivered,Mumbai,Website
3670,169,2025-01-12,Delivered,Jaipur,Mobile App
3671,227,2025-11-03,Delivered,Jaipur,Mobile App
3672,368,2024-07-04,Processing,Hyderabad,Mobile App
3673,944,2024-05-22,Delivered,Pune,Website
3674,934,2024-05-23,Delivered,Bengaluru,Marketplace
3675,707,2025-09-24,Delivered,Mumbai,Website
3676,303,2024-06-09,Delivered,Mumbai,Website
3677,418,2025-04-20,Delivered,Indore,Website
3678,701,2024-09-03,Delivered,Delhi,Mobile App
3679,487,2024-01-06,Delivered,Kochi,Website
3680,34,2024-08-08,Delivered,Nashik,Website
3681,47,2024-11-05,Delivered,Hyderabad,Website
3682,155,2024-02-16,Delivered,Ahmedabad,Website
3683,591,2024-09-02,Delivered,Mumbai,Mobile App
3684,502,2025-09-10,Delivered,Chennai,Website
3685,662,2024-01-23,Delivered,Chennai,Website
3686,102,2025-01-20,Delivered,Delhi,Mobile App
3687,694,2024-10-14,Cancelled,Nashik,Mobile App
3688,363,2025-09-06,Delivered,Delhi,Mobile App
3689,637,2024-05-26,Delivered,Chennai,Mobile App
3690,745,2024-08-10,Delivered,Pune,Marketplace
3691,667,2025-10-04,Delivered,Noida,Mobile App
3692,292,2024-12-05,Delivered,Noida,Website
3693,251,2025-03-30,Delivered,Bengaluru,Mobile App
3694,968,2024-12-27,Delivered,Delhi,Marketplace
3695,943,2024-03-23,Delivered,Delhi,Marketplace
3696,729,2025-03-14,Delivered,Gurugram,Mobile App
3697,664,2025-03-04,Delivered,Noida,Mobile App
3698,568,2024-03-29,Pending,Noida,Mobile App
3699,57,2025-02-20,Delivered,Ahmedabad,Website
3700,136,2024-09-08,Delivered,Indore,Mobile App
3701,561,2025-11-27,Shipped,Jaipur,Mobile App
3702,490,2025-10-09,Delivered,Delhi,Website
3703,204,2025-12-01,Delivered,Ahmedabad,Mobile App
3704,74,2024-05-21,Delivered,Indore,Mobile App
3705,663,2025-06-08,Delivered,Jaipur,Mobile App
3706,86,2024-10-19,Shipped,Ahmedabad,Website
3707,42,2024-01-30,Processing,Chennai,Mobile App
3708,792,2024-09-08,Delivered,Kolkata,Marketplace
3709,153,2024-09-06,Cancelled,Chennai,Website
3710,448,2024-12-18,Delivered,Ahmedabad,Marketplace
3711,390,2025-09-19,Delivered,Kolkata,Marketplace
3712,731,2024-09-21,Delivered,Delhi,Website
3713,700,2025-05-23,Delivered,Nagpur,Marketplace
3714,350,2024-08-03,Shipped,Kochi,Website
3715,798,2024-10-08,Delivered,Chennai,Website
3716,362,2024-06-16,Cancelled,Nagpur,Website
3717,456,2024-08-13,Shipped,Gurugram,Mobile App
3718,500,2024-07-06,Processing,Noida,Website
3719,986,2024-09-11,Delivered,Jaipur,Website
3720,953,2025-01-30,Delivered,Bengaluru,Mobile App
3721,524,2024-10-27,Delivered,Indore,Website
3722,822,2025-08-14,Delivered,Kochi,Website
3723,315,2025-02-20,Delivered,Mumbai,Marketplace
3724,593,2024-05-12,Processing,Hyderabad,Website
3725,952,2024-12-07,Shipped,Bengaluru,Mobile App
3726,888,2025-03-07,Pending,Indore,Website
3727,505,2024-07-02,Delivered,Ahmedabad,Website
3728,23,2025-09-20,Delivered,Bengaluru,Mobile App
3729,276,2024-05-21,Delivered,Nagpur,Website
3730,890,2025-11-03,Delivered,Bengaluru,Website
3731,201,2024-10-26,Shipped,Mumbai,Marketplace
3732,707,2025-12-17,Delivered,Mumbai,Website
3733,354,2025-05-19,Cancelled,Kolkata,Marketplace
3734,383,2024-04-29,Shipped,Bengaluru,Mobile App
3735,470,2024-01-25,Delivered,Indore,Mobile App
3736,96,2024-10-26,Delivered,Delhi,Marketplace
3737,971,2024-05-27,Pending,Hyderabad,Mobile App
3738,902,2024-06-08,Cancelled,Chennai,Mobile App
3739,325,2024-03-06,Cancelled,Kolkata,Website
3740,748,2025-03-31,Delivered,Kochi,Mobile App
3741,688,2024-05-23,Shipped,Kolkata,Mobile App
3742,206,2024-01-05,Delivered,Indore,Mobile App
3743,156,2024-01-28,Pending,Indore,Marketplace
3744,693,2025-06-14,Delivered,Nagpur,Website
3745,260,2025-07-10,Delivered,Nashik,Website
3746,463,2025-11-22,Delivered,Kochi,Mobile App
3747,171,2025-12-08,Delivered,Ahmedabad,Mobile App
3748,654,2024-03-28,Cancelled,Noida,Marketplace
3749,656,2025-11-24,Delivered,Indore,Website
3750,938,2025-09-05,Delivered,Indore,Website
3751,430,2024-10-13,Delivered,Pune,Marketplace
3752,150,2024-09-24,Delivered,Pune,Marketplace
3753,953,2024-08-08,Delivered,Indore,Marketplace
3754,80,2024-04-20,Shipped,Jaipur,Website
3755,354,2025-06-27,Cancelled,Jaipur,Website
3756,899,2024-02-19,Delivered,Ahmedabad,Mobile App
3757,655,2024-02-06,Delivered,Nashik,Website
3758,63,2024-10-05,Delivered,Mumbai,Website
3759,522,2024-12-14,Delivered,Kochi,Website
3760,535,2025-10-11,Delivered,Pune,Mobile App
3761,489,2024-11-13,Delivered,Ahmedabad,Website
3762,44,2025-10-01,Delivered,Nashik,Website
3763,954,2024-11-21,Delivered,Jaipur,Mobile App
3764,836,2025-04-06,Delivered,Chennai,Marketplace
3765,623,2024-02-08,Delivered,Kolkata,Marketplace
3766,106,2025-02-18,Shipped,Hyderabad,Mobile App
3767,721,2024-07-28,Delivered,Ahmedabad,Website
3768,375,2025-06-12,Shipped,Hyderabad,Mobile App
3769,433,2024-04-25,Delivered,Pune,Mobile App
3770,395,2025-03-25,Delivered,Indore,Mobile App
3771,680,2024-07-22,Delivered,Nagpur,Marketplace
3772,737,2024-11-24,Shipped,Gurugram,Marketplace
3773,213,2025-01-18,Delivered,Noida,Mobile App
3774,603,2024-12-22,Delivered,Noida,Website
3775,379,2024-09-09,Delivered,Noida,Website
3776,672,2025-08-30,Pending,Jaipur,Website
3777,398,2025-02-13,Delivered,Nagpur,Marketplace
3778,718,2025-05-08,Delivered,Jaipur,Mobile App
3779,553,2024-10-01,Shipped,Delhi,Mobile App
3780,890,2024-08-01,Delivered,Nashik,Website
3781,808,2025-06-11,Delivered,Nashik,Mobile App
3782,184,2025-05-05,Cancelled,Jaipur,Mobile App
3783,663,2024-08-15,Delivered,Jaipur,Website
3784,757,2025-12-28,Delivered,Kochi,Marketplace
3785,380,2024-11-03,Delivered,Mumbai,Mobile App
3786,479,2024-07-14,Processing,Indore,Marketplace
3787,947,2025-04-28,Delivered,Jaipur,Website
3788,468,2024-08-17,Delivered,Gurugram,Website
3789,496,2025-05-01,Delivered,Kolkata,Website
3790,900,2025-05-28,Delivered,Bengaluru,Mobile App
3791,493,2025-10-30,Delivered,Noida,Website
3792,618,2024-03-03,Delivered,Nagpur,Website
3793,848,2024-05-24,Cancelled,Nashik,Website
3794,692,2024-10-24,Delivered,Mumbai,Website
3795,675,2025-05-10,Shipped,Bengaluru,Website
3796,481,2024-04-06,Cancelled,Kolkata,Mobile App
3797,438,2024-05-03,Delivered,Gurugram,Mobile App
3798,386,2025-01-08,Cancelled,Delhi,Mobile App
3799,413,2025-04-11,Delivered,Nagpur,Mobile App
3800,698,2025-01-21,Delivered,Nagpur,Website
3801,273,2024-01-17,Delivered,Mumbai,Website
3802,959,2024-10-15,Processing,Delhi,Mobile App
3803,374,2024-07-19,Pending,Kolkata,Marketplace
3804,187,2024-05-10,Shipped,Noida,Mobile App
3805,250,2025-09-30,Cancelled,Bengaluru,Website
3806,292,2025-05-04,Delivered,Noida,Mobile App
3807,343,2025-05-19,Pending,Ahmedabad,Website
3808,968,2024-12-02,Delivered,Delhi,Website
3809,407,2025-12-26,Pending,Nashik,Website
3810,517,2024-02-03,Delivered,Gurugram,Mobile App
3811,214,2025-11-16,Delivered,Kolkata,Website
3812,467,2025-07-23,Shipped,Nashik,Website
3813,520,2025-05-27,Cancelled,Hyderabad,Marketplace
3814,615,2024-07-10,Delivered,Kochi,Mobile App
3815,94,2024-09-15,Delivered,Chennai,Mobile App
3816,424,2025-10-10,Delivered,Jaipur,Mobile App
3817,832,2024-06-08,Delivered,Chennai,Marketplace
3818,973,2025-05-21,Cancelled,Delhi,Website
3819,150,2025-06-14,Delivered,Chennai,Website
3820,879,2025-08-29,Shipped,Gurugram,Mobile App
3821,298,2024-01-03,Delivered,Chennai,Marketplace
3822,692,2025-11-04,Delivered,Kochi,Mobile App
3823,89,2024-11-07,Delivered,Noida,Website
3824,89,2025-08-26,Delivered,Bengaluru,Website
3825,147,2025-05-22,Shipped,Nashik,Mobile App
3826,748,2024-02-28,Shipped,Kochi,Website
3827,241,2024-11-23,Shipped,Indore,Website
3828,613,2025-12-30,Pending,Kolkata,Website
3829,929,2024-02-29,Delivered,Delhi,Website
3830,841,2025-09-01,Delivered,Hyderabad,Website
3831,117,2024-01-04,Pending,Indore,Mobile App
3832,991,2024-02-15,Delivered,Kolkata,Marketplace
3833,344,2025-12-16,Processing,Kolkata,Mobile App
3834,966,2025-09-06,Cancelled,Mumbai,Website
3835,758,2024-08-23,Delivered,Kolkata,Website
3836,455,2025-03-03,Delivered,Gurugram,Website
3837,175,2025-06-30,Shipped,Chennai,Mobile App
3838,85,2024-05-23,Processing,Indore,Website
3839,69,2024-12-23,Shipped,Ahmedabad,Website
3840,470,2025-12-15,Processing,Kochi,Website
3841,356,2024-08-13,Delivered,Pune,Website
3842,358,2025-11-28,Delivered,Jaipur,Mobile App
3843,251,2024-01-09,Shipped,Bengaluru,Marketplace
3844,620,2025-04-03,Delivered,Nashik,Website
3845,572,2025-08-21,Processing,Ahmedabad,Website
3846,433,2025-09-12,Delivered,Chennai,Marketplace
3847,664,2024-01-30,Cancelled,Noida,Mobile App
3848,438,2025-05-05,Cancelled,Gurugram,Mobile App
3849,408,2024-05-08,Delivered,Hyderabad,Marketplace
3850,419,2024-08-29,Delivered,Indore,Mobile App
3851,367,2024-01-26,Delivered,Noida,Marketplace
3852,802,2025-10-17,Delivered,Nagpur,Mobile App
3853,189,2025-03-11,Delivered,Ahmedabad,Mobile App
3854,528,2024-01-12,Delivered,Nagpur,Website
3855,407,2024-03-28,Processing,Hyderabad,Website
3856,564,2025-10-18,Delivered,Noida,Marketplace
3857,1,2025-04-19,Delivered,Jaipur,Mobile App
3858,580,2025-07-02,Delivered,Gurugram,Mobile App
3859,492,2025-04-21,Delivered,Chennai,Mobile App
3860,508,2025-01-24,Delivered,Kolkata,Website
3861,571,2025-01-13,Processing,Chennai,Website
3862,947,2024-03-15,Shipped,Bengaluru,Website
3863,452,2024-04-21,Shipped,Hyderabad,Mobile App
3864,597,2024-07-11,Delivered,Nagpur,Mobile App
3865,972,2024-12-26,Shipped,Chennai,Website
3866,546,2025-03-27,Delivered,Delhi,Marketplace
3867,539,2025-03-14,Delivered,Hyderabad,Mobile App
3868,5,2025-09-09,Delivered,Jaipur,Mobile App
3869,186,2025-06-19,Processing,Delhi,Marketplace
3870,358,2025-10-16,Delivered,Jaipur,Website
3871,18,2024-05-24,Delivered,Delhi,Website
3872,899,2024-06-02,Delivered,Ahmedabad,Mobile App
3873,401,2025-10-02,Delivered,Hyderabad,Mobile App
3874,993,2024-01-24,Delivered,Kochi,Website
3875,186,2024-06-14,Delivered,Delhi,Mobile App
3876,841,2024-05-01,Delivered,Hyderabad,Website
3877,43,2024-01-14,Pending,Jaipur,Website
3878,963,2024-05-19,Pending,Indore,Website
3879,728,2025-03-09,Delivered,Jaipur,Mobile App
3880,373,2024-09-01,Delivered,Jaipur,Website
3881,26,2025-12-15,Pending,Mumbai,Mobile App
3882,95,2025-10-19,Pending,Kochi,Marketplace
3883,985,2025-09-03,Delivered,Ahmedabad,Mobile App
3884,508,2024-09-18,Delivered,Kolkata,Marketplace
3885,808,2024-08-01,Delivered,Nashik,Marketplace
3886,225,2024-09-17,Delivered,Ahmedabad,Website
3887,440,2025-07-16,Processing,Kolkata,Website
3888,950,2025-06-10,Delivered,Gurugram,Website
3889,204,2024-10-30,Delivered,Jaipur,Marketplace
3890,362,2025-11-01,Delivered,Nagpur,Website
3891,427,2025-05-21,Delivered,Kochi,Website
3892,321,2024-09-03,Delivered,Kolkata,Mobile App
3893,374,2025-06-21,Delivered,Indore,Mobile App
3894,250,2024-06-11,Pending,Bengaluru,Mobile App
3895,625,2025-07-28,Delivered,Bengaluru,Website
3896,893,2025-03-16,Processing,Gurugram,Marketplace
3897,33,2024-12-30,Delivered,Pune,Website
3898,819,2024-03-02,Delivered,Ahmedabad,Mobile App
3899,545,2024-10-02,Delivered,Mumbai,Mobile App
3900,53,2025-04-13,Delivered,Pune,Marketplace
3901,618,2024-07-19,Delivered,Delhi,Website
3902,937,2025-05-16,Shipped,Ahmedabad,Website
3903,651,2024-12-19,Delivered,Mumbai,Website
3904,948,2024-01-30,Delivered,Nagpur,Mobile App
3905,360,2024-04-22,Delivered,Bengaluru,Mobile App
3906,652,2024-01-05,Delivered,Jaipur,Mobile App
3907,983,2025-07-29,Delivered,Mumbai,Website
3908,67,2024-05-22,Shipped,Ahmedabad,Mobile App
3909,704,2025-11-19,Cancelled,Kolkata,Mobile App
3910,880,2024-12-04,Delivered,Chennai,Marketplace
3911,115,2024-05-25,Delivered,Nashik,Website
3912,890,2024-06-19,Delivered,Bengaluru,Mobile App
3913,271,2024-06-01,Delivered,Delhi,Marketplace
3914,826,2025-11-14,Delivered,Chennai,Mobile App
3915,508,2024-08-16,Delivered,Kolkata,Mobile App
3916,357,2024-10-26,Delivered,Hyderabad,Mobile App
3917,442,2024-02-11,Pending,Jaipur,Website
3918,238,2024-11-27,Delivered,Indore,Marketplace
3919,312,2024-12-18,Pending,Noida,Mobile App
3920,706,2025-04-09,Cancelled,Delhi,Website
3921,191,2025-07-10,Shipped,Pune,Website
3922,453,2024-09-13,Delivered,Nagpur,Mobile App
3923,684,2024-11-21,Shipped,Delhi,Website
3924,740,2024-06-19,Pending,Nagpur,Website
3925,772,2025-03-10,Delivered,Chennai,Website
3926,1000,2025-11-01,Delivered,Gurugram,Mobile App
3927,956,2024-03-01,Delivered,Pune,Mobile App
3928,442,2024-09-03,Delivered,Indore,Mobile App
3929,345,2024-03-16,Delivered,Gurugram,Website
3930,344,2024-02-03,Cancelled,Kolkata,Mobile App
3931,553,2024-05-26,Shipped,Delhi,Mobile App
3932,741,2025-03-04,Delivered,Pune,Website
3933,178,2024-08-08,Delivered,Bengaluru,Mobile App
3934,942,2025-07-23,Delivered,Noida,Mobile App
3935,871,2024-04-02,Delivered,Noida,Website
3936,379,2025-09-14,Pending,Noida,Website
3937,880,2025-11-26,Delivered,Bengaluru,Mobile App
3938,110,2024-09-09,Delivered,Kolkata,Mobile App
3939,453,2025-01-22,Delivered,Ahmedabad,Website
3940,736,2024-12-05,Delivered,Indore,Website
3941,265,2024-07-17,Shipped,Pune,Mobile App
3942,663,2024-11-02,Delivered,Hyderabad,Website
3943,815,2024-03-27,Shipped,Ahmedabad,Marketplace
3944,681,2025-08-22,Delivered,Nagpur,Mobile App
3945,329,2024-01-17,Delivered,Bengaluru,Website
3946,690,2025-04-23,Delivered,Hyderabad,Mobile App
3947,348,2024-03-06,Shipped,Hyderabad,Website
3948,115,2025-03-13,Delivered,Nashik,Mobile App
3949,749,2025-05-30,Delivered,Nagpur,Website
3950,608,2025-07-17,Delivered,Pune,Website
3951,330,2025-03-29,Delivered,Delhi,Mobile App
3952,117,2024-01-28,Delivered,Indore,Mobile App
3953,500,2024-01-02,Delivered,Noida,Marketplace
3954,759,2025-09-25,Shipped,Pune,Marketplace
3955,58,2024-09-17,Delivered,Indore,Mobile App
3956,182,2024-01-07,Delivered,Mumbai,Mobile App
3957,534,2024-09-06,Delivered,Kolkata,Website
3958,219,2024-11-13,Delivered,Nagpur,Mobile App
3959,516,2025-02-13,Delivered,Hyderabad,Website
3960,798,2024-02-18,Delivered,Chennai,Mobile App
3961,211,2024-10-06,Delivered,Kolkata,Mobile App
3962,305,2025-10-02,Delivered,Gurugram,Website
3963,808,2025-03-10,Delivered,Nashik,Website
3964,250,2025-07-16,Delivered,Bengaluru,Website
3965,893,2024-11-17,Delivered,Gurugram,Website
3966,103,2025-07-12,Delivered,Noida,Website
3967,549,2025-11-04,Delivered,Jaipur,Website
3968,33,2025-07-17,Cancelled,Pune,Website
3969,771,2025-11-19,Delivered,Mumbai,Mobile App
3970,421,2024-08-15,Delivered,Hyderabad,Mobile App
3971,693,2025-11-14,Cancelled,Hyderabad,Mobile App
3972,252,2025-01-24,Delivered,Delhi,Mobile App
3973,724,2024-11-09,Delivered,Pune,Website
3974,44,2024-01-24,Delivered,Nashik,Mobile App
3975,103,2024-02-21,Processing,Gurugram,Website
3976,248,2024-10-02,Delivered,Mumbai,Mobile App
3977,688,2025-06-29,Shipped,Kolkata,Website
3978,470,2024-01-07,Delivered,Indore,Website
3979,800,2025-08-21,Cancelled,Bengaluru,Mobile App
3980,312,2025-01-05,Delivered,Noida,Mobile App
3981,146,2025-09-23,Delivered,Jaipur,Mobile App
3982,615,2024-07-09,Delivered,Kochi,Website
3983,457,2025-12-01,Pending,Delhi,Mobile App
3984,513,2025-03-01,Cancelled,Nashik,Mobile App
3985,411,2024-04-19,Delivered,Hyderabad,Mobile App
3986,946,2025-03-27,Delivered,Hyderabad,Website
3987,213,2025-04-14,Delivered,Noida,Marketplace
3988,490,2024-10-20,Pending,Delhi,Mobile App
3989,223,2025-12-04,Delivered,Bengaluru,Marketplace
3990,684,2025-01-24,Processing,Delhi,Mobile App
3991,908,2025-01-25,Delivered,Hyderabad,Mobile App
3992,1,2024-10-30,Processing,Jaipur,Mobile App
3993,427,2024-04-09,Cancelled,Noida,Mobile App
3994,384,2024-07-09,Delivered,Delhi,Mobile App
3995,545,2025-03-07,Delivered,Bengaluru,Mobile App
3996,862,2024-09-13,Delivered,Pune,Marketplace
3997,397,2025-08-30,Delivered,Mumbai,Website
3998,387,2025-07-18,Delivered,Mumbai,Website
3999,555,2024-08-13,Delivered,Jaipur,Mobile App
4000,412,2024-08-20,Cancelled,Delhi,Website
4001,999,2024-07-04,Cancelled,Chennai,Marketplace
4002,971,2025-08-31,Delivered,Hyderabad,Mobile App
4003,60,2025-01-27,Delivered,Mumbai,Website
4004,930,2024-09-27,Delivered,Hyderabad,Mobile App
4005,593,2024-04-06,Delivered,Hyderabad,Website
4006,161,2024-10-14,Delivered,Kochi,Website
4007,550,2024-04-26,Delivered,Pune,Marketplace
4008,411,2025-10-29,Delivered,Hyderabad,Mobile App
4009,539,2025-09-19,Cancelled,Noida,Mobile App
4010,853,2025-08-13,Delivered,Bengaluru,Mobile App
4011,640,2025-09-06,Delivered,Kolkata,Marketplace
4012,110,2025-05-17,Delivered,Kolkata,Marketplace
4013,810,2024-12-09,Processing,Nagpur,Mobile App
4014,567,2025-09-26,Delivered,Bengaluru,Marketplace
4015,992,2024-01-10,Delivered,Pune,Mobile App
4016,702,2025-12-24,Delivered,Pune,Marketplace
4017,205,2024-04-06,Delivered,Jaipur,Marketplace
4018,853,2024-12-26,Delivered,Bengaluru,Marketplace
4019,425,2024-04-15,Delivered,Mumbai,Website
4020,500,2025-07-28,Delivered,Noida,Mobile App
4021,217,2025-06-22,Shipped,Bengaluru,Mobile App
4022,909,2025-08-22,Delivered,Bengaluru,Marketplace
4023,715,2024-02-18,Delivered,Delhi,Mobile App
4024,512,2024-03-19,Delivered,Chennai,Website
4025,700,2025-12-13,Delivered,Nagpur,Mobile App
4026,708,2024-07-18,Delivered,Chennai,Mobile App
4027,79,2025-04-26,Delivered,Bengaluru,Website
4028,38,2024-02-16,Delivered,Ahmedabad,Website
4029,488,2025-11-19,Delivered,Ahmedabad,Website
4030,529,2024-12-06,Delivered,Indore,Website
4031,991,2024-08-28,Cancelled,Noida,Mobile App
4032,127,2024-06-05,Delivered,Gurugram,Mobile App
4033,619,2025-10-09,Delivered,Kolkata,Marketplace
4034,351,2024-04-18,Delivered,Gurugram,Mobile App
4035,718,2024-07-07,Delivered,Pune,Mobile App
4036,864,2024-09-17,Shipped,Indore,Website
4037,958,2024-04-18,Pending,Chennai,Website
4038,831,2024-02-08,Delivered,Ahmedabad,Website
4039,613,2024-09-24,Delivered,Kolkata,Website
4040,792,2025-07-22,Delivered,Kolkata,Website
4041,223,2024-02-23,Delivered,Bengaluru,Mobile App
4042,482,2025-09-04,Delivered,Noida,Website
4043,981,2025-09-28,Delivered,Gurugram,Mobile App
4044,314,2025-01-06,Shipped,Kochi,Mobile App
4045,645,2024-10-11,Shipped,Bengaluru,Marketplace
4046,626,2025-09-11,Shipped,Ahmedabad,Mobile App
4047,652,2024-07-11,Delivered,Indore,Website
4048,411,2025-06-04,Delivered,Nashik,Marketplace
4049,482,2024-07-15,Processing,Noida,Mobile App
4050,140,2024-05-03,Delivered,Delhi,Website
4051,12,2025-12-24,Shipped,Ahmedabad,Mobile App
4052,662,2024-06-23,Cancelled,Pune,Mobile App
4053,538,2024-08-23,Pending,Nagpur,Mobile App
4054,252,2024-07-08,Cancelled,Delhi,Website
4055,15,2024-04-06,Shipped,Gurugram,Mobile App
4056,298,2024-10-01,Delivered,Noida,Marketplace
4057,278,2024-06-08,Delivered,Nashik,Website
4058,287,2024-09-07,Pending,Mumbai,Mobile App
4059,316,2025-03-25,Delivered,Bengaluru,Marketplace
4060,121,2025-11-15,Cancelled,Indore,Website
4061,345,2025-03-02,Processing,Gurugram,Mobile App
4062,292,2024-04-15,Delivered,Noida,Mobile App
4063,635,2025-12-24,Delivered,Kochi,Website
4064,319,2025-10-13,Delivered,Pune,Mobile App
4065,639,2024-02-27,Delivered,Delhi,Marketplace
4066,684,2024-03-13,Delivered,Delhi,Website
4067,632,2024-09-30,Delivered,Hyderabad,Marketplace
4068,37,2025-10-11,Processing,Kochi,Website
4069,391,2025-03-19,Delivered,Delhi,Mobile App
4070,794,2024-06-20,Delivered,Kochi,Mobile App
4071,96,2025-08-05,Delivered,Jaipur,Mobile App
4072,802,2024-07-15,Delivered,Delhi,Mobile App
4073,237,2024-11-08,Delivered,Kochi,Marketplace
4074,302,2024-01-03,Delivered,Indore,Mobile App
4075,193,2024-10-03,Delivered,Chennai,Website
4076,530,2025-07-05,Delivered,Bengaluru,Website
4077,380,2024-04-14,Processing,Kolkata,Website
4078,925,2025-09-18,Delivered,Nagpur,Website
4079,828,2025-01-05,Pending,Bengaluru,Website
4080,576,2024-06-29,Delivered,Pune,Website
4081,338,2024-12-17,Delivered,Ahmedabad,Website
4082,853,2024-01-23,Delivered,Bengaluru,Marketplace
4083,874,2025-07-26,Delivered,Kolkata,Mobile App
4084,383,2025-09-15,Delivered,Gurugram,Mobile App
4085,887,2024-01-09,Delivered,Nagpur,Marketplace
4086,895,2025-03-08,Delivered,Mumbai,Mobile App
4087,860,2025-04-26,Delivered,Mumbai,Mobile App
4088,822,2025-07-16,Delivered,Kochi,Mobile App
4089,818,2025-08-25,Delivered,Mumbai,Mobile App
4090,467,2024-08-05,Processing,Chennai,Mobile App
4091,661,2025-02-15,Delivered,Gurugram,Website
4092,461,2025-08-26,Delivered,Pune,Mobile App
4093,419,2025-12-18,Delivered,Indore,Marketplace
4094,23,2025-03-19,Delivered,Bengaluru,Website
4095,451,2024-03-25,Delivered,Nashik,Mobile App
4096,267,2025-04-03,Delivered,Kolkata,Mobile App
4097,429,2025-03-18,Cancelled,Delhi,Website
4098,556,2025-06-01,Delivered,Pune,Website
4099,504,2025-11-09,Delivered,Bengaluru,Mobile App
4100,186,2024-07-28,Delivered,Delhi,Marketplace
4101,626,2025-10-17,Processing,Ahmedabad,Website
4102,905,2024-10-11,Delivered,Jaipur,Website
4103,419,2025-02-22,Shipped,Indore,Marketplace
4104,497,2024-12-17,Delivered,Bengaluru,Mobile App
4105,923,2024-09-27,Shipped,Delhi,Website
4106,852,2025-12-20,Delivered,Jaipur,Website
4107,457,2024-05-07,Delivered,Delhi,Website
4108,58,2025-11-29,Shipped,Indore,Marketplace
4109,503,2025-03-14,Cancelled,Kochi,Mobile App
4110,527,2024-03-14,Delivered,Nashik,Mobile App
4111,295,2025-08-09,Delivered,Delhi,Marketplace
4112,890,2024-02-23,Delivered,Bengaluru,Mobile App
4113,227,2024-01-20,Cancelled,Delhi,Mobile App
4114,871,2024-05-24,Delivered,Noida,Mobile App
4115,87,2025-09-17,Delivered,Bengaluru,Website
4116,943,2025-05-30,Shipped,Jaipur,Marketplace
4117,726,2025-05-16,Delivered,Jaipur,Mobile App
4118,50,2024-08-09,Delivered,Gurugram,Website
4119,199,2025-03-08,Delivered,Gurugram,Website
4120,644,2025-09-01,Delivered,Pune,Mobile App
4121,766,2024-09-07,Delivered,Gurugram,Mobile App
4122,155,2024-07-19,Delivered,Ahmedabad,Website
4123,489,2024-02-18,Delivered,Ahmedabad,Website
4124,458,2024-11-04,Delivered,Nagpur,Mobile App
4125,439,2024-06-26,Delivered,Delhi,Website
4126,402,2025-03-31,Delivered,Pune,Mobile App
4127,924,2025-07-21,Shipped,Nagpur,Mobile App
4128,272,2025-05-22,Processing,Ahmedabad,Website
4129,294,2025-10-27,Delivered,Gurugram,Mobile App
4130,343,2024-05-21,Delivered,Gurugram,Mobile App
4131,807,2024-09-16,Shipped,Kolkata,Mobile App
4132,488,2025-02-02,Delivered,Ahmedabad,Website
4133,272,2024-06-02,Delivered,Delhi,Mobile App
4134,83,2024-11-11,Delivered,Jaipur,Website
4135,78,2024-11-20,Cancelled,Jaipur,Mobile App
4136,61,2025-09-28,Delivered,Jaipur,Mobile App
4137,585,2024-10-11,Cancelled,Hyderabad,Website
4138,744,2025-06-02,Delivered,Jaipur,Mobile App
4139,352,2024-09-07,Delivered,Hyderabad,Mobile App
4140,433,2025-01-09,Delivered,Indore,Website
4141,694,2024-05-13,Processing,Nashik,Website
4142,700,2025-11-18,Pending,Mumbai,Website
4143,30,2025-08-07,Cancelled,Noida,Mobile App
4144,835,2024-11-11,Delivered,Hyderabad,Mobile App
4145,80,2024-03-21,Delivered,Noida,Mobile App
4146,754,2025-02-12,Shipped,Pune,Mobile App
4147,700,2024-11-21,Delivered,Nagpur,Website
4148,952,2024-10-10,Delivered,Bengaluru,Mobile App
4149,482,2025-04-04,Delivered,Noida,Mobile App
4150,664,2025-02-22,Delivered,Noida,Website
4151,473,2025-08-20,Delivered,Noida,Marketplace
4152,854,2025-01-27,Delivered,Bengaluru,Mobile App
4153,759,2025-01-16,Cancelled,Pune,Website
4154,615,2025-08-23,Delivered,Kochi,Mobile App
4155,283,2024-06-17,Cancelled,Nashik,Website
4156,185,2025-08-11,Cancelled,Bengaluru,Marketplace
4157,876,2024-01-18,Delivered,Jaipur,Website
4158,548,2025-03-08,Delivered,Indore,Website
4159,364,2024-03-09,Delivered,Bengaluru,Website
4160,34,2024-11-11,Delivered,Nashik,Website
4161,566,2025-08-27,Shipped,Kolkata,Mobile App
4162,513,2024-12-13,Delivered,Kochi,Marketplace
4163,848,2024-05-11,Delivered,Nashik,Website
4164,106,2024-01-18,Processing,Hyderabad,Mobile App
4165,939,2024-08-19,Pending,Nagpur,Website
4166,366,2024-03-25,Delivered,Chennai,Mobile App
4167,881,2025-02-20,Delivered,Kochi,Mobile App
4168,310,2024-04-07,Delivered,Indore,Website
4169,518,2025-11-21,Delivered,Nashik,Mobile App
4170,201,2024-09-30,Shipped,Kolkata,Website
4171,835,2024-03-21,Delivered,Indore,Mobile App
4172,551,2025-01-08,Delivered,Chennai,Mobile App
4173,617,2024-12-01,Delivered,Bengaluru,Mobile App
4174,829,2025-08-14,Delivered,Ahmedabad,Mobile App
4175,997,2024-03-18,Shipped,Noida,Marketplace
4176,339,2025-01-04,Pending,Kochi,Website
4177,472,2024-12-19,Cancelled,Nashik,Mobile App
4178,966,2024-04-09,Delivered,Mumbai,Mobile App
4179,586,2024-04-03,Delivered,Hyderabad,Website
4180,57,2024-07-19,Processing,Jaipur,Website
4181,395,2024-07-12,Delivered,Indore,Marketplace
4182,178,2024-11-15,Shipped,Bengaluru,Mobile App
4183,379,2025-08-11,Delivered,Kolkata,Mobile App
4184,861,2025-08-24,Cancelled,Noida,Website
4185,322,2024-06-07,Delivered,Indore,Website
4186,90,2024-10-29,Cancelled,Nashik,Website
4187,341,2025-10-18,Delivered,Nashik,Website
4188,65,2024-11-24,Delivered,Pune,Mobile App
4189,304,2024-01-11,Delivered,Hyderabad,Mobile App
4190,103,2024-02-18,Delivered,Delhi,Website
4191,563,2024-11-06,Delivered,Delhi,Mobile App
4192,760,2025-12-25,Delivered,Kochi,Website
4193,908,2024-11-06,Delivered,Hyderabad,Marketplace
4194,612,2025-08-28,Delivered,Ahmedabad,Mobile App
4195,927,2025-09-04,Delivered,Nagpur,Website
4196,701,2024-03-25,Processing,Kolkata,Website
4197,430,2024-04-17,Shipped,Chennai,Marketplace
4198,390,2025-12-07,Delivered,Gurugram,Marketplace
4199,910,2025-12-20,Cancelled,Chennai,Website
4200,257,2024-05-17,Pending,Hyderabad,Mobile App
4201,428,2025-05-30,Shipped,Nashik,Website
4202,831,2025-05-26,Delivered,Ahmedabad,Website
4203,801,2025-01-25,Shipped,Ahmedabad,Website
4204,150,2024-02-01,Delivered,Chennai,Mobile App
4205,819,2025-12-26,Delivered,Ahmedabad,Website
4206,236,2024-05-22,Delivered,Chennai,Marketplace
4207,970,2025-10-10,Delivered,Delhi,Website
4208,643,2025-04-11,Delivered,Nashik,Website
4209,48,2025-10-22,Delivered,Bengaluru,Mobile App
4210,631,2025-05-20,Cancelled,Bengaluru,Website
4211,475,2024-05-05,Delivered,Delhi,Website
4212,191,2024-02-15,Delivered,Indore,Marketplace
4213,658,2024-01-24,Cancelled,Pune,Mobile App
4214,529,2025-02-13,Delivered,Indore,Website
4215,30,2024-06-26,Pending,Bengaluru,Website
4216,802,2025-01-02,Shipped,Bengaluru,Mobile App
4217,824,2025-02-12,Cancelled,Hyderabad,Website
4218,736,2025-08-16,Delivered,Jaipur,Mobile App
4219,747,2025-08-21,Delivered,Jaipur,Marketplace
4220,266,2024-07-28,Delivered,Hyderabad,Mobile App
4221,363,2025-03-17,Pending,Delhi,Mobile App
4222,544,2025-06-04,Shipped,Mumbai,Marketplace
4223,356,2025-03-11,Cancelled,Ahmedabad,Mobile App
4224,244,2024-03-16,Delivered,Noida,Website
4225,663,2024-05-11,Shipped,Jaipur,Mobile App
4226,906,2024-03-31,Processing,Kochi,Website
4227,392,2024-01-10,Shipped,Chennai,Mobile App
4228,682,2025-04-02,Shipped,Kochi,Mobile App
4229,16,2024-08-07,Delivered,Jaipur,Website
4230,739,2024-09-19,Shipped,Kochi,Mobile App
4231,784,2024-11-26,Cancelled,Hyderabad,Marketplace
4232,584,2024-10-23,Delivered,Nashik,Mobile App
4233,266,2025-04-15,Pending,Chennai,Marketplace
4234,239,2024-11-11,Delivered,Pune,Mobile App
4235,904,2024-04-05,Processing,Bengaluru,Website
4236,58,2025-07-31,Delivered,Indore,Mobile App
4237,404,2025-05-20,Delivered,Hyderabad,Marketplace
4238,778,2025-06-13,Delivered,Jaipur,Mobile App
4239,424,2024-12-05,Delivered,Jaipur,Mobile App
4240,171,2025-01-11,Pending,Noida,Mobile App
4241,894,2024-06-11,Delivered,Kochi,Mobile App
4242,2,2024-04-23,Delivered,Nagpur,Website
4243,43,2025-03-23,Shipped,Jaipur,Website
4244,745,2024-11-01,Cancelled,Gurugram,Marketplace
4245,655,2025-05-22,Delivered,Nashik,Website
4246,332,2025-07-18,Delivered,Chennai,Website
4247,334,2025-08-11,Delivered,Ahmedabad,Website
4248,652,2024-07-24,Delivered,Jaipur,Marketplace
4249,701,2025-12-27,Delivered,Kochi,Marketplace
4250,717,2025-09-29,Delivered,Hyderabad,Mobile App
4251,284,2024-03-30,Processing,Kochi,Mobile App
4252,995,2025-06-23,Delivered,Indore,Website
4253,455,2024-11-26,Pending,Jaipur,Website
4254,632,2025-09-25,Delivered,Hyderabad,Website
4255,628,2025-02-20,Delivered,Chennai,Mobile App
4256,798,2025-10-18,Delivered,Ahmedabad,Website
4257,543,2025-09-05,Delivered,Mumbai,Marketplace
4258,52,2025-08-02,Processing,Chennai,Mobile App
4259,189,2024-03-03,Shipped,Ahmedabad,Website
4260,39,2024-03-28,Cancelled,Kolkata,Mobile App
4261,655,2024-06-07,Delivered,Nashik,Website
4262,288,2025-07-08,Pending,Kochi,Mobile App
4263,615,2024-06-20,Delivered,Kochi,Website
4264,644,2025-06-16,Pending,Pune,Mobile App
4265,978,2024-03-25,Pending,Mumbai,Website
4266,813,2024-07-27,Delivered,Ahmedabad,Website
4267,859,2024-12-07,Shipped,Noida,Website
4268,814,2025-06-23,Delivered,Gurugram,Website
4269,355,2024-11-30,Delivered,Nagpur,Website
4270,251,2025-08-22,Delivered,Bengaluru,Mobile App
4271,448,2025-05-11,Shipped,Kochi,Marketplace
4272,649,2025-12-18,Delivered,Hyderabad,Mobile App
4273,768,2024-07-30,Delivered,Ahmedabad,Mobile App
4274,640,2025-08-10,Delivered,Kolkata,Website
4275,544,2024-12-23,Delivered,Mumbai,Marketplace
4276,158,2025-05-28,Delivered,Hyderabad,Marketplace
4277,901,2024-12-31,Processing,Gurugram,Mobile App
4278,665,2025-11-03,Delivered,Gurugram,Website
4279,510,2025-04-09,Delivered,Nashik,Website
4280,937,2024-06-11,Delivered,Hyderabad,Website
4281,622,2025-01-14,Delivered,Pune,Website
4282,767,2025-02-08,Delivered,Noida,Mobile App
4283,23,2025-05-07,Shipped,Bengaluru,Mobile App
4284,577,2025-12-14,Delivered,Chennai,Mobile App
4285,468,2025-05-09,Delivered,Gurugram,Mobile App
4286,705,2024-10-10,Delivered,Ahmedabad,Mobile App
4287,348,2024-07-29,Delivered,Hyderabad,Website
4288,555,2024-07-01,Delivered,Jaipur,Website
4289,800,2025-10-21,Delivered,Bengaluru,Website
4290,456,2025-03-20,Delivered,Ahmedabad,Marketplace
4291,493,2024-01-20,Delivered,Noida,Mobile App
4292,665,2025-12-26,Delivered,Nashik,Marketplace
4293,443,2025-07-03,Delivered,Nagpur,Website
4294,421,2025-07-31,Delivered,Hyderabad,Website
4295,597,2024-09-29,Pending,Mumbai,Mobile App
4296,970,2025-12-11,Delivered,Hyderabad,Website
4297,608,2025-04-19,Delivered,Jaipur,Website
4298,127,2024-12-07,Delivered,Gurugram,Marketplace
4299,785,2024-10-21,Delivered,Kochi,Mobile App
4300,839,2025-11-06,Delivered,Gurugram,Website
4301,361,2025-01-09,Delivered,Ahmedabad,Website
4302,107,2024-08-16,Delivered,Nashik,Mobile App
4303,500,2024-11-12,Delivered,Noida,Marketplace
4304,384,2025-04-23,Delivered,Delhi,Website
4305,882,2024-05-28,Delivered,Hyderabad,Mobile App
4306,855,2025-11-21,Cancelled,Kochi,Website
4307,765,2025-09-04,Delivered,Kolkata,Marketplace
4308,101,2025-10-31,Delivered,Noida,Mobile App
4309,932,2025-06-27,Pending,Chennai,Mobile App
4310,796,2024-07-17,Delivered,Kochi,Mobile App
4311,671,2025-10-15,Delivered,Pune,Website
4312,105,2024-09-14,Delivered,Pune,Marketplace
4313,649,2024-04-08,Delivered,Jaipur,Mobile App
4314,738,2025-12-11,Delivered,Mumbai,Mobile App
4315,731,2024-11-23,Delivered,Noida,Mobile App
4316,512,2024-10-17,Delivered,Mumbai,Website
4317,27,2024-07-14,Delivered,Jaipur,Website
4318,472,2024-12-22,Delivered,Nashik,Mobile App
4319,777,2024-04-17,Delivered,Gurugram,Website
4320,587,2025-10-23,Delivered,Jaipur,Mobile App
4321,718,2025-09-03,Delivered,Jaipur,Website
4322,101,2025-02-11,Shipped,Noida,Mobile App
4323,374,2025-08-15,Pending,Kolkata,Mobile App
4324,811,2025-08-22,Delivered,Noida,Website
4325,203,2025-03-14,Delivered,Ahmedabad,Marketplace
4326,815,2024-12-30,Cancelled,Ahmedabad,Website
4327,60,2025-04-10,Delivered,Mumbai,Website
4328,798,2024-03-28,Processing,Chennai,Website
4329,110,2024-07-17,Delivered,Kolkata,Website
4330,619,2025-04-24,Shipped,Delhi,Mobile App
4331,318,2025-09-21,Delivered,Nagpur,Mobile App
4332,231,2024-11-17,Delivered,Ahmedabad,Website
4333,788,2024-03-05,Processing,Hyderabad,Marketplace
4334,201,2025-12-21,Pending,Jaipur,Website
4335,53,2025-04-12,Delivered,Pune,Website
4336,644,2025-03-23,Shipped,Pune,Website
4337,845,2024-01-26,Delivered,Hyderabad,Website
4338,686,2025-03-01,Delivered,Kolkata,Mobile App
4339,969,2024-09-27,Cancelled,Nagpur,Marketplace
4340,885,2025-06-19,Delivered,Pune,Website
4341,130,2025-11-19,Delivered,Nashik,Mobile App
4342,78,2024-09-27,Delivered,Indore,Marketplace
4343,825,2025-01-21,Delivered,Gurugram,Mobile App
4344,658,2025-07-13,Delivered,Kochi,Website
4345,634,2024-11-09,Delivered,Hyderabad,Mobile App
4346,271,2025-10-06,Delivered,Ahmedabad,Website
4347,220,2024-07-04,Delivered,Bengaluru,Website
4348,79,2024-04-22,Delivered,Chennai,Mobile App
4349,871,2025-12-13,Delivered,Noida,Marketplace
4350,193,2025-06-07,Processing,Chennai,Website
4351,212,2025-07-19,Pending,Mumbai,Website
4352,608,2024-08-09,Delivered,Delhi,Mobile App
4353,800,2024-04-12,Delivered,Kochi,Mobile App
4354,83,2024-09-23,Delivered,Jaipur,Website
4355,77,2024-09-24,Delivered,Bengaluru,Website
4356,274,2024-03-02,Shipped,Nashik,Website
4357,555,2024-07-31,Shipped,Jaipur,Website
4358,494,2025-02-08,Shipped,Hyderabad,Mobile App
4359,750,2025-08-09,Delivered,Bengaluru,Mobile App
4360,446,2024-04-21,Processing,Noida,Mobile App
4361,148,2025-09-10,Delivered,Gurugram,Mobile App
4362,706,2024-03-08,Delivered,Chennai,Website
4363,151,2024-02-12,Delivered,Pune,Mobile App
4364,575,2024-02-20,Delivered,Indore,Website
4365,589,2024-08-15,Delivered,Jaipur,Website
4366,866,2024-10-31,Delivered,Bengaluru,Mobile App
4367,479,2024-11-01,Delivered,Indore,Website
4368,331,2025-12-02,Cancelled,Nashik,Website
4369,804,2024-09-13,Pending,Kolkata,Marketplace
4370,737,2025-12-27,Cancelled,Gurugram,Website
4371,134,2024-12-10,Pending,Chennai,Marketplace
4372,462,2025-11-30,Delivered,Mumbai,Mobile App
4373,383,2025-07-26,Delivered,Bengaluru,Marketplace
4374,146,2025-08-16,Delivered,Gurugram,Website
4375,121,2024-12-06,Shipped,Indore,Website
4376,923,2025-02-11,Cancelled,Hyderabad,Marketplace
4377,412,2024-01-04,Delivered,Delhi,Mobile App
4378,952,2024-01-26,Delivered,Bengaluru,Website
4379,283,2025-06-10,Delivered,Indore,Mobile App
4380,204,2025-01-11,Delivered,Kochi,Website
4381,699,2025-09-28,Delivered,Bengaluru,Website
4382,246,2024-11-30,Shipped,Ahmedabad,Website
4383,260,2025-01-21,Delivered,Chennai,Website
4384,27,2024-06-15,Cancelled,Jaipur,Marketplace
4385,784,2024-03-31,Delivered,Hyderabad,Website
4386,586,2024-12-04,Delivered,Ahmedabad,Mobile App
4387,580,2025-08-15,Delivered,Gurugram,Mobile App
4388,884,2025-09-09,Delivered,Nashik,Mobile App
4389,878,2025-05-12,Cancelled,Hyderabad,Website
4390,513,2025-04-07,Shipped,Bengaluru,Website
4391,260,2025-12-16,Delivered,Hyderabad,Marketplace
4392,260,2025-07-07,Pending,Jaipur,Mobile App
4393,329,2024-08-01,Delivered,Bengaluru,Website
4394,775,2025-07-24,Delivered,Gurugram,Mobile App
4395,684,2025-03-22,Shipped,Delhi,Website
4396,318,2024-11-28,Processing,Nagpur,Mobile App
4397,602,2025-04-10,Delivered,Pune,Website
4398,82,2025-10-16,Pending,Mumbai,Website
4399,182,2024-09-27,Delivered,Mumbai,Mobile App
4400,743,2025-04-07,Delivered,Gurugram,Marketplace
4401,271,2024-12-14,Delivered,Ahmedabad,Mobile App
4402,919,2025-06-30,Shipped,Kochi,Mobile App
4403,450,2024-08-10,Shipped,Chennai,Marketplace
4404,397,2024-01-21,Shipped,Nagpur,Mobile App
4405,466,2025-08-31,Pending,Pune,Marketplace
4406,838,2025-08-16,Cancelled,Delhi,Mobile App
4407,852,2024-04-30,Delivered,Jaipur,Marketplace
4408,590,2025-04-29,Delivered,Hyderabad,Website
4409,762,2024-12-25,Delivered,Indore,Mobile App
4410,810,2025-04-11,Delivered,Nagpur,Mobile App
4411,304,2025-06-03,Delivered,Jaipur,Website
4412,209,2025-08-16,Delivered,Bengaluru,Marketplace
4413,390,2025-06-25,Shipped,Gurugram,Website
4414,445,2025-01-23,Cancelled,Nagpur,Website
4415,887,2025-10-27,Cancelled,Nagpur,Website
4416,136,2025-02-23,Pending,Indore,Mobile App
4417,883,2025-03-29,Shipped,Gurugram,Mobile App
4418,480,2024-02-11,Cancelled,Hyderabad,Mobile App
4419,846,2025-02-20,Delivered,Pune,Mobile App
4420,189,2025-03-30,Delivered,Mumbai,Marketplace
4421,778,2024-09-01,Processing,Jaipur,Mobile App
4422,430,2024-06-25,Delivered,Delhi,Mobile App
4423,923,2025-10-30,Shipped,Ahmedabad,Website
4424,198,2025-12-01,Processing,Kochi,Mobile App
4425,221,2025-09-23,Delivered,Nashik,Website
4426,24,2025-02-14,Pending,Kochi,Mobile App
4427,971,2025-01-21,Delivered,Chennai,Website
4428,940,2024-01-03,Delivered,Nagpur,Website
4429,350,2025-03-24,Delivered,Kochi,Mobile App
4430,614,2024-11-08,Delivered,Noida,Website
4431,733,2024-02-19,Delivered,Chennai,Marketplace
4432,260,2025-06-27,Shipped,Hyderabad,Website
4433,491,2024-12-14,Delivered,Noida,Mobile App
4434,772,2025-06-16,Pending,Chennai,Website
4435,987,2024-11-14,Shipped,Kochi,Website
4436,254,2025-03-30,Delivered,Nagpur,Website
4437,820,2024-01-31,Delivered,Delhi,Mobile App
4438,653,2025-04-02,Delivered,Delhi,Website
4439,235,2025-08-27,Processing,Pune,Website
4440,77,2025-05-07,Delivered,Ahmedabad,Marketplace
4441,926,2024-11-29,Delivered,Indore,Website
4442,607,2025-08-13,Delivered,Chennai,Mobile App
4443,538,2025-05-10,Delivered,Gurugram,Website
4444,817,2025-12-17,Delivered,Kolkata,Website
4445,371,2025-02-22,Delivered,Gurugram,Marketplace
4446,592,2025-02-05,Delivered,Chennai,Website
4447,200,2024-07-06,Delivered,Noida,Mobile App
4448,20,2024-11-27,Delivered,Mumbai,Mobile App
4449,320,2024-12-12,Cancelled,Delhi,Website
4450,698,2024-06-12,Cancelled,Nagpur,Website
4451,741,2025-05-15,Delivered,Pune,Website
4452,408,2024-10-09,Delivered,Hyderabad,Mobile App
4453,713,2024-03-10,Delivered,Delhi,Website
4454,896,2025-04-22,Delivered,Kolkata,Mobile App
4455,365,2024-06-24,Delivered,Kochi,Website
4456,283,2024-06-23,Pending,Nashik,Mobile App
4457,57,2025-05-07,Delivered,Bengaluru,Mobile App
4458,955,2024-07-12,Delivered,Jaipur,Website
4459,976,2025-05-20,Delivered,Nagpur,Mobile App
4460,408,2025-07-01,Cancelled,Hyderabad,Website
4461,91,2024-09-22,Delivered,Nagpur,Website
4462,411,2025-05-12,Delivered,Hyderabad,Mobile App
4463,513,2025-12-21,Delivered,Kochi,Website
4464,374,2024-02-15,Cancelled,Kolkata,Mobile App
4465,868,2025-05-09,Delivered,Indore,Website
4466,76,2025-08-08,Delivered,Kolkata,Mobile App
4467,563,2024-12-27,Delivered,Delhi,Website
4468,579,2025-04-05,Shipped,Ahmedabad,Mobile App
4469,203,2025-05-03,Delivered,Ahmedabad,Mobile App
4470,106,2024-12-17,Delivered,Indore,Website
4471,331,2024-05-07,Delivered,Kolkata,Mobile App
4472,455,2024-03-26,Delivered,Gurugram,Website
4473,807,2025-04-22,Delivered,Bengaluru,Mobile App
4474,114,2024-11-13,Shipped,Kolkata,Mobile App
4475,847,2024-08-31,Delivered,Noida,Website
4476,616,2024-03-22,Delivered,Ahmedabad,Mobile App
4477,183,2024-11-03,Delivered,Kolkata,Marketplace
4478,746,2025-04-05,Delivered,Delhi,Mobile App
4479,473,2025-05-06,Delivered,Bengaluru,Website
4480,314,2024-07-21,Delivered,Kochi,Website
4481,919,2025-04-18,Delivered,Kochi,Marketplace
4482,386,2025-01-05,Delivered,Delhi,Website
4483,729,2024-11-10,Delivered,Gurugram,Mobile App
4484,45,2024-06-09,Delivered,Noida,Mobile App
4485,232,2024-10-03,Shipped,Ahmedabad,Mobile App
4486,129,2024-10-27,Delivered,Mumbai,Mobile App
4487,739,2024-02-21,Delivered,Kochi,Website
4488,716,2024-12-28,Delivered,Bengaluru,Website
4489,901,2024-06-20,Delivered,Gurugram,Marketplace
4490,854,2024-05-21,Delivered,Bengaluru,Website
4491,34,2024-08-14,Delivered,Nashik,Website
4492,779,2024-03-27,Cancelled,Delhi,Mobile App
4493,998,2024-03-01,Shipped,Ahmedabad,Website
4494,248,2024-04-21,Processing,Indore,Mobile App
4495,840,2024-07-05,Delivered,Bengaluru,Mobile App
4496,888,2024-12-02,Delivered,Mumbai,Marketplace
4497,650,2024-03-08,Delivered,Pune,Mobile App
4498,229,2024-08-10,Processing,Kolkata,Marketplace
4499,280,2025-04-04,Pending,Delhi,Mobile App
4500,653,2024-09-05,Shipped,Jaipur,Mobile App
4501,632,2025-03-03,Cancelled,Gurugram,Mobile App
4502,817,2024-03-25,Processing,Mumbai,Mobile App
4503,809,2024-06-21,Delivered,Nagpur,Mobile App
4504,477,2024-08-29,Delivered,Noida,Mobile App
4505,147,2025-09-11,Delivered,Nashik,Mobile App
4506,652,2024-02-26,Delivered,Delhi,Website
4507,861,2025-10-22,Delivered,Noida,Mobile App
4508,256,2025-12-23,Delivered,Indore,Marketplace
4509,732,2024-10-17,Delivered,Jaipur,Website
4510,505,2025-09-05,Delivered,Ahmedabad,Website
4511,444,2025-03-29,Processing,Bengaluru,Marketplace
4512,231,2025-09-28,Delivered,Jaipur,Mobile App
4513,602,2024-01-20,Delivered,Chennai,Mobile App
4514,605,2024-07-06,Pending,Hyderabad,Website
4515,481,2025-07-25,Cancelled,Bengaluru,Website
4516,848,2025-06-07,Delivered,Nashik,Website
4517,493,2024-08-26,Delivered,Noida,Marketplace
4518,696,2024-08-01,Delivered,Delhi,Website
4519,866,2024-07-02,Delivered,Indore,Website
4520,649,2025-08-06,Delivered,Hyderabad,Mobile App
4521,162,2024-02-26,Delivered,Kochi,Website
4522,75,2025-02-13,Delivered,Kochi,Website
4523,99,2024-01-30,Delivered,Bengaluru,Marketplace
4524,333,2025-07-01,Shipped,Gurugram,Mobile App
4525,990,2024-09-30,Delivered,Nashik,Website
4526,156,2025-10-25,Pending,Hyderabad,Marketplace
4527,403,2024-11-08,Delivered,Kolkata,Website
4528,833,2025-01-16,Shipped,Nagpur,Website
4529,821,2024-02-06,Processing,Pune,Mobile App
4530,865,2024-09-12,Pending,Nagpur,Marketplace
4531,926,2024-01-22,Delivered,Bengaluru,Mobile App
4532,318,2025-09-17,Processing,Pune,Mobile App
4533,896,2025-04-26,Delivered,Kolkata,Marketplace
4534,322,2025-01-01,Delivered,Indore,Marketplace
4535,443,2024-08-24,Delivered,Nagpur,Mobile App
4536,285,2025-02-23,Delivered,Delhi,Website
4537,421,2024-05-17,Shipped,Hyderabad,Mobile App
4538,550,2025-11-03,Delivered,Delhi,Website
4539,135,2024-01-10,Shipped,Kochi,Website
4540,75,2024-11-16,Delivered,Kochi,Website
4541,576,2025-11-06,Delivered,Jaipur,Mobile App
4542,610,2025-04-01,Delivered,Nashik,Website
4543,221,2025-12-10,Processing,Nashik,Marketplace
4544,44,2025-08-30,Delivered,Nashik,Marketplace
4545,784,2025-03-03,Cancelled,Chennai,Website
4546,153,2025-05-12,Shipped,Chennai,Mobile App
4547,551,2025-08-31,Delivered,Chennai,Marketplace
4548,401,2025-11-03,Delivered,Noida,Mobile App
4549,418,2025-06-04,Delivered,Gurugram,Website
4550,541,2025-12-02,Delivered,Noida,Mobile App
4551,359,2025-10-04,Delivered,Pune,Website
4552,410,2025-07-24,Delivered,Nashik,Mobile App
4553,537,2024-02-05,Delivered,Chennai,Mobile App
4554,844,2024-01-02,Cancelled,Pune,Mobile App
4555,967,2024-10-24,Delivered,Gurugram,Mobile App
4556,361,2025-03-06,Delivered,Ahmedabad,Website
4557,742,2025-12-30,Pending,Nashik,Website
4558,410,2025-09-10,Delivered,Kolkata,Mobile App
4559,644,2025-08-06,Delivered,Pune,Website
4560,291,2025-09-14,Delivered,Chennai,Marketplace
4561,267,2025-01-31,Delivered,Kolkata,Marketplace
4562,389,2025-06-23,Delivered,Bengaluru,Website
4563,890,2025-07-28,Delivered,Bengaluru,Website
4564,436,2024-11-07,Delivered,Pune,Mobile App
4565,815,2025-01-09,Pending,Ahmedabad,Website
4566,949,2024-04-01,Delivered,Jaipur,Website
4567,603,2024-05-30,Delivered,Noida,Website
4568,855,2024-12-20,Delivered,Nashik,Website
4569,481,2025-12-21,Delivered,Mumbai,Mobile App
4570,102,2025-01-22,Delivered,Mumbai,Website
4571,802,2024-06-13,Shipped,Delhi,Website
4572,493,2025-11-20,Delivered,Nagpur,Website
4573,59,2024-05-21,Processing,Bengaluru,Website
4574,25,2025-11-04,Delivered,Nashik,Mobile App
4575,33,2025-06-03,Processing,Pune,Mobile App
4576,601,2025-07-17,Shipped,Nashik,Mobile App
4577,647,2025-04-14,Delivered,Gurugram,Website
4578,387,2024-04-09,Delivered,Pune,Mobile App
4579,791,2024-10-15,Delivered,Kolkata,Mobile App
4580,29,2024-01-31,Delivered,Kochi,Website
4581,630,2024-11-10,Delivered,Bengaluru,Website
4582,709,2024-10-11,Delivered,Ahmedabad,Marketplace
4583,423,2024-11-17,Processing,Gurugram,Website
4584,525,2025-09-26,Delivered,Gurugram,Website
4585,621,2025-01-21,Delivered,Chennai,Mobile App
4586,336,2025-10-09,Delivered,Ahmedabad,Website
4587,39,2024-05-12,Delivered,Mumbai,Website
4588,762,2025-04-24,Delivered,Pune,Website
4589,81,2025-11-06,Delivered,Indore,Website
4590,269,2024-04-14,Shipped,Nagpur,Mobile App
4591,520,2024-01-13,Delivered,Hyderabad,Website
4592,727,2025-07-09,Pending,Nashik,Mobile App
4593,500,2025-06-23,Delivered,Gurugram,Mobile App
4594,35,2025-08-20,Delivered,Delhi,Website
4595,144,2025-04-30,Delivered,Pune,Mobile App
4596,832,2024-10-15,Delivered,Chennai,Website
4597,819,2024-09-22,Cancelled,Ahmedabad,Mobile App
4598,857,2025-02-06,Delivered,Bengaluru,Marketplace
4599,241,2025-04-18,Delivered,Chennai,Website
4600,76,2024-04-22,Shipped,Kolkata,Website
4601,696,2025-01-24,Delivered,Indore,Website
4602,125,2025-09-10,Pending,Gurugram,Website
4603,393,2024-03-28,Delivered,Bengaluru,Mobile App
4604,95,2025-05-28,Delivered,Kochi,Mobile App
4605,835,2025-08-17,Pending,Nashik,Mobile App
4606,868,2025-01-22,Processing,Indore,Website
4607,312,2025-05-12,Delivered,Noida,Mobile App
4608,297,2024-03-05,Processing,Nagpur,Website
4609,96,2024-07-21,Cancelled,Delhi,Website
4610,879,2025-07-29,Delivered,Indore,Marketplace
4611,351,2024-03-28,Cancelled,Gurugram,Website
4612,119,2025-03-31,Shipped,Indore,Website
4613,462,2024-02-09,Delivered,Mumbai,Mobile App
4614,282,2024-02-18,Pending,Gurugram,Website
4615,677,2025-05-30,Delivered,Hyderabad,Website
4616,108,2024-09-25,Pending,Indore,Marketplace
4617,279,2024-11-18,Delivered,Nagpur,Mobile App
4618,678,2025-04-28,Delivered,Gurugram,Mobile App
4619,28,2024-08-15,Delivered,Gurugram,Website
4620,634,2025-10-04,Delivered,Noida,Website
4621,619,2024-08-23,Delivered,Delhi,Website
4622,766,2025-09-21,Delivered,Gurugram,Mobile App
4623,987,2024-11-03,Delivered,Mumbai,Website
4624,437,2025-04-06,Delivered,Chennai,Mobile App
4625,47,2024-12-22,Delivered,Nashik,Website
4626,857,2024-02-07,Delivered,Ahmedabad,Website
4627,341,2024-10-29,Delivered,Nashik,Website
4628,406,2024-02-08,Delivered,Kolkata,Website
4629,452,2024-10-24,Processing,Kolkata,Mobile App
4630,898,2025-07-28,Delivered,Mumbai,Mobile App
4631,532,2025-08-28,Delivered,Ahmedabad,Website
4632,13,2025-10-27,Delivered,Mumbai,Marketplace
4633,944,2025-04-11,Pending,Pune,Website
4634,498,2024-08-15,Delivered,Gurugram,Marketplace
4635,610,2024-07-21,Pending,Indore,Website
4636,541,2024-04-15,Delivered,Gurugram,Website
4637,721,2025-03-09,Shipped,Bengaluru,Mobile App
4638,175,2024-04-05,Delivered,Chennai,Marketplace
4639,830,2024-12-31,Delivered,Ahmedabad,Website
4640,233,2024-08-25,Delivered,Gurugram,Website
4641,579,2025-02-20,Processing,Hyderabad,Marketplace
4642,235,2025-08-04,Processing,Pune,Mobile App
4643,839,2024-08-04,Cancelled,Gurugram,Marketplace
4644,898,2024-02-26,Delivered,Mumbai,Mobile App
4645,185,2025-01-28,Delivered,Nashik,Mobile App
4646,735,2024-04-24,Processing,Nashik,Mobile App
4647,468,2024-08-29,Delivered,Gurugram,Marketplace
4648,890,2024-11-06,Pending,Bengaluru,Website
4649,519,2025-05-22,Cancelled,Jaipur,Marketplace
4650,812,2025-07-27,Pending,Delhi,Marketplace
4651,994,2025-11-08,Delivered,Nashik,Marketplace
4652,675,2025-02-01,Delivered,Bengaluru,Website
4653,81,2024-09-04,Delivered,Indore,Website
4654,784,2025-05-08,Shipped,Hyderabad,Marketplace
4655,441,2024-01-07,Delivered,Hyderabad,Website
4656,894,2024-08-22,Pending,Kochi,Website
4657,902,2024-05-04,Delivered,Noida,Website
4658,831,2025-08-24,Delivered,Ahmedabad,Marketplace
4659,769,2024-09-26,Delivered,Hyderabad,Mobile App
4660,548,2025-12-11,Delivered,Indore,Marketplace
4661,679,2025-10-05,Delivered,Jaipur,Website
4662,895,2024-08-24,Delivered,Mumbai,Mobile App
4663,487,2025-12-13,Shipped,Ahmedabad,Mobile App
4664,405,2025-02-11,Processing,Kolkata,Website
4665,330,2024-05-09,Delivered,Mumbai,Website
4666,637,2024-06-26,Delivered,Chennai,Website
4667,83,2024-04-23,Delivered,Jaipur,Website
4668,335,2025-03-10,Delivered,Pune,Mobile App
4669,198,2025-07-29,Delivered,Kochi,Mobile App
4670,639,2025-10-03,Delivered,Ahmedabad,Website
4671,237,2024-01-02,Delivered,Kochi,Mobile App
4672,671,2024-07-16,Delivered,Pune,Marketplace
4673,853,2025-08-09,Delivered,Jaipur,Marketplace
4674,936,2025-12-26,Pending,Gurugram,Website
4675,691,2024-08-11,Delivered,Gurugram,Website
4676,128,2025-05-20,Delivered,Gurugram,Marketplace
4677,251,2025-10-05,Processing,Hyderabad,Marketplace
4678,743,2025-03-05,Delivered,Noida,Marketplace
4679,791,2025-06-27,Delivered,Mumbai,Website
4680,769,2024-03-24,Delivered,Kochi,Website
4681,493,2025-01-28,Delivered,Noida,Marketplace
4682,229,2024-01-30,Delivered,Kolkata,Mobile App
4683,707,2025-10-04,Delivered,Mumbai,Mobile App
4684,325,2025-10-02,Delivered,Kolkata,Mobile App
4685,445,2024-10-07,Delivered,Nagpur,Website
4686,592,2025-11-13,Delivered,Chennai,Website
4687,184,2024-12-17,Delivered,Nagpur,Marketplace
4688,651,2025-02-15,Pending,Nagpur,Website
4689,617,2024-09-03,Delivered,Bengaluru,Mobile App
4690,582,2024-11-24,Shipped,Ahmedabad,Website
4691,190,2025-09-21,Delivered,Bengaluru,Website
4692,533,2024-10-12,Pending,Gurugram,Marketplace
4693,645,2025-03-15,Pending,Bengaluru,Website
4694,116,2024-04-28,Delivered,Nashik,Website
4695,437,2024-09-20,Delivered,Gurugram,Website
4696,576,2025-05-26,Delivered,Hyderabad,Mobile App
4697,609,2025-11-22,Delivered,Mumbai,Mobile App
4698,932,2025-02-01,Cancelled,Chennai,Mobile App
4699,491,2025-09-16,Delivered,Ahmedabad,Website
4700,156,2024-01-17,Cancelled,Hyderabad,Website
4701,242,2025-04-24,Delivered,Indore,Marketplace
4702,990,2025-02-10,Delivered,Nashik,Website
4703,332,2025-06-04,Delivered,Pune,Website
4704,638,2024-11-23,Delivered,Delhi,Mobile App
4705,502,2025-04-24,Pending,Chennai,Marketplace
4706,816,2025-08-07,Delivered,Gurugram,Marketplace
4707,324,2024-12-20,Delivered,Kochi,Website
4708,738,2025-04-07,Delivered,Mumbai,Website
4709,692,2024-08-09,Processing,Gurugram,Website
4710,728,2025-06-24,Delivered,Delhi,Marketplace
4711,475,2025-03-17,Delivered,Delhi,Marketplace
4712,299,2024-06-13,Delivered,Gurugram,Website
4713,44,2025-01-05,Delivered,Nashik,Mobile App
4714,521,2025-12-17,Delivered,Jaipur,Website
4715,653,2025-07-26,Delivered,Delhi,Marketplace
4716,859,2024-06-24,Pending,Noida,Mobile App
4717,734,2025-06-18,Delivered,Kochi,Mobile App
4718,236,2025-03-13,Processing,Bengaluru,Mobile App
4719,153,2024-07-07,Delivered,Chennai,Website
4720,460,2024-01-24,Delivered,Noida,Mobile App
4721,850,2025-11-20,Delivered,Delhi,Website
4722,628,2025-12-15,Delivered,Jaipur,Website
4723,68,2024-06-09,Delivered,Pune,Website
4724,94,2025-12-01,Cancelled,Nashik,Website
4725,83,2024-02-03,Delivered,Jaipur,Mobile App
4726,788,2024-09-19,Cancelled,Hyderabad,Marketplace
4727,213,2025-12-07,Delivered,Noida,Website
4728,463,2024-05-17,Delivered,Kochi,Website
4729,670,2025-06-25,Delivered,Noida,Website
4730,279,2025-11-30,Delivered,Bengaluru,Website
4731,468,2024-12-04,Pending,Gurugram,Marketplace
4732,786,2025-08-09,Delivered,Mumbai,Marketplace
4733,115,2025-03-01,Cancelled,Nashik,Website
4734,922,2025-03-12,Delivered,Gurugram,Mobile App
4735,313,2024-01-10,Delivered,Bengaluru,Website
4736,932,2024-09-15,Delivered,Chennai,Website
4737,401,2024-09-27,Delivered,Hyderabad,Mobile App
4738,295,2024-10-24,Pending,Delhi,Website
4739,338,2025-11-02,Delivered,Ahmedabad,Website
4740,969,2025-02-26,Shipped,Indore,Website
4741,133,2024-10-29,Delivered,Kolkata,Website
4742,19,2025-10-31,Delivered,Ahmedabad,Mobile App
4743,723,2025-03-01,Delivered,Delhi,Website
4744,338,2024-06-15,Cancelled,Ahmedabad,Mobile App
4745,714,2024-06-15,Delivered,Noida,Marketplace
4746,333,2025-05-30,Shipped,Gurugram,Mobile App
4747,456,2025-10-13,Delivered,Gurugram,Website
4748,59,2025-12-17,Shipped,Nashik,Marketplace
4749,179,2024-12-14,Cancelled,Mumbai,Mobile App
4750,48,2024-04-19,Delivered,Kolkata,Website
4751,333,2024-11-23,Delivered,Gurugram,Website
4752,457,2025-12-22,Delivered,Delhi,Website
4753,227,2024-03-25,Processing,Delhi,Mobile App
4754,993,2024-08-31,Delivered,Hyderabad,Mobile App
4755,547,2025-06-03,Delivered,Gurugram,Website
4756,557,2025-03-18,Delivered,Kochi,Website
4757,923,2024-05-14,Delivered,Nashik,Website
4758,720,2024-12-02,Processing,Jaipur,Mobile App
4759,611,2024-07-04,Delivered,Indore,Website
4760,417,2025-03-29,Delivered,Bengaluru,Mobile App
4761,874,2024-03-31,Delivered,Indore,Website
4762,607,2025-07-15,Delivered,Chennai,Mobile App
4763,479,2025-02-25,Processing,Indore,Website
4764,786,2025-11-30,Delivered,Mumbai,Mobile App
4765,914,2024-12-31,Processing,Nagpur,Marketplace
4766,40,2024-04-21,Shipped,Gurugram,Marketplace
4767,186,2024-04-29,Pending,Delhi,Mobile App
4768,610,2025-01-19,Delivered,Nashik,Website
4769,444,2025-11-28,Cancelled,Mumbai,Mobile App
4770,592,2025-06-12,Delivered,Chennai,Website
4771,943,2025-05-22,Delivered,Chennai,Website
4772,253,2025-08-08,Delivered,Chennai,Mobile App
4773,881,2025-08-31,Delivered,Jaipur,Marketplace
4774,337,2025-12-13,Delivered,Pune,Mobile App
4775,870,2024-08-13,Delivered,Indore,Mobile App
4776,904,2025-06-15,Delivered,Nagpur,Mobile App
4777,752,2025-10-20,Processing,Noida,Mobile App
4778,407,2025-06-08,Delivered,Nashik,Mobile App
4779,795,2024-08-28,Processing,Jaipur,Mobile App
4780,53,2025-12-29,Shipped,Pune,Mobile App
4781,482,2024-08-30,Delivered,Noida,Mobile App
4782,627,2025-10-31,Pending,Hyderabad,Mobile App
4783,923,2025-10-19,Delivered,Bengaluru,Website
4784,871,2024-02-14,Delivered,Noida,Mobile App
4785,762,2025-03-12,Delivered,Indore,Marketplace
4786,292,2025-10-31,Delivered,Kochi,Website
4787,582,2024-04-21,Cancelled,Ahmedabad,Mobile App
4788,266,2024-09-12,Delivered,Chennai,Mobile App
4789,944,2025-09-17,Delivered,Jaipur,Mobile App
4790,582,2024-02-25,Delivered,Ahmedabad,Mobile App
4791,990,2025-03-15,Delivered,Gurugram,Mobile App
4792,229,2025-11-19,Delivered,Kolkata,Marketplace
4793,566,2024-03-14,Delivered,Kolkata,Marketplace
4794,224,2024-11-09,Delivered,Mumbai,Marketplace
4795,216,2024-02-28,Processing,Mumbai,Website
4796,704,2025-04-22,Delivered,Bengaluru,Marketplace
4797,703,2025-10-14,Shipped,Jaipur,Website
4798,642,2024-01-03,Delivered,Noida,Website
4799,161,2024-06-01,Delivered,Kochi,Mobile App
4800,290,2024-01-14,Delivered,Bengaluru,Mobile App
4801,619,2024-12-14,Delivered,Delhi,Mobile App
4802,45,2024-07-10,Delivered,Nagpur,Marketplace
4803,700,2025-02-06,Delivered,Nagpur,Website
4804,712,2025-11-18,Cancelled,Bengaluru,Mobile App
4805,160,2024-09-25,Delivered,Indore,Website
4806,132,2024-09-08,Delivered,Delhi,Website
4807,812,2025-09-19,Delivered,Kolkata,Website
4808,366,2024-11-17,Delivered,Chennai,Marketplace
4809,43,2024-06-01,Delivered,Jaipur,Mobile App
4810,76,2024-07-18,Delivered,Kolkata,Marketplace
4811,812,2025-01-04,Delivered,Kolkata,Website
4812,785,2024-06-12,Delivered,Kochi,Marketplace
4813,612,2024-04-05,Processing,Ahmedabad,Mobile App
4814,774,2024-01-15,Shipped,Nashik,Website
4815,415,2024-04-15,Shipped,Pune,Website
4816,555,2025-10-26,Delivered,Jaipur,Website
4817,396,2024-10-30,Delivered,Noida,Website
4818,688,2024-01-05,Processing,Kolkata,Website
4819,963,2024-12-14,Delivered,Delhi,Marketplace
4820,218,2025-12-23,Delivered,Nashik,Mobile App
4821,787,2025-07-05,Delivered,Hyderabad,Marketplace
4822,222,2024-08-25,Delivered,Indore,Marketplace
4823,197,2025-08-13,Cancelled,Pune,Mobile App
4824,421,2024-02-06,Delivered,Hyderabad,Mobile App
4825,251,2025-02-13,Delivered,Bengaluru,Marketplace
4826,856,2024-05-25,Processing,Bengaluru,Marketplace
4827,18,2024-07-07,Processing,Delhi,Website
4828,455,2025-01-18,Processing,Gurugram,Website
4829,469,2025-09-12,Delivered,Bengaluru,Marketplace
4830,25,2024-03-09,Processing,Nashik,Website
4831,58,2024-07-31,Delivered,Indore,Website
4832,34,2025-04-13,Delivered,Nashik,Website
4833,118,2025-01-26,Delivered,Delhi,Mobile App
4834,703,2024-08-31,Cancelled,Ahmedabad,Mobile App
4835,876,2024-03-15,Cancelled,Nagpur,Marketplace
4836,802,2025-10-26,Delivered,Delhi,Marketplace
4837,230,2024-01-26,Delivered,Chennai,Marketplace
4838,44,2024-02-26,Shipped,Nashik,Website
4839,239,2025-10-30,Delivered,Pune,Website
4840,799,2024-02-25,Delivered,Delhi,Website
4841,753,2025-07-08,Delivered,Nagpur,Website
4842,561,2024-05-28,Delivered,Jaipur,Website
4843,677,2025-06-14,Shipped,Hyderabad,Website
4844,82,2024-06-20,Delivered,Bengaluru,Website
4845,299,2024-09-21,Delivered,Gurugram,Mobile App
4846,332,2024-05-20,Cancelled,Pune,Website
4847,865,2025-08-04,Delivered,Nagpur,Website
4848,437,2024-09-28,Delivered,Gurugram,Website
4849,837,2024-12-16,Delivered,Delhi,Mobile App
4850,477,2025-12-12,Delivered,Noida,Marketplace
4851,268,2024-01-15,Delivered,Chennai,Mobile App
4852,427,2024-11-21,Delivered,Noida,Marketplace
4853,445,2024-03-29,Delivered,Nagpur,Mobile App
4854,465,2024-06-05,Delivered,Noida,Mobile App
4855,815,2025-09-05,Delivered,Nagpur,Marketplace
4856,704,2024-03-13,Cancelled,Bengaluru,Website
4857,28,2024-01-02,Delivered,Pune,Mobile App
4858,965,2025-03-10,Delivered,Kolkata,Mobile App
4859,556,2025-06-11,Delivered,Pune,Mobile App
4860,987,2025-10-18,Delivered,Kochi,Mobile App
4861,891,2025-08-14,Shipped,Jaipur,Website
4862,597,2025-06-20,Delivered,Kochi,Website
4863,781,2024-09-25,Delivered,Bengaluru,Website
4864,383,2025-11-19,Cancelled,Bengaluru,Website
4865,19,2024-03-27,Delivered,Nashik,Mobile App
4866,698,2024-09-24,Delivered,Nagpur,Website
4867,720,2024-05-01,Delivered,Pune,Mobile App
4868,702,2025-02-13,Delivered,Hyderabad,Website
4869,492,2025-04-23,Delivered,Chennai,Website
4870,847,2024-10-19,Delivered,Noida,Website
4871,562,2025-08-15,Delivered,Mumbai,Website
4872,717,2024-06-04,Delivered,Hyderabad,Website
4873,55,2024-12-01,Processing,Nagpur,Marketplace
4874,585,2024-01-01,Delivered,Nashik,Mobile App
4875,509,2025-07-22,Cancelled,Nagpur,Website
4876,382,2024-02-19,Delivered,Noida,Mobile App
4877,168,2025-12-03,Pending,Gurugram,Mobile App
4878,633,2024-06-28,Delivered,Ahmedabad,Mobile App
4879,635,2025-04-26,Delivered,Kochi,Mobile App
4880,276,2025-10-25,Delivered,Nagpur,Mobile App
4881,960,2024-12-07,Delivered,Delhi,Website
4882,888,2025-04-07,Cancelled,Nashik,Mobile App
4883,355,2024-06-03,Delivered,Nagpur,Mobile App
4884,760,2024-09-21,Delivered,Kochi,Website
4885,415,2024-10-18,Delivered,Nashik,Website
4886,41,2025-11-27,Shipped,Ahmedabad,Marketplace
4887,193,2024-09-01,Delivered,Ahmedabad,Mobile App
4888,890,2025-03-30,Pending,Delhi,Mobile App
4889,790,2025-12-04,Delivered,Noida,Website
4890,693,2025-01-20,Pending,Hyderabad,Mobile App
4891,352,2025-05-23,Pending,Gurugram,Website
4892,674,2024-02-17,Pending,Ahmedabad,Mobile App
4893,401,2025-06-12,Delivered,Hyderabad,Mobile App
4894,36,2025-06-11,Delivered,Kolkata,Website
4895,411,2024-06-24,Delivered,Hyderabad,Website
4896,262,2024-09-28,Delivered,Indore,Mobile App
4897,448,2024-08-02,Delivered,Ahmedabad,Website
4898,149,2025-03-27,Cancelled,Bengaluru,Marketplace
4899,93,2025-12-09,Processing,Noida,Website
4900,710,2024-03-13,Processing,Hyderabad,Mobile App
4901,919,2025-06-07,Delivered,Kochi,Mobile App
4902,611,2024-08-15,Pending,Indore,Website
4903,591,2025-02-25,Delivered,Mumbai,Website
4904,675,2025-04-09,Cancelled,Bengaluru,Website
4905,960,2025-06-28,Delivered,Indore,Website
4906,673,2025-03-04,Delivered,Ahmedabad,Marketplace
4907,508,2025-11-09,Processing,Kolkata,Marketplace
4908,304,2025-07-13,Pending,Noida,Marketplace
4909,950,2025-05-10,Shipped,Gurugram,Website
4910,625,2024-05-24,Processing,Kolkata,Website
4911,996,2025-11-30,Delivered,Delhi,Website
4912,313,2025-01-30,Delivered,Kolkata,Website
4913,467,2024-04-16,Delivered,Nashik,Website
4914,486,2024-07-03,Delivered,Kolkata,Mobile App
4915,512,2024-12-10,Delivered,Hyderabad,Mobile App
4916,637,2024-07-04,Delivered,Kochi,Website
4917,942,2025-05-30,Delivered,Noida,Mobile App
4918,555,2025-06-21,Delivered,Jaipur,Website
4919,338,2025-06-09,Delivered,Ahmedabad,Website
4920,71,2024-08-29,Delivered,Bengaluru,Mobile App
4921,140,2025-08-18,Processing,Delhi,Marketplace
4922,939,2024-01-04,Cancelled,Delhi,Website
4923,465,2024-12-06,Delivered,Noida,Mobile App
4924,214,2024-09-14,Delivered,Kolkata,Mobile App
4925,114,2024-06-05,Shipped,Noida,Website
4926,302,2025-05-05,Delivered,Indore,Mobile App
4927,358,2025-02-20,Delivered,Hyderabad,Website
4928,823,2025-02-15,Delivered,Jaipur,Marketplace
4929,889,2024-03-04,Processing,Mumbai,Mobile App
4930,344,2025-09-20,Delivered,Kolkata,Website
4931,238,2024-04-14,Delivered,Indore,Website
4932,651,2024-11-02,Delivered,Jaipur,Mobile App
4933,984,2025-11-22,Delivered,Jaipur,Mobile App
4934,931,2025-05-18,Delivered,Noida,Mobile App
4935,292,2024-11-01,Delivered,Delhi,Website
4936,65,2024-04-17,Delivered,Pune,Mobile App
4937,15,2025-05-18,Delivered,Gurugram,Marketplace
4938,553,2024-02-18,Shipped,Delhi,Website
4939,904,2024-11-01,Delivered,Hyderabad,Mobile App
4940,386,2024-08-25,Delivered,Delhi,Mobile App
4941,82,2025-06-19,Processing,Bengaluru,Marketplace
4942,697,2025-06-18,Delivered,Ahmedabad,Marketplace
4943,937,2025-11-09,Delivered,Hyderabad,Website
4944,43,2024-11-19,Shipped,Jaipur,Website
4945,945,2025-09-12,Delivered,Bengaluru,Mobile App
4946,912,2024-06-09,Processing,Bengaluru,Website
4947,37,2024-12-02,Delivered,Kochi,Mobile App
4948,860,2025-11-21,Delivered,Mumbai,Mobile App
4949,927,2025-04-16,Delivered,Nagpur,Marketplace
4950,215,2024-06-12,Shipped,Indore,Website
4951,391,2025-06-19,Delivered,Mumbai,Mobile App
4952,952,2025-05-07,Delivered,Bengaluru,Marketplace
4953,720,2025-11-10,Pending,Pune,Website
4954,474,2025-01-22,Processing,Ahmedabad,Website
4955,518,2025-05-09,Delivered,Nashik,Website
4956,994,2024-03-22,Processing,Nashik,Website
4957,550,2024-08-21,Pending,Pune,Mobile App
4958,833,2025-10-13,Cancelled,Nagpur,Website
4959,436,2024-06-26,Delivered,Pune,Marketplace
4960,872,2025-04-08,Delivered,Ahmedabad,Website
4961,261,2024-12-04,Delivered,Delhi,Mobile App
4962,482,2024-08-11,Delivered,Noida,Mobile App
4963,764,2025-10-13,Delivered,Pune,Mobile App
4964,836,2025-04-03,Shipped,Chennai,Mobile App
4965,808,2024-09-17,Delivered,Nashik,Website
4966,351,2024-12-11,Delivered,Gurugram,Mobile App
4967,809,2025-12-18,Cancelled,Kolkata,Website
4968,938,2025-04-14,Delivered,Indore,Website
4969,489,2025-07-25,Delivered,Hyderabad,Mobile App
4970,432,2025-10-14,Pending,Pune,Marketplace
4971,472,2024-08-26,Delivered,Kochi,Website
4972,624,2024-01-11,Delivered,Noida,Mobile App
4973,920,2024-09-27,Cancelled,Indore,Mobile App
4974,213,2024-07-10,Cancelled,Noida,Website
4975,707,2024-06-15,Delivered,Mumbai,Website
4976,477,2025-12-07,Delivered,Noida,Mobile App
4977,913,2024-06-14,Delivered,Bengaluru,Marketplace
4978,597,2025-08-30,Delivered,Kochi,Website
4979,282,2024-02-02,Delivered,Jaipur,Mobile App
4980,331,2024-07-30,Delivered,Nashik,Mobile App
4981,231,2024-09-07,Delivered,Jaipur,Website
4982,739,2025-05-31,Delivered,Delhi,Website
4983,230,2024-09-10,Delivered,Chennai,Website
4984,913,2025-07-15,Pending,Bengaluru,Mobile App
4985,18,2024-04-29,Delivered,Delhi,Mobile App
4986,858,2024-07-21,Delivered,Jaipur,Website
4987,672,2025-04-05,Delivered,Jaipur,Mobile App
4988,327,2025-01-25,Delivered,Mumbai,Mobile App
4989,474,2025-12-14,Shipped,Ahmedabad,Website
4990,984,2025-05-21,Delivered,Noida,Mobile App
4991,1000,2025-01-11,Delivered,Gurugram,Marketplace
4992,246,2025-12-05,Delivered,Ahmedabad,Mobile App
4993,85,2025-03-29,Delivered,Indore,Marketplace
4994,981,2024-10-20,Shipped,Gurugram,Mobile App
4995,965,2024-06-13,Cancelled,Kolkata,Marketplace
4996,919,2025-01-10,Delivered,Gurugram,Marketplace
4997,793,2025-06-26,Delivered,Hyderabad,Mobile App
4998,77,2025-02-07,Delivered,Bengaluru,Website
4999,645,2025-12-27,Delivered,Bengaluru,Marketplace
5000,504,2024-10-29,Cancelled,Bengaluru,Website
