payment_id,order_id,payment_mode,amount,payment_status,payment_date
1,1,Net Banking,80508.65,Successful,2024-05-06
2,2,UPI,197257.7,Successful,2025-01-17
3,3,COD,149909.08,Successful,2024-05-29
4,4,COD,68084.58,Successful,2024-11-08
5,5,Net Banking,13871.87,Successful,2024-01-06
6,6,Credit Card,128780.2,Successful,2025-05-07
7,7,Credit Card,60302.03,Successful,2025-01-24
8,8,Debit Card,95248.76,Successful,2024-05-21
9,9,COD,135634.94,Successful,2024-06-02
10,10,UPI,29169.53,Successful,2025-10-02
11,11,COD,29282.35,Successful,2024-02-18
12,12,Wallet,5613.46,Refunded,2024-06-18
13,13,Net Banking,2104.36,Successful,2024-11-14
14,14,Debit Card,18030.44,Successful,2025-09-28
15,15,Credit Card,34011.67,Successful,2025-05-02
16,16,COD,81117.86,Successful,2024-07-06
17,17,Wallet,6222.05,Successful,2025-12-23
18,18,Wallet,59100.89,Successful,2025-09-16
19,19,COD,7146.63,Successful,2024-01-25
20,20,Credit Card,58969.22,Successful,2024-11-22
21,21,UPI,14869.81,Successful,2024-06-24
22,22,Wallet,12677.04,Successful,2024-11-10
23,23,COD,20563.35,Successful,2024-12-01
24,24,COD,6469.27,Successful,2024-11-26
25,25,UPI,5741.26,Successful,2024-05-05
26,26,Wallet,53962.35,Successful,2025-05-19
27,27,Debit Card,22826.19,Successful,2024-03-05
28,28,COD,56150.81,Successful,2025-02-21
29,29,Debit Card,27912.4,Successful,2025-08-26
30,30,COD,23567.07,Successful,2024-05-08
31,31,Credit Card,107520.23,Successful,2025-05-28
32,32,Debit Card,75817.99,Successful,2024-09-08
33,33,Debit Card,18112.47,Successful,2024-02-15
34,34,Debit Card,136513.12,Successful,2025-10-31
35,35,COD,18345.55,Successful,2024-10-06
36,36,COD,10626.8,Successful,2025-10-09
37,37,Debit Card,30303.45,Successful,2025-07-02
38,38,COD,22662.44,Refunded,2024-05-23
39,39,Credit Card,125005.12,Successful,2025-05-31
40,40,Wallet,95303.6,Successful,2025-10-12
41,41,Debit Card,24703.2,Successful,2024-11-25
42,42,Wallet,9686.7,Successful,2025-12-09
43,43,UPI,84672.46,Successful,2024-01-13
44,44,COD,184604.25,Pending,2025-05-16
45,45,COD,56914.22,Successful,2025-10-29
46,46,Wallet,21624.33,Successful,2025-04-03
47,47,Credit Card,34980.29,Successful,2025-09-09
48,48,COD,56504.3,Successful,2024-01-11
49,49,UPI,8881.68,Refunded,2024-08-16
50,50,UPI,69544.98,Successful,2024-07-16
51,51,Credit Card,49540.26,Successful,2024-08-17
52,52,Credit Card,12164.0,Successful,2025-05-20
53,53,Net Banking,139535.17,Successful,2025-10-15
54,54,COD,50575.5,Successful,2025-07-19
55,55,COD,46549.26,Successful,2025-08-02
56,56,COD,9194.89,Successful,2024-09-25
57,57,Credit Card,10264.22,Successful,2024-10-08
58,58,COD,34139.67,Successful,2025-11-27
59,59,Net Banking,4060.58,Successful,2024-01-05
60,60,Net Banking,167332.05,Successful,2024-11-29
61,61,Debit Card,27326.94,Successful,2025-04-24
62,62,Wallet,4229.58,Successful,2024-08-20
63,63,Wallet,7710.46,Successful,2025-02-06
64,64,UPI,18304.12,Successful,2024-08-20
65,65,Wallet,22700.99,Successful,2024-07-23
66,66,Credit Card,28772.18,Successful,2024-02-01
67,67,COD,17165.91,Successful,2024-12-10
68,68,COD,15925.89,Successful,2024-12-14
69,69,UPI,163463.66,Pending,2024-03-15
70,70,Wallet,43069.26,Successful,2025-04-04
71,71,COD,73.02,Successful,2025-01-21
72,72,Net Banking,9521.73,Successful,2025-03-30
73,73,COD,35891.63,Successful,2025-11-26
74,74,UPI,89.31,Successful,2024-04-11
75,75,Debit Card,7384.03,Successful,2025-11-06
76,76,UPI,33898.98,Successful,2025-09-30
77,77,Wallet,30383.83,Successful,2024-01-28
78,78,COD,27141.46,Successful,2024-01-14
79,79,UPI,37033.65,Successful,2025-08-12
80,80,Credit Card,88205.25,Successful,2025-09-28
81,81,UPI,19819.85,Successful,2024-05-13
82,82,COD,37864.82,Successful,2025-01-02
83,83,COD,7523.84,Successful,2024-11-15
84,84,Net Banking,41726.28,Successful,2025-08-26
85,85,Wallet,11312.35,Successful,2025-07-26
86,86,Debit Card,5306.39,Successful,2025-10-18
87,87,Debit Card,33139.42,Refunded,2025-12-12
88,88,COD,54578.77,Successful,2025-08-17
89,89,Credit Card,17982.97,Successful,2024-06-15
90,90,Credit Card,93214.49,Successful,2024-01-04
91,91,Net Banking,7981.2,Successful,2024-09-03
92,92,Net Banking,1310.37,Successful,2025-01-21
93,93,Wallet,125211.24,Successful,2024-01-13
94,94,COD,14248.79,Successful,2025-03-29
95,95,Debit Card,72491.87,Successful,2024-01-31
96,96,Debit Card,18557.56,Successful,2024-06-29
97,97,UPI,41109.82,Successful,2024-07-02
98,98,Credit Card,4596.69,Successful,2025-01-26
99,99,Debit Card,62979.81,Successful,2025-04-12
100,100,Debit Card,162209.04,Successful,2025-10-02
101,101,Debit Card,102623.99,Pending,2024-05-14
102,102,Debit Card,40905.75,Successful,2024-11-23
103,103,COD,22167.95,Successful,2025-09-23
104,104,UPI,3006.3,Successful,2024-09-11
105,105,Wallet,96650.66,Successful,2025-08-21
106,106,Credit Card,33017.17,Successful,2025-11-12
107,107,COD,2003.43,Refunded,2025-10-23
108,108,UPI,13498.58,Refunded,2024-11-26
109,109,Debit Card,74106.26,Successful,2025-05-24
110,110,Credit Card,12217.75,Successful,2025-08-21
111,111,COD,1761.32,Successful,2024-08-29
112,112,Credit Card,1210.46,Successful,2024-06-09
113,113,Credit Card,32527.52,Successful,2024-03-30
114,114,Wallet,104456.91,Successful,2025-04-22
115,115,Debit Card,180961.15,Successful,2025-02-23
116,116,Wallet,41051.58,Successful,2024-07-04
117,117,UPI,65982.92,Successful,2024-03-25
118,118,Net Banking,10151.13,Successful,2024-10-11
119,119,Net Banking,23769.56,Successful,2025-07-13
120,120,Net Banking,164784.05,Successful,2025-12-02
121,121,Debit Card,8013.0,Successful,2025-07-13
122,122,Debit Card,10933.86,Pending,2024-12-23
123,123,Wallet,15732.53,Successful,2025-11-03
124,124,COD,21515.65,Successful,2024-06-03
125,125,Net Banking,41577.03,Successful,2025-05-02
126,126,Credit Card,91224.37,Successful,2025-04-18
127,127,UPI,16991.95,Successful,2025-12-15
128,128,Net Banking,16057.24,Successful,2025-01-20
129,129,Net Banking,1701.94,Pending,2025-05-29
130,130,UPI,60913.63,Refunded,2025-12-03
131,131,Debit Card,28159.69,Successful,2025-08-25
132,132,Wallet,36516.41,Successful,2024-12-07
133,133,UPI,14358.7,Successful,2025-02-07
134,134,Debit Card,15066.77,Successful,2025-01-31
135,135,Credit Card,58999.22,Successful,2025-10-16
136,136,COD,15244.03,Successful,2024-06-30
137,137,Net Banking,53297.12,Successful,2024-07-24
138,138,UPI,31000.09,Successful,2025-11-08
139,139,Credit Card,6359.09,Successful,2024-06-25
140,140,UPI,91047.62,Successful,2024-05-14
141,141,Wallet,20495.62,Successful,2024-08-02
142,142,UPI,4732.17,Successful,2025-11-13
143,143,Net Banking,11730.62,Successful,2024-07-27
144,144,COD,11784.53,Successful,2024-05-26
145,145,Debit Card,59931.13,Successful,2024-12-03
146,146,Credit Card,87267.47,Successful,2024-04-06
147,147,COD,7808.93,Pending,2025-12-30
148,148,UPI,44037.96,Successful,2024-06-28
149,149,Wallet,34154.77,Successful,2025-04-13
150,150,Wallet,29646.38,Refunded,2025-02-09
151,151,Wallet,104792.98,Successful,2024-10-07
152,152,Net Banking,113597.04,Refunded,2025-12-17
153,153,UPI,23331.09,Successful,2025-07-23
154,154,Net Banking,88517.16,Successful,2024-11-29
155,155,Wallet,67761.07,Successful,2025-04-19
156,156,Debit Card,62596.13,Successful,2025-01-28
157,157,Wallet,144188.84,Successful,2024-01-14
158,158,Credit Card,50280.62,Successful,2025-04-20
159,159,UPI,11723.32,Successful,2026-01-03
160,160,COD,35603.76,Successful,2024-06-15
161,161,Wallet,53901.57,Successful,2024-05-07
162,162,COD,14191.12,Successful,2024-01-13
163,163,UPI,63446.27,Successful,2024-02-08
164,164,UPI,16723.38,Pending,2025-10-15
165,165,Debit Card,6025.57,Successful,2024-04-17
166,166,Credit Card,8547.87,Pending,2024-02-21
167,167,UPI,29670.78,Successful,2024-09-04
168,168,COD,74286.55,Pending,2024-12-14
169,169,Credit Card,34743.81,Pending,2024-04-10
170,170,COD,124231.51,Successful,2025-03-03
171,171,Net Banking,258139.97,Successful,2025-10-04
172,172,Wallet,3157.58,Successful,2024-08-26
173,173,Wallet,48006.07,Successful,2025-11-03
174,174,Net Banking,6008.9,Pending,2025-11-06
175,175,UPI,34933.57,Successful,2024-08-12
176,176,Debit Card,145456.51,Successful,2026-01-01
177,177,COD,10927.06,Successful,2024-04-07
178,178,Wallet,78303.98,Successful,2025-12-13
179,179,Credit Card,45696.13,Successful,2024-11-22
180,180,Credit Card,1054.27,Successful,2025-09-17
181,181,Debit Card,21383.23,Successful,2024-08-29
182,182,Debit Card,44118.9,Refunded,2025-09-26
183,183,Wallet,76561.39,Successful,2024-09-08
184,184,COD,98609.7,Successful,2024-07-28
185,185,Net Banking,54211.38,Successful,2025-09-07
186,186,UPI,1014.92,Successful,2024-10-13
187,187,Credit Card,215528.28,Pending,2025-10-26
188,188,UPI,9557.66,Successful,2024-12-17
189,189,Debit Card,13917.95,Pending,2024-09-13
190,190,Debit Card,16145.56,Successful,2025-01-25
191,191,Credit Card,5816.73,Successful,2025-05-19
192,192,Wallet,107592.35,Successful,2024-07-31
193,193,UPI,54901.07,Successful,2024-07-29
194,194,Debit Card,53728.4,Refunded,2024-06-17
195,195,Credit Card,8598.29,Successful,2024-11-08
196,196,Wallet,25261.94,Successful,2025-05-07
197,197,COD,68212.4,Successful,2025-03-30
198,198,COD,161089.99,Successful,2025-05-11
199,199,COD,24640.11,Successful,2024-11-05
200,200,COD,19356.95,Successful,2025-01-25
201,201,COD,21818.13,Successful,2025-05-10
202,202,COD,103141.41,Successful,2024-07-16
203,203,Net Banking,321539.8,Successful,2025-02-18
204,204,Debit Card,27865.26,Successful,2024-11-11
205,205,Net Banking,51385.54,Successful,2024-05-10
206,206,COD,2850.6,Pending,2024-09-18
207,207,UPI,1752.48,Refunded,2025-10-14
208,208,Wallet,27789.16,Refunded,2025-03-12
209,209,UPI,202006.71,Successful,2025-01-05
210,210,UPI,32332.13,Successful,2024-05-31
211,211,COD,189118.71,Successful,2024-09-12
212,212,Wallet,164556.49,Successful,2024-04-05
213,213,Debit Card,102511.01,Successful,2024-03-24
214,214,Net Banking,121922.31,Successful,2025-03-15
215,215,UPI,15509.77,Successful,2025-01-28
216,216,UPI,46571.65,Successful,2024-04-04
217,217,COD,3311.72,Successful,2024-05-28
218,218,COD,34131.79,Successful,2024-11-12
219,219,UPI,29334.39,Pending,2024-03-12
220,220,Wallet,288401.07,Successful,2025-03-20
221,221,Debit Card,78013.22,Successful,2025-05-15
222,222,Credit Card,2534.31,Successful,2024-07-09
223,223,Debit Card,9406.23,Successful,2024-09-25
224,224,Credit Card,18334.88,Successful,2024-04-21
225,225,COD,8569.01,Successful,2024-05-10
226,226,Debit Card,1974.11,Successful,2025-05-11
227,227,Net Banking,83859.37,Successful,2024-01-11
228,228,Net Banking,1366.9,Successful,2024-01-11
229,229,Debit Card,11710.59,Successful,2025-05-12
230,230,UPI,84838.76,Successful,2025-12-02
231,231,Credit Card,44297.98,Successful,2025-11-12
232,232,Credit Card,18345.26,Pending,2024-12-05
233,233,Wallet,50317.48,Successful,2024-05-23
234,234,Debit Card,99827.04,Refunded,2025-12-19
235,235,Net Banking,1308.02,Successful,2025-11-06
236,236,Wallet,3062.12,Successful,2025-10-16
237,237,COD,24921.71,Successful,2024-02-18
238,238,Wallet,12743.63,Successful,2025-09-16
239,239,UPI,295392.78,Successful,2025-03-15
240,240,UPI,43878.88,Successful,2025-12-19
241,241,Net Banking,84639.26,Successful,2026-01-01
242,242,Debit Card,5640.04,Successful,2025-05-31
243,243,Wallet,69849.84,Successful,2025-11-22
244,244,COD,6603.79,Successful,2024-05-01
245,245,COD,45451.82,Refunded,2025-11-06
246,246,Debit Card,27276.42,Successful,2024-06-16
247,247,Wallet,12760.0,Refunded,2024-08-15
248,248,UPI,39324.92,Successful,2024-05-08
249,249,Credit Card,23160.77,Successful,2025-12-09
250,250,Net Banking,71926.14,Successful,2025-09-08
251,251,UPI,60129.39,Successful,2025-01-28
252,252,Net Banking,55473.22,Successful,2024-08-19
253,253,Net Banking,1443.38,Successful,2025-09-01
254,254,Net Banking,1898.52,Successful,2024-05-10
255,255,Net Banking,232015.37,Successful,2024-03-06
256,256,COD,8068.7,Pending,2024-11-24
257,257,UPI,3689.36,Successful,2025-11-10
258,258,Net Banking,15333.46,Successful,2025-04-16
259,259,Wallet,23038.85,Successful,2025-11-30
260,260,Net Banking,244800.06,Successful,2025-12-22
261,261,Debit Card,12705.13,Successful,2024-05-08
262,262,Debit Card,43075.78,Successful,2024-08-08
263,263,Wallet,89228.04,Successful,2024-12-10
264,264,UPI,89954.15,Refunded,2024-08-19
265,265,UPI,3081.76,Refunded,2025-05-15
266,266,Net Banking,5573.41,Successful,2024-06-15
267,267,Credit Card,68632.28,Successful,2025-04-30
268,268,COD,33403.95,Successful,2024-10-16
269,269,UPI,90632.74,Successful,2024-04-11
270,270,COD,61210.63,Successful,2025-12-29
271,271,Credit Card,56248.71,Successful,2025-12-13
272,272,UPI,5691.89,Refunded,2024-07-20
273,273,UPI,3217.19,Successful,2024-04-15
274,274,Debit Card,14083.15,Successful,2025-11-29
275,275,Debit Card,49221.68,Successful,2024-07-03
276,276,Credit Card,25083.72,Successful,2025-09-02
277,277,Debit Card,86155.94,Successful,2024-02-05
278,278,Debit Card,25460.25,Successful,2024-06-26
279,279,Debit Card,2248.96,Successful,2025-11-17
280,280,Debit Card,55730.15,Successful,2024-10-09
281,281,COD,35029.9,Successful,2024-03-27
282,282,UPI,71786.9,Successful,2024-01-24
283,283,UPI,15860.78,Pending,2024-04-08
284,284,Wallet,2654.98,Successful,2025-12-20
285,285,Net Banking,10635.85,Successful,2026-01-02
286,286,Debit Card,60647.15,Successful,2024-01-21
287,287,UPI,69755.74,Successful,2024-03-07
288,288,Net Banking,55341.24,Successful,2025-11-01
289,289,Credit Card,154696.76,Refunded,2025-09-08
290,290,Wallet,33306.47,Successful,2024-05-08
291,291,Credit Card,19301.11,Successful,2025-07-30
292,292,Debit Card,14846.25,Successful,2024-11-01
293,293,Wallet,89684.04,Successful,2025-11-06
294,294,Credit Card,82859.63,Successful,2024-10-29
295,295,Wallet,12875.07,Successful,2024-11-16
296,296,Debit Card,16193.53,Refunded,2024-08-04
297,297,Credit Card,25084.03,Successful,2024-07-11
298,298,Debit Card,79402.42,Successful,2025-07-20
299,299,UPI,6514.18,Successful,2025-03-08
300,300,Debit Card,16001.45,Successful,2024-06-16
301,301,Net Banking,41013.09,Successful,2025-12-13
302,302,COD,8096.84,Refunded,2025-10-13
303,303,Wallet,132707.4,Pending,2025-10-27
304,304,Net Banking,18160.16,Successful,2024-11-21
305,305,COD,5771.9,Successful,2024-09-12
306,306,UPI,39341.7,Successful,2025-02-23
307,307,Debit Card,58914.55,Successful,2024-10-09
308,308,UPI,62258.13,Successful,2024-08-17
309,309,UPI,4248.29,Refunded,2025-06-24
310,310,Debit Card,172528.36,Successful,2024-04-09
311,311,Wallet,123983.17,Successful,2024-10-06
312,312,UPI,130912.25,Successful,2025-02-05
313,313,UPI,107533.26,Successful,2025-07-18
314,314,Debit Card,101751.17,Refunded,2024-01-11
315,315,Credit Card,83960.22,Successful,2025-01-24
316,316,COD,13342.67,Refunded,2025-01-17
317,317,Debit Card,22569.44,Successful,2025-04-16
318,318,COD,29455.27,Successful,2024-10-12
319,319,UPI,10745.09,Successful,2024-08-23
320,320,UPI,2146.14,Successful,2024-04-02
321,321,Net Banking,9427.59,Successful,2024-06-19
322,322,Debit Card,50094.68,Pending,2025-05-22
323,323,Net Banking,12344.27,Successful,2025-06-05
324,324,COD,13296.36,Successful,2025-11-27
325,325,COD,34663.85,Successful,2024-07-14
326,326,Wallet,29035.4,Refunded,2025-07-03
327,327,UPI,172301.38,Refunded,2025-06-25
328,328,Wallet,29467.56,Successful,2025-11-24
329,329,UPI,123205.42,Successful,2025-01-11
330,330,Debit Card,166976.5,Successful,2025-05-24
331,331,Net Banking,145272.76,Successful,2025-11-27
332,332,UPI,20204.36,Successful,2024-10-27
333,333,UPI,8845.95,Successful,2025-10-08
334,334,UPI,5603.42,Successful,2025-10-21
335,335,Debit Card,198117.27,Successful,2025-05-15
336,336,Wallet,22022.24,Successful,2024-12-31
337,337,Debit Card,18862.3,Successful,2025-01-01
338,338,Wallet,38014.97,Successful,2025-06-11
339,339,COD,44810.27,Pending,2024-06-11
340,340,Credit Card,6667.88,Successful,2024-11-03
341,341,Debit Card,1179.5,Successful,2025-03-25
342,342,Net Banking,7306.85,Successful,2025-03-21
343,343,Wallet,36310.33,Successful,2024-10-18
344,344,Debit Card,164130.76,Successful,2024-02-02
345,345,Debit Card,15829.47,Successful,2024-10-02
346,346,Debit Card,42174.46,Successful,2024-05-13
347,347,COD,14450.9,Successful,2025-02-04
348,348,Net Banking,6019.92,Successful,2024-12-21
349,349,Wallet,58644.23,Successful,2024-12-19
350,350,Credit Card,30018.48,Successful,2024-10-26
351,351,UPI,114544.34,Refunded,2024-06-06
352,352,UPI,26792.17,Successful,2024-09-27
353,353,Wallet,50590.81,Refunded,2025-05-02
354,354,UPI,8461.06,Successful,2024-07-04
355,355,Credit Card,7569.45,Successful,2024-05-04
356,356,Net Banking,21203.69,Successful,2024-05-31
357,357,Credit Card,713.98,Successful,2025-01-27
358,358,Credit Card,54288.13,Successful,2024-08-16
359,359,COD,88260.26,Successful,2024-02-25
360,360,COD,82051.26,Successful,2025-12-31
361,361,UPI,67070.04,Successful,2024-01-02
362,362,Net Banking,30139.26,Successful,2024-10-15
363,363,Credit Card,9379.16,Successful,2025-05-19
364,364,Credit Card,15348.83,Successful,2025-12-02
365,365,Debit Card,57485.41,Refunded,2025-01-07
366,366,COD,47855.65,Successful,2025-10-28
367,367,UPI,10957.46,Successful,2024-05-16
368,368,Net Banking,190265.95,Pending,2025-11-03
369,369,UPI,13980.0,Successful,2024-03-17
370,370,COD,22448.52,Successful,2024-07-26
371,371,Credit Card,3839.95,Refunded,2025-07-19
372,372,Debit Card,32201.8,Successful,2025-07-28
373,373,Wallet,69621.05,Successful,2025-03-25
374,374,Debit Card,7386.8,Successful,2024-01-23
375,375,Debit Card,44272.52,Successful,2024-02-17
376,376,Credit Card,95016.54,Successful,2025-02-14
377,377,Net Banking,3718.11,Successful,2024-06-19
378,378,Wallet,13665.76,Successful,2025-02-16
379,379,Net Banking,30562.6,Successful,2024-08-13
380,380,UPI,95894.97,Successful,2025-04-13
381,381,Wallet,44476.8,Successful,2024-08-14
382,382,Credit Card,49504.8,Successful,2024-02-19
383,383,UPI,33575.2,Successful,2024-10-13
384,384,Wallet,14429.87,Successful,2024-09-13
385,385,Debit Card,16639.73,Successful,2024-12-21
386,386,Credit Card,173104.26,Successful,2025-07-16
387,387,Wallet,51544.9,Successful,2024-11-29
388,388,COD,94975.41,Refunded,2024-08-14
389,389,Credit Card,268476.96,Successful,2025-07-07
390,390,Net Banking,73157.91,Successful,2025-12-05
391,391,UPI,118600.88,Successful,2025-09-11
392,392,Debit Card,108954.41,Successful,2025-08-20
393,393,Debit Card,76788.17,Successful,2025-03-23
394,394,Net Banking,1233.46,Pending,2024-07-10
395,395,UPI,234393.87,Successful,2024-07-04
396,396,Wallet,30143.62,Refunded,2025-02-10
397,397,Debit Card,21113.11,Successful,2024-09-08
398,398,UPI,5789.89,Successful,2025-06-23
399,399,UPI,4061.16,Successful,2025-01-28
400,400,COD,6520.28,Successful,2024-02-14
401,401,COD,51763.41,Successful,2025-09-08
402,402,UPI,49205.88,Successful,2024-12-14
403,403,Credit Card,9565.26,Successful,2025-08-01
404,404,COD,13029.47,Successful,2024-09-07
405,405,Wallet,3536.25,Pending,2024-01-22
406,406,COD,8317.68,Successful,2025-03-02
407,407,UPI,53264.7,Successful,2024-05-30
408,408,Net Banking,6525.08,Refunded,2025-01-28
409,409,Wallet,4731.9,Successful,2024-06-22
410,410,COD,80569.48,Successful,2025-01-03
411,411,Net Banking,10396.5,Successful,2024-03-27
412,412,COD,8300.91,Successful,2024-12-11
413,413,Debit Card,24366.82,Successful,2025-12-06
414,414,Net Banking,11930.49,Successful,2025-05-27
415,415,Debit Card,14409.2,Pending,2024-03-22
416,416,Wallet,40819.2,Successful,2024-11-24
417,417,Net Banking,12079.87,Pending,2025-05-05
418,418,Wallet,34498.44,Successful,2024-10-13
419,419,UPI,204688.21,Successful,2025-01-29
420,420,COD,26730.07,Successful,2025-02-28
421,421,UPI,316408.6,Successful,2025-11-03
422,422,Credit Card,12237.36,Successful,2025-07-01
423,423,COD,22445.35,Refunded,2025-08-20
424,424,Wallet,34378.77,Refunded,2024-08-12
425,425,Net Banking,6659.07,Successful,2024-01-18
426,426,Credit Card,67840.1,Successful,2024-03-03
427,427,Credit Card,67142.94,Successful,2024-05-25
428,428,Debit Card,25545.31,Successful,2025-03-08
429,429,Wallet,56699.74,Refunded,2025-12-13
430,430,Net Banking,14191.26,Successful,2025-03-11
431,431,Wallet,59347.76,Successful,2025-05-06
432,432,Net Banking,47329.98,Successful,2024-03-21
433,433,UPI,83993.52,Pending,2024-06-04
434,434,Wallet,178022.23,Successful,2025-12-16
435,435,Wallet,29333.31,Refunded,2025-10-22
436,436,Wallet,30221.13,Successful,2025-10-20
437,437,Credit Card,99342.93,Successful,2025-03-11
438,438,Wallet,86132.48,Successful,2025-08-10
439,439,UPI,4403.08,Successful,2024-10-06
440,440,UPI,99367.09,Successful,2024-08-05
441,441,Wallet,5339.44,Successful,2025-07-27
442,442,UPI,43781.08,Successful,2024-11-17
443,443,Credit Card,36542.03,Successful,2025-01-16
444,444,Credit Card,5082.79,Successful,2025-01-08
445,445,Net Banking,980.76,Successful,2025-07-09
446,446,Credit Card,1505.52,Successful,2024-11-15
447,447,Debit Card,26795.62,Successful,2024-10-03
448,448,Debit Card,20432.86,Successful,2025-05-10
449,449,UPI,1893.92,Refunded,2024-12-31
450,450,Net Banking,309974.28,Refunded,2025-02-06
451,451,Credit Card,7000.36,Successful,2025-02-23
452,452,COD,20044.27,Successful,2024-06-02
453,453,Debit Card,12651.16,Successful,2024-02-10
454,454,Net Banking,52147.74,Successful,2025-10-03
455,455,COD,9910.14,Successful,2025-11-29
456,456,Credit Card,52235.86,Successful,2025-06-13
457,457,Net Banking,50387.04,Successful,2024-12-18
458,458,UPI,1141.73,Successful,2025-03-20
459,459,Net Banking,42688.39,Successful,2024-08-02
460,460,Wallet,67793.82,Successful,2025-10-04
461,461,Wallet,28843.11,Successful,2024-11-14
462,462,Net Banking,33604.62,Successful,2024-04-06
463,463,Debit Card,98625.68,Successful,2024-10-14
464,464,Debit Card,44470.88,Successful,2025-04-18
465,465,UPI,62043.56,Successful,2025-03-30
466,466,Net Banking,32810.49,Successful,2025-05-17
467,467,Wallet,98694.95,Successful,2025-11-27
468,468,UPI,97745.2,Successful,2024-11-17
469,469,Credit Card,46758.16,Successful,2025-12-02
470,470,Debit Card,9488.42,Pending,2025-12-20
471,471,COD,917.44,Successful,2025-01-22
472,472,COD,81933.68,Successful,2025-04-21
473,473,Wallet,56935.29,Successful,2025-04-24
474,474,COD,35825.09,Pending,2025-02-10
475,475,UPI,23723.27,Successful,2024-12-19
476,476,Debit Card,41223.98,Successful,2024-04-27
477,477,Credit Card,16294.76,Successful,2024-05-31
478,478,COD,4899.1,Successful,2025-01-25
479,479,Wallet,6870.63,Successful,2024-08-09
480,480,Net Banking,81652.23,Successful,2024-09-17
481,481,Credit Card,2289.71,Successful,2024-03-27
482,482,Wallet,22367.97,Successful,2024-08-10
483,483,Net Banking,82539.57,Successful,2025-03-15
484,484,UPI,220582.2,Successful,2025-03-08
485,485,Credit Card,67039.36,Successful,2025-12-17
486,486,Credit Card,20405.01,Pending,2025-07-31
487,487,Debit Card,16888.16,Successful,2025-08-18
488,488,Wallet,44294.32,Successful,2024-11-21
489,489,UPI,72605.13,Successful,2024-11-21
490,490,Wallet,90221.8,Successful,2024-01-04
491,491,Credit Card,38747.02,Successful,2025-10-16
492,492,Credit Card,23062.17,Refunded,2025-03-07
493,493,COD,38446.78,Successful,2024-08-05
494,494,UPI,69729.83,Successful,2025-01-10
495,495,COD,11202.84,Successful,2025-12-18
496,496,Net Banking,8388.63,Successful,2025-07-11
497,497,Net Banking,19847.17,Successful,2025-04-15
498,498,Credit Card,5279.09,Successful,2025-03-23
499,499,Credit Card,36591.28,Refunded,2024-10-19
500,500,Debit Card,8121.01,Successful,2024-04-18
501,501,Net Banking,13500.19,Refunded,2025-05-24
502,502,COD,12962.97,Successful,2025-04-02
503,503,Wallet,14079.31,Successful,2024-08-05
504,504,Wallet,50691.36,Successful,2025-04-26
505,505,Net Banking,44046.72,Successful,2025-03-01
506,506,COD,2440.66,Successful,2024-01-08
507,507,COD,20831.24,Successful,2025-11-08
508,508,Net Banking,17861.22,Successful,2024-09-07
509,509,Credit Card,27811.55,Successful,2025-01-19
510,510,UPI,74847.6,Successful,2024-12-10
511,511,Debit Card,8416.58,Successful,2025-02-04
512,512,Debit Card,44602.54,Successful,2025-08-16
513,513,Debit Card,8910.19,Successful,2025-02-19
514,514,Net Banking,177453.48,Pending,2025-12-30
515,515,COD,9476.15,Successful,2025-02-07
516,516,Net Banking,12759.23,Successful,2024-06-11
517,517,Wallet,15983.57,Successful,2024-01-15
518,518,Net Banking,21801.3,Successful,2025-07-12
519,519,Wallet,41487.78,Successful,2024-05-16
520,520,COD,10671.84,Successful,2024-09-04
521,521,COD,43613.42,Refunded,2024-09-10
522,522,Wallet,17136.37,Successful,2024-02-25
523,523,Debit Card,72398.72,Successful,2024-04-16
524,524,Wallet,16062.56,Successful,2024-09-25
525,525,COD,1121.16,Successful,2024-07-31
526,526,COD,6542.31,Successful,2025-05-13
527,527,Debit Card,20592.84,Successful,2024-11-19
528,528,UPI,38018.39,Successful,2024-01-14
529,529,Wallet,11208.0,Successful,2024-02-04
530,530,UPI,27608.95,Successful,2025-09-07
531,531,Credit Card,4837.91,Successful,2024-05-06
532,532,Wallet,11651.62,Successful,2024-06-08
533,533,Wallet,24135.69,Successful,2024-12-02
534,534,Net Banking,70704.53,Successful,2024-10-03
535,535,Wallet,13960.35,Successful,2025-07-18
536,536,COD,42665.21,Successful,2025-06-10
537,537,Wallet,83872.49,Successful,2024-10-16
538,538,Debit Card,137977.99,Successful,2024-11-15
539,539,Debit Card,8176.06,Successful,2025-04-03
540,540,Net Banking,116713.28,Successful,2024-04-21
541,541,Wallet,53354.17,Pending,2025-10-10
542,542,COD,3028.88,Successful,2025-06-07
543,543,Net Banking,2805.71,Successful,2025-10-22
544,544,Wallet,61960.48,Pending,2024-07-05
545,545,COD,42888.09,Successful,2024-03-18
546,546,UPI,74438.78,Successful,2024-05-07
547,547,Credit Card,26307.7,Successful,2025-04-24
548,548,Net Banking,42467.74,Successful,2025-01-29
549,549,Net Banking,2368.9,Refunded,2024-10-14
550,550,Net Banking,14792.19,Successful,2025-08-10
551,551,COD,25318.5,Successful,2024-11-26
552,552,Net Banking,19076.21,Successful,2024-10-11
553,553,Wallet,48639.71,Successful,2025-08-29
554,554,UPI,21236.67,Successful,2025-08-14
555,555,COD,28666.79,Successful,2025-02-16
556,556,Credit Card,12871.89,Successful,2025-10-24
557,557,Net Banking,44792.02,Successful,2024-11-06
558,558,Net Banking,34380.97,Successful,2024-11-16
559,559,Debit Card,8523.36,Successful,2025-05-20
560,560,Wallet,1403.58,Successful,2025-09-25
561,561,UPI,16482.02,Successful,2024-04-20
562,562,Debit Card,74785.56,Successful,2024-03-31
563,563,Debit Card,3348.88,Successful,2024-01-09
564,564,Credit Card,80930.81,Successful,2024-04-23
565,565,Credit Card,27382.93,Pending,2025-09-21
566,566,Wallet,12610.06,Successful,2024-05-21
567,567,Wallet,83146.12,Successful,2025-08-21
568,568,Debit Card,57903.2,Successful,2024-05-06
569,569,Net Banking,93177.6,Successful,2024-10-15
570,570,Net Banking,42228.35,Refunded,2024-10-31
571,571,COD,93514.4,Successful,2025-11-09
572,572,Credit Card,4626.96,Successful,2025-05-23
573,573,Wallet,152360.67,Successful,2025-02-01
574,574,COD,23752.73,Successful,2025-06-24
575,575,Debit Card,150476.64,Successful,2025-04-10
576,576,Net Banking,67854.76,Successful,2025-01-08
577,577,Debit Card,29653.03,Successful,2025-02-16
578,578,Wallet,34869.29,Successful,2025-08-17
579,579,Debit Card,171208.02,Successful,2024-04-24
580,580,COD,88647.77,Successful,2025-11-08
581,581,COD,23399.88,Successful,2024-03-27
582,582,UPI,6918.69,Successful,2025-06-04
583,583,Net Banking,83550.69,Successful,2025-10-26
584,584,Net Banking,8391.81,Successful,2024-06-30
585,585,Wallet,8710.2,Refunded,2024-04-21
586,586,UPI,53032.33,Successful,2024-04-30
587,587,Net Banking,103808.92,Successful,2025-06-30
588,588,Credit Card,44879.78,Successful,2025-02-21
589,589,UPI,24537.31,Successful,2025-12-12
590,590,Net Banking,6731.75,Successful,2025-10-16
591,591,Credit Card,124768.36,Successful,2024-07-10
592,592,Net Banking,6390.72,Successful,2025-12-07
593,593,UPI,63560.53,Successful,2024-12-09
594,594,Wallet,86974.84,Successful,2025-03-14
595,595,Credit Card,87945.46,Successful,2024-06-26
596,596,Wallet,8443.2,Successful,2025-08-21
597,597,Debit Card,26670.38,Successful,2024-01-21
598,598,UPI,13223.8,Refunded,2024-06-21
599,599,Credit Card,15322.77,Successful,2024-12-10
600,600,COD,13330.48,Successful,2025-11-13
601,601,Debit Card,5410.55,Refunded,2024-11-06
602,602,Credit Card,55676.6,Successful,2025-09-02
603,603,UPI,55335.43,Successful,2024-01-24
604,604,Net Banking,1495.34,Successful,2025-01-03
605,605,Debit Card,57943.41,Successful,2025-03-17
606,606,COD,9772.31,Successful,2025-01-22
607,607,Wallet,34841.91,Successful,2025-04-07
608,608,Wallet,166592.3,Successful,2024-12-24
609,609,UPI,5695.24,Successful,2024-11-14
610,610,UPI,40787.59,Successful,2025-09-21
611,611,Debit Card,53444.04,Successful,2024-12-22
612,612,COD,31010.35,Refunded,2025-04-22
613,613,Net Banking,10154.06,Successful,2025-11-12
614,614,Wallet,66819.99,Successful,2024-01-16
615,615,UPI,22462.78,Successful,2024-02-27
616,616,Wallet,47041.92,Successful,2024-01-03
617,617,Wallet,103556.9,Successful,2025-06-01
618,618,COD,37672.91,Successful,2024-10-07
619,619,COD,2802.5,Successful,2024-03-26
620,620,UPI,45228.83,Successful,2025-11-27
621,621,UPI,44683.99,Successful,2024-09-26
622,622,Net Banking,236849.82,Successful,2025-11-28
623,623,Credit Card,7718.22,Successful,2024-09-15
624,624,Credit Card,6275.14,Successful,2024-11-01
625,625,UPI,4304.34,Successful,2025-03-25
626,626,Wallet,61957.32,Refunded,2025-12-05
627,627,Net Banking,22678.11,Successful,2025-02-25
628,628,COD,51372.35,Refunded,2024-04-01
629,629,Net Banking,41551.82,Successful,2025-08-18
630,630,UPI,51831.89,Successful,2024-10-30
631,631,Credit Card,12747.54,Pending,2025-04-19
632,632,Net Banking,79558.13,Successful,2024-02-26
633,633,Net Banking,8855.79,Successful,2024-10-25
634,634,Debit Card,59334.69,Successful,2025-08-23
635,635,Net Banking,16127.54,Successful,2025-06-15
636,636,Debit Card,26452.25,Successful,2025-11-24
637,637,Wallet,3553.65,Pending,2024-01-07
638,638,Wallet,100323.99,Successful,2024-01-01
639,639,Wallet,59369.47,Successful,2024-04-19
640,640,Debit Card,11506.85,Successful,2024-05-05
641,641,Net Banking,22116.16,Successful,2025-07-15
642,642,Net Banking,7232.44,Successful,2025-09-24
643,643,Net Banking,13663.32,Successful,2025-11-04
644,644,Wallet,74004.2,Successful,2025-05-04
645,645,Debit Card,13456.37,Successful,2025-05-20
646,646,Wallet,16116.28,Successful,2024-04-19
647,647,Net Banking,153174.67,Successful,2024-05-06
648,648,Debit Card,29342.95,Successful,2025-10-28
649,649,Debit Card,157306.86,Successful,2024-12-30
650,650,Debit Card,93.41,Successful,2024-01-12
651,651,COD,64866.25,Successful,2024-08-05
652,652,Net Banking,77621.1,Successful,2024-06-30
653,653,Wallet,92666.4,Refunded,2025-04-15
654,654,Wallet,26559.4,Successful,2024-11-06
655,655,Net Banking,1294.96,Successful,2025-01-23
656,656,UPI,157147.03,Pending,2025-06-06
657,657,Credit Card,5881.88,Successful,2025-08-26
658,658,UPI,6435.83,Successful,2024-03-11
659,659,Debit Card,38943.2,Successful,2024-04-19
660,660,COD,76407.12,Successful,2024-08-30
661,661,Credit Card,43258.63,Successful,2025-03-07
662,662,UPI,11087.09,Successful,2024-03-16
663,663,Wallet,94269.18,Successful,2024-06-30
664,664,Credit Card,58602.52,Successful,2025-08-12
665,665,Net Banking,48072.44,Successful,2024-10-21
666,666,Credit Card,20807.53,Successful,2024-07-16
667,667,Net Banking,33054.77,Successful,2024-07-28
668,668,Debit Card,30895.77,Successful,2025-02-23
669,669,Debit Card,3739.98,Successful,2025-10-20
670,670,UPI,16009.98,Successful,2025-05-02
671,671,Credit Card,174481.2,Pending,2024-05-22
672,672,COD,2436.01,Successful,2024-03-14
673,673,UPI,59604.78,Successful,2024-04-30
674,674,UPI,69671.64,Pending,2024-08-20
675,675,COD,55644.28,Successful,2025-12-24
676,676,COD,40245.17,Successful,2025-07-03
677,677,UPI,147654.28,Successful,2025-02-14
678,678,Debit Card,7877.91,Successful,2025-04-27
679,679,Wallet,13577.29,Successful,2025-03-09
680,680,Debit Card,56600.15,Successful,2024-07-28
681,681,Credit Card,8234.2,Successful,2024-03-06
682,682,Wallet,89520.76,Refunded,2025-09-19
683,683,Net Banking,89910.73,Successful,2025-03-02
684,684,Wallet,23559.91,Successful,2025-05-05
685,685,UPI,3286.01,Successful,2025-05-25
686,686,Net Banking,15251.04,Successful,2024-08-22
687,687,UPI,33181.15,Successful,2024-07-21
688,688,Credit Card,52369.47,Successful,2025-07-22
689,689,Net Banking,41069.86,Refunded,2025-03-16
690,690,Wallet,54918.87,Successful,2025-09-22
691,691,Debit Card,25104.89,Successful,2024-03-01
692,692,COD,45067.65,Successful,2025-07-04
693,693,Wallet,27837.43,Successful,2024-02-28
694,694,Wallet,102470.51,Successful,2024-11-19
695,695,Debit Card,45990.8,Successful,2024-05-15
696,696,Credit Card,48220.58,Successful,2024-03-21
697,697,COD,46170.82,Successful,2025-01-02
698,698,Credit Card,13458.13,Pending,2025-01-10
699,699,UPI,183306.19,Successful,2024-09-30
700,700,UPI,18010.23,Refunded,2025-02-27
701,701,COD,11744.34,Successful,2024-05-21
702,702,UPI,122193.48,Successful,2024-08-06
703,703,Net Banking,14998.2,Refunded,2024-08-28
704,704,Debit Card,147350.42,Successful,2024-01-25
705,705,Net Banking,58962.13,Pending,2024-11-04
706,706,COD,31052.63,Successful,2025-01-31
707,707,Debit Card,11468.02,Successful,2024-07-30
708,708,Credit Card,156036.92,Successful,2024-11-09
709,709,Wallet,34241.74,Successful,2024-12-12
710,710,Net Banking,9889.49,Successful,2024-01-31
711,711,Net Banking,5677.08,Pending,2024-02-29
712,712,Credit Card,18778.74,Successful,2025-11-27
713,713,Net Banking,41649.52,Pending,2025-08-04
714,714,UPI,150544.7,Successful,2024-09-01
715,715,Wallet,8058.62,Successful,2024-10-09
716,716,Debit Card,49713.27,Successful,2025-08-08
717,717,COD,3881.15,Pending,2024-09-16
718,718,Wallet,7001.07,Successful,2025-08-06
719,719,Credit Card,77152.32,Successful,2024-01-20
720,720,Net Banking,15735.86,Successful,2025-10-16
721,721,Net Banking,39072.68,Successful,2024-03-25
722,722,UPI,60239.04,Successful,2025-03-30
723,723,Wallet,2465.07,Successful,2024-05-11
724,724,Net Banking,12662.56,Successful,2024-02-20
725,725,COD,54502.66,Successful,2025-03-29
726,726,Credit Card,80230.55,Successful,2024-09-23
727,727,Wallet,9000.34,Successful,2024-12-28
728,728,COD,13033.17,Successful,2024-03-20
729,729,Wallet,27888.72,Successful,2024-12-02
730,730,COD,17231.69,Successful,2025-03-15
731,731,Wallet,15403.32,Successful,2025-01-05
732,732,UPI,2497.32,Successful,2024-10-31
733,733,COD,36650.66,Successful,2024-06-03
734,734,Wallet,243327.55,Successful,2024-11-19
735,735,Wallet,24367.63,Successful,2024-12-20
736,736,Debit Card,132767.46,Successful,2024-06-02
737,737,Wallet,5201.64,Successful,2024-08-18
738,738,Debit Card,16968.28,Refunded,2025-07-07
739,739,Net Banking,54489.04,Successful,2025-05-01
740,740,Wallet,29266.16,Successful,2025-08-14
741,741,Credit Card,7087.8,Successful,2025-01-06
742,742,COD,8305.8,Successful,2024-09-06
743,743,Debit Card,9995.55,Successful,2025-07-28
744,744,Wallet,85131.67,Pending,2025-04-05
745,745,COD,24180.7,Successful,2025-07-07
746,746,COD,24407.88,Successful,2025-09-15
747,747,UPI,8887.27,Successful,2025-02-22
748,748,UPI,120750.58,Successful,2024-07-22
749,749,Debit Card,6135.75,Pending,2024-09-29
750,750,Wallet,18843.05,Successful,2024-05-10
751,751,COD,84632.98,Successful,2024-05-18
752,752,Wallet,7816.77,Successful,2024-12-31
753,753,Wallet,32953.56,Successful,2024-05-04
754,754,UPI,14316.75,Successful,2024-04-22
755,755,Net Banking,6892.67,Successful,2025-04-07
756,756,Wallet,26838.17,Refunded,2024-10-24
757,757,Credit Card,44124.46,Successful,2025-08-29
758,758,Net Banking,148973.52,Successful,2025-09-01
759,759,Debit Card,66016.8,Successful,2025-03-25
760,760,Debit Card,36448.35,Successful,2024-04-11
761,761,Debit Card,52010.01,Successful,2025-06-21
762,762,COD,14933.86,Refunded,2024-11-23
763,763,Debit Card,62161.83,Successful,2024-08-05
764,764,UPI,9110.11,Successful,2024-04-12
765,765,Net Banking,98302.12,Successful,2025-03-26
766,766,COD,6905.16,Refunded,2025-09-14
767,767,Debit Card,14648.02,Successful,2024-08-01
768,768,Debit Card,11055.56,Successful,2024-02-12
769,769,Net Banking,48662.54,Successful,2025-05-16
770,770,COD,26485.08,Successful,2025-08-10
771,771,UPI,329.77,Successful,2024-10-30
772,772,Wallet,23417.64,Successful,2025-04-03
773,773,COD,80034.32,Refunded,2024-10-12
774,774,Credit Card,21872.33,Refunded,2024-08-15
775,775,UPI,7152.33,Successful,2025-04-11
776,776,COD,45283.66,Successful,2025-12-07
777,777,Credit Card,22582.24,Successful,2025-06-18
778,778,COD,10760.6,Successful,2024-02-07
779,779,COD,24350.0,Successful,2025-01-22
780,780,Net Banking,9494.53,Successful,2024-06-07
781,781,Wallet,33288.35,Successful,2024-07-24
782,782,UPI,2331.34,Successful,2024-08-09
783,783,Wallet,12826.62,Successful,2025-12-29
784,784,Debit Card,123282.71,Successful,2025-10-11
785,785,Credit Card,48010.72,Successful,2024-07-03
786,786,COD,15941.45,Pending,2025-05-16
787,787,UPI,29497.14,Successful,2024-10-29
788,788,UPI,20318.76,Successful,2024-10-22
789,789,Wallet,44016.22,Successful,2024-04-28
790,790,UPI,69541.54,Refunded,2025-02-14
791,791,Debit Card,35928.89,Successful,2025-05-15
792,792,Credit Card,3258.15,Successful,2025-06-06
793,793,Wallet,22046.53,Successful,2024-11-26
794,794,UPI,18981.76,Successful,2025-03-11
795,795,UPI,9057.86,Successful,2024-12-14
796,796,UPI,16134.51,Successful,2025-08-10
797,797,COD,44021.26,Successful,2025-09-20
798,798,Net Banking,49864.12,Pending,2024-01-23
799,799,COD,49717.12,Pending,2024-12-29
800,800,Wallet,18387.64,Successful,2024-08-05
801,801,Net Banking,28558.35,Successful,2025-02-11
802,802,Net Banking,40013.03,Successful,2025-01-18
803,803,Credit Card,3316.35,Successful,2024-01-17
804,804,COD,11047.99,Successful,2025-05-31
805,805,Debit Card,10405.18,Successful,2024-01-25
806,806,Net Banking,47715.02,Pending,2024-05-09
807,807,Credit Card,42432.48,Successful,2024-10-06
808,808,Credit Card,1297.04,Successful,2025-03-01
809,809,COD,84023.42,Successful,2024-06-07
810,810,Credit Card,58221.43,Successful,2025-09-14
811,811,Debit Card,220275.67,Successful,2024-11-07
812,812,Debit Card,3173.59,Successful,2025-08-15
813,813,Net Banking,9866.69,Successful,2025-02-20
814,814,Net Banking,10135.9,Successful,2025-06-02
815,815,Wallet,23692.15,Pending,2025-01-19
816,816,COD,88515.33,Successful,2024-01-26
817,817,Debit Card,929.84,Successful,2024-04-23
818,818,UPI,34816.34,Successful,2024-03-29
819,819,UPI,92913.93,Successful,2025-08-31
820,820,COD,12367.17,Refunded,2025-06-22
821,821,COD,53523.17,Successful,2025-05-20
822,822,UPI,26798.58,Successful,2024-02-07
823,823,Net Banking,34148.7,Refunded,2024-10-04
824,824,Credit Card,123772.37,Successful,2024-11-16
825,825,Debit Card,121832.91,Successful,2025-06-13
826,826,Credit Card,10976.8,Successful,2024-04-17
827,827,Debit Card,13196.66,Successful,2024-06-16
828,828,Wallet,287810.78,Successful,2024-04-26
829,829,Wallet,1051.95,Successful,2025-06-22
830,830,Wallet,102182.35,Successful,2024-01-11
831,831,UPI,5722.32,Successful,2025-11-25
832,832,Credit Card,14480.57,Successful,2025-10-28
833,833,Debit Card,35442.23,Successful,2025-09-21
834,834,Wallet,16052.24,Successful,2025-04-20
835,835,Credit Card,10964.65,Successful,2024-05-19
836,836,Credit Card,34760.35,Successful,2025-03-02
837,837,COD,110389.8,Refunded,2024-11-15
838,838,Credit Card,47591.16,Successful,2024-12-07
839,839,Wallet,31563.48,Successful,2024-12-26
840,840,COD,4263.76,Successful,2024-07-17
841,841,COD,47625.3,Successful,2024-11-09
842,842,COD,56714.1,Successful,2025-10-18
843,843,UPI,43799.65,Successful,2024-08-09
844,844,UPI,78641.18,Successful,2025-06-19
845,845,COD,36252.36,Successful,2025-08-31
846,846,UPI,11585.39,Successful,2025-04-29
847,847,Wallet,18288.22,Successful,2024-04-06
848,848,Credit Card,12625.8,Successful,2024-01-02
849,849,Debit Card,78807.2,Successful,2025-03-28
850,850,Net Banking,2206.33,Successful,2024-05-03
851,851,Net Banking,71668.3,Successful,2025-05-02
852,852,Credit Card,4902.26,Successful,2025-09-14
853,853,COD,41219.34,Successful,2024-05-26
854,854,COD,31606.06,Refunded,2024-09-14
855,855,Net Banking,43946.8,Successful,2024-07-01
856,856,Debit Card,20626.12,Refunded,2024-12-22
857,857,Credit Card,3765.14,Successful,2024-07-15
858,858,COD,54885.53,Successful,2024-07-20
859,859,COD,16254.93,Successful,2024-12-02
860,860,COD,8876.64,Successful,2024-01-17
861,861,COD,46194.34,Successful,2025-02-11
862,862,Wallet,31803.77,Successful,2024-03-01
863,863,COD,5608.44,Successful,2025-09-14
864,864,COD,158658.05,Refunded,2025-10-25
865,865,Net Banking,131385.51,Successful,2025-12-31
866,866,Wallet,34441.1,Successful,2024-03-25
867,867,UPI,10804.65,Successful,2024-03-06
868,868,COD,8883.72,Successful,2025-11-01
869,869,COD,5750.25,Successful,2024-11-23
870,870,Net Banking,53999.9,Successful,2025-01-10
871,871,Net Banking,120281.8,Successful,2025-11-18
872,872,Wallet,150311.84,Successful,2024-10-02
873,873,Credit Card,5089.4,Successful,2025-12-08
874,874,Net Banking,86824.68,Successful,2024-01-05
875,875,UPI,37479.8,Successful,2025-08-07
876,876,Wallet,5949.6,Successful,2024-04-30
877,877,COD,12791.17,Successful,2025-08-28
878,878,Debit Card,79025.26,Successful,2024-08-12
879,879,Debit Card,34566.55,Successful,2024-09-09
880,880,Debit Card,6279.11,Refunded,2024-07-17
881,881,Wallet,60335.06,Successful,2025-12-25
882,882,Wallet,59534.55,Successful,2024-08-20
883,883,UPI,92142.29,Refunded,2024-09-23
884,884,Debit Card,10269.92,Successful,2025-01-09
885,885,Net Banking,25863.96,Successful,2025-12-06
886,886,Credit Card,46046.53,Successful,2024-06-10
887,887,COD,53723.39,Pending,2025-10-25
888,888,Credit Card,25789.1,Successful,2025-06-01
889,889,Credit Card,16849.66,Successful,2024-08-04
890,890,Debit Card,13114.76,Successful,2025-06-14
891,891,Wallet,7771.75,Successful,2024-11-26
892,892,Wallet,95538.3,Refunded,2024-11-26
893,893,Debit Card,31978.93,Successful,2024-06-12
894,894,Wallet,25699.09,Successful,2024-07-12
895,895,COD,10051.31,Successful,2024-01-25
896,896,Credit Card,150552.39,Refunded,2025-03-22
897,897,Wallet,38240.58,Successful,2025-01-17
898,898,Credit Card,24610.67,Pending,2024-08-30
899,899,COD,43939.78,Successful,2024-10-02
900,900,Net Banking,10122.26,Successful,2024-06-22
901,901,Credit Card,50799.07,Refunded,2025-08-05
902,902,Debit Card,31736.08,Successful,2024-02-27
903,903,UPI,7735.67,Successful,2024-12-22
904,904,Net Banking,2947.05,Successful,2024-07-25
905,905,Credit Card,43754.26,Successful,2024-07-28
906,906,Net Banking,14831.07,Successful,2025-01-20
907,907,Debit Card,39627.15,Successful,2025-12-05
908,908,UPI,53632.25,Refunded,2025-04-21
909,909,UPI,14843.57,Successful,2024-05-19
910,910,COD,8119.77,Successful,2025-03-13
911,911,Debit Card,9851.01,Successful,2025-08-25
912,912,Credit Card,19465.41,Successful,2025-01-07
913,913,Net Banking,37147.1,Successful,2024-03-21
914,914,Debit Card,16837.42,Successful,2024-11-06
915,915,Debit Card,9009.12,Successful,2024-06-06
916,916,Net Banking,3742.2,Successful,2024-09-26
917,917,UPI,35642.09,Successful,2025-06-13
918,918,Wallet,13001.99,Successful,2024-04-16
919,919,COD,14017.28,Successful,2024-11-25
920,920,Debit Card,13379.87,Successful,2025-05-15
921,921,COD,32514.33,Successful,2024-11-06
922,922,UPI,1930.13,Successful,2025-04-09
923,923,Debit Card,80479.13,Successful,2025-01-10
924,924,Wallet,14136.01,Successful,2025-01-28
925,925,Wallet,85290.65,Successful,2025-12-26
926,926,Wallet,195142.06,Successful,2025-04-13
927,927,UPI,114653.68,Successful,2025-05-16
928,928,Wallet,6018.17,Successful,2024-09-17
929,929,UPI,220399.87,Successful,2025-07-11
930,930,Debit Card,24879.04,Successful,2024-11-28
931,931,Wallet,5676.5,Successful,2024-02-07
932,932,Debit Card,62936.59,Successful,2024-04-06
933,933,Net Banking,8028.99,Successful,2024-10-11
934,934,Debit Card,39487.83,Successful,2025-06-23
935,935,COD,9111.14,Successful,2024-06-02
936,936,UPI,48146.56,Successful,2025-01-27
937,937,Credit Card,2940.43,Successful,2024-11-07
938,938,Wallet,10012.09,Refunded,2025-11-02
939,939,Net Banking,5474.25,Pending,2024-05-02
940,940,Credit Card,222099.99,Successful,2025-06-13
941,941,COD,49821.23,Successful,2025-08-10
942,942,COD,16673.8,Successful,2024-07-09
943,943,UPI,36778.56,Successful,2024-07-07
944,944,Credit Card,62327.41,Successful,2025-03-01
945,945,Credit Card,96710.31,Successful,2025-10-15
946,946,Credit Card,27895.79,Successful,2024-08-16
947,947,Credit Card,7836.28,Successful,2025-04-19
948,948,COD,2570.65,Successful,2025-05-05
949,949,Credit Card,5087.12,Successful,2025-03-31
950,950,Net Banking,11018.37,Successful,2024-06-23
951,951,UPI,15766.86,Successful,2025-08-09
952,952,Wallet,54391.86,Successful,2024-03-26
953,953,Wallet,36788.09,Successful,2024-11-21
954,954,Wallet,14246.5,Successful,2024-06-22
955,955,COD,5257.82,Refunded,2024-01-24
956,956,Credit Card,28025.33,Successful,2025-01-20
957,957,Wallet,43913.88,Successful,2024-05-07
958,958,Credit Card,36649.6,Successful,2024-10-23
959,959,Net Banking,76968.41,Successful,2025-02-16
960,960,COD,30270.91,Successful,2025-09-07
961,961,COD,7351.41,Successful,2025-12-07
962,962,Debit Card,97869.97,Successful,2025-02-05
963,963,Net Banking,35880.09,Successful,2025-04-05
964,964,Debit Card,2136.39,Pending,2024-12-08
965,965,Credit Card,61765.74,Successful,2025-01-27
966,966,Net Banking,24586.37,Successful,2025-10-13
967,967,Wallet,11564.05,Successful,2024-03-25
968,968,Net Banking,20299.44,Successful,2025-09-16
969,969,UPI,90481.62,Successful,2025-01-14
970,970,COD,237868.06,Successful,2025-07-21
971,971,COD,128139.53,Refunded,2025-01-15
972,972,Credit Card,23200.36,Successful,2024-07-25
973,973,Debit Card,190617.94,Successful,2025-08-14
974,974,UPI,48619.35,Successful,2024-06-30
975,975,Credit Card,15517.75,Successful,2024-12-08
976,976,Wallet,278604.43,Successful,2024-03-13
977,977,UPI,275443.93,Successful,2025-06-17
978,978,UPI,1337.77,Successful,2024-09-23
979,979,Debit Card,15274.55,Successful,2025-10-24
980,980,COD,9375.72,Successful,2024-03-05
981,981,COD,18789.04,Successful,2024-02-10
982,982,Debit Card,113431.6,Successful,2025-03-29
983,983,COD,103591.71,Refunded,2025-08-16
984,984,UPI,51671.91,Successful,2025-11-06
985,985,Wallet,49565.27,Successful,2024-04-12
986,986,Debit Card,17353.78,Refunded,2025-05-19
987,987,Wallet,10562.86,Pending,2024-12-05
988,988,Net Banking,26367.6,Pending,2024-02-07
989,989,UPI,5087.45,Successful,2025-01-16
990,990,Credit Card,121632.33,Successful,2024-06-13
991,991,Credit Card,140293.87,Successful,2024-10-29
992,992,Wallet,47542.88,Successful,2025-01-29
993,993,Debit Card,45409.04,Successful,2024-11-08
994,994,Credit Card,49864.52,Successful,2025-06-15
995,995,UPI,34029.83,Successful,2025-10-23
996,996,Credit Card,80058.42,Successful,2025-05-13
997,997,UPI,195019.63,Successful,2025-01-23
998,998,Credit Card,4404.45,Successful,2024-08-19
999,999,UPI,78508.47,Successful,2025-10-30
1000,1000,Debit Card,102559.52,Successful,2024-01-14
1001,1001,Wallet,203608.18,Refunded,2024-08-24
1002,1002,UPI,172022.55,Successful,2024-04-14
1003,1003,Net Banking,4498.77,Successful,2025-07-03
1004,1004,Wallet,12790.3,Successful,2024-02-29
1005,1005,Wallet,82899.64,Refunded,2024-07-07
1006,1006,UPI,24678.06,Successful,2025-04-12
1007,1007,Credit Card,56451.03,Refunded,2024-07-13
1008,1008,COD,27205.28,Successful,2024-11-09
1009,1009,Credit Card,117650.95,Successful,2025-05-06
1010,1010,Net Banking,56929.66,Successful,2025-10-13
1011,1011,UPI,2850.45,Successful,2024-07-21
1012,1012,COD,107330.61,Successful,2025-08-07
1013,1013,Credit Card,25252.81,Pending,2025-03-30
1014,1014,COD,299.85,Successful,2025-04-14
1015,1015,Credit Card,46011.48,Successful,2025-05-20
1016,1016,UPI,17177.22,Successful,2025-10-24
1017,1017,Credit Card,46299.56,Successful,2025-07-29
1018,1018,Wallet,39597.24,Successful,2024-07-05
1019,1019,Wallet,122515.85,Successful,2025-05-22
1020,1020,Net Banking,20231.16,Successful,2024-04-07
1021,1021,Credit Card,26175.77,Successful,2024-07-06
1022,1022,Debit Card,24144.82,Successful,2025-05-28
1023,1023,Debit Card,22605.99,Successful,2025-09-19
1024,1024,COD,16766.41,Pending,2025-02-10
1025,1025,Net Banking,27304.8,Successful,2025-06-15
1026,1026,Credit Card,57104.38,Successful,2024-10-04
1027,1027,Wallet,208451.35,Successful,2024-11-08
1028,1028,Net Banking,16918.19,Successful,2024-11-19
1029,1029,Wallet,101017.65,Pending,2024-01-08
1030,1030,Net Banking,35018.55,Pending,2025-10-25
1031,1031,Credit Card,21082.72,Successful,2025-12-25
1032,1032,Net Banking,12696.59,Successful,2025-01-19
1033,1033,COD,42579.33,Refunded,2025-07-28
1034,1034,Debit Card,46480.67,Successful,2024-10-07
1035,1035,COD,40307.14,Successful,2025-08-30
1036,1036,Net Banking,148679.7,Successful,2025-12-08
1037,1037,Credit Card,50222.57,Successful,2025-08-26
1038,1038,Net Banking,39101.62,Successful,2025-07-07
1039,1039,UPI,12076.81,Successful,2024-03-19
1040,1040,Credit Card,38400.05,Successful,2024-06-05
1041,1041,COD,26845.18,Successful,2024-09-09
1042,1042,Net Banking,105225.6,Pending,2025-06-30
1043,1043,Credit Card,20247.54,Successful,2024-03-12
1044,1044,Debit Card,45561.97,Successful,2025-01-07
1045,1045,Debit Card,4213.52,Successful,2024-11-26
1046,1046,UPI,69347.02,Successful,2025-12-23
1047,1047,Credit Card,32897.23,Successful,2024-05-05
1048,1048,Net Banking,23904.32,Successful,2024-02-19
1049,1049,COD,27717.48,Successful,2024-01-20
1050,1050,UPI,4379.07,Successful,2025-07-07
1051,1051,COD,52616.1,Successful,2024-03-20
1052,1052,UPI,48270.9,Successful,2025-06-09
1053,1053,COD,6191.5,Successful,2025-10-29
1054,1054,UPI,45200.89,Successful,2024-10-12
1055,1055,COD,48197.9,Successful,2024-03-18
1056,1056,COD,3215.19,Refunded,2025-12-13
1057,1057,Credit Card,6877.95,Successful,2024-10-30
1058,1058,COD,9915.61,Successful,2025-03-15
1059,1059,Debit Card,1242.79,Successful,2025-07-02
1060,1060,UPI,42266.7,Successful,2024-12-29
1061,1061,Wallet,70126.5,Successful,2024-06-01
1062,1062,Debit Card,3261.44,Pending,2024-02-11
1063,1063,Wallet,20543.96,Successful,2024-11-18
1064,1064,Wallet,81847.33,Successful,2025-03-13
1065,1065,Net Banking,21732.75,Successful,2024-12-31
1066,1066,Debit Card,5168.18,Successful,2025-01-19
1067,1067,Wallet,48546.56,Successful,2024-02-21
1068,1068,Wallet,10766.12,Pending,2025-08-27
1069,1069,UPI,3144.0,Refunded,2025-08-16
1070,1070,COD,156532.92,Refunded,2025-05-16
1071,1071,COD,189623.98,Successful,2024-07-16
1072,1072,Net Banking,17697.57,Successful,2024-09-19
1073,1073,Net Banking,14599.42,Successful,2025-03-09
1074,1074,Credit Card,56419.21,Successful,2024-03-10
1075,1075,Net Banking,430331.41,Successful,2024-03-27
1076,1076,UPI,18266.68,Refunded,2024-10-11
1077,1077,Credit Card,11433.46,Successful,2024-07-01
1078,1078,Credit Card,43769.39,Pending,2025-04-26
1079,1079,Debit Card,30650.66,Successful,2025-11-08
1080,1080,UPI,9952.91,Successful,2024-06-25
1081,1081,Wallet,75450.25,Successful,2025-11-16
1082,1082,Debit Card,27689.64,Successful,2025-05-25
1083,1083,Debit Card,329952.32,Successful,2024-09-28
1084,1084,Debit Card,32412.96,Successful,2025-04-28
1085,1085,Debit Card,63430.72,Pending,2025-01-23
1086,1086,UPI,29767.77,Successful,2024-01-19
1087,1087,Credit Card,12916.8,Successful,2024-04-25
1088,1088,UPI,2147.17,Successful,2025-07-03
1089,1089,Credit Card,73332.09,Successful,2025-05-04
1090,1090,COD,9453.12,Successful,2025-01-12
1091,1091,Net Banking,63445.46,Successful,2025-08-10
1092,1092,COD,111184.91,Successful,2024-05-28
1093,1093,Net Banking,256174.68,Successful,2024-10-16
1094,1094,UPI,11675.88,Successful,2025-11-07
1095,1095,COD,106940.43,Successful,2025-06-17
1096,1096,Wallet,66674.9,Successful,2024-12-03
1097,1097,Credit Card,18955.93,Refunded,2024-02-05
1098,1098,UPI,56341.9,Successful,2024-07-06
1099,1099,Net Banking,85504.92,Successful,2024-06-15
1100,1100,Credit Card,63600.46,Successful,2024-12-20
1101,1101,COD,11405.98,Successful,2025-04-12
1102,1102,Debit Card,145428.12,Pending,2025-11-05
1103,1103,Net Banking,45956.06,Successful,2024-09-21
1104,1104,Wallet,59938.63,Successful,2024-04-11
1105,1105,Wallet,9642.53,Successful,2025-01-12
1106,1106,UPI,67427.06,Successful,2024-08-21
1107,1107,Net Banking,15936.13,Successful,2024-05-12
1108,1108,Debit Card,78444.96,Successful,2024-03-25
1109,1109,Debit Card,27156.16,Successful,2025-06-08
1110,1110,Debit Card,24717.32,Successful,2024-12-28
1111,1111,UPI,217694.99,Pending,2024-02-18
1112,1112,COD,9215.98,Successful,2025-06-30
1113,1113,COD,45248.67,Successful,2025-10-11
1114,1114,UPI,49990.18,Successful,2024-06-06
1115,1115,UPI,167120.1,Successful,2024-02-20
1116,1116,Wallet,49184.68,Successful,2025-03-08
1117,1117,Net Banking,223816.53,Successful,2024-11-06
1118,1118,Credit Card,11517.12,Successful,2024-08-01
1119,1119,Net Banking,23989.5,Successful,2025-02-27
1120,1120,Net Banking,29015.88,Successful,2024-09-05
1121,1121,UPI,18772.63,Successful,2024-07-18
1122,1122,UPI,6376.63,Successful,2024-10-09
1123,1123,UPI,42137.65,Successful,2025-11-22
1124,1124,Debit Card,3066.66,Successful,2024-12-03
1125,1125,UPI,109142.28,Successful,2025-10-06
1126,1126,Debit Card,127666.49,Successful,2024-05-10
1127,1127,Net Banking,31604.71,Successful,2024-12-16
1128,1128,UPI,33991.18,Successful,2024-09-18
1129,1129,UPI,140340.66,Refunded,2025-12-27
1130,1130,Wallet,16230.93,Successful,2024-04-15
1131,1131,Net Banking,238486.38,Successful,2025-01-06
1132,1132,UPI,16510.57,Successful,2025-03-19
1133,1133,UPI,17172.78,Successful,2024-10-11
1134,1134,COD,63975.82,Successful,2024-09-17
1135,1135,Credit Card,29557.98,Successful,2025-05-15
1136,1136,UPI,21548.97,Successful,2024-10-02
1137,1137,UPI,11502.81,Successful,2025-08-03
1138,1138,Debit Card,34866.19,Successful,2024-02-15
1139,1139,Debit Card,11484.91,Successful,2024-04-12
1140,1140,UPI,49744.56,Successful,2025-08-19
1141,1141,UPI,152996.94,Successful,2024-02-11
1142,1142,Wallet,35177.06,Successful,2025-06-20
1143,1143,Credit Card,199722.37,Successful,2025-03-19
1144,1144,Net Banking,94101.89,Successful,2025-10-10
1145,1145,Debit Card,6117.19,Refunded,2024-01-30
1146,1146,COD,85793.89,Successful,2024-12-18
1147,1147,UPI,10029.62,Successful,2024-12-01
1148,1148,Wallet,10341.2,Successful,2024-08-02
1149,1149,Wallet,38810.51,Pending,2024-12-24
1150,1150,Net Banking,69633.24,Successful,2024-12-09
1151,1151,COD,4009.69,Successful,2024-08-21
1152,1152,Debit Card,128270.47,Successful,2025-10-18
1153,1153,Net Banking,9639.45,Successful,2025-01-28
1154,1154,Net Banking,14990.91,Successful,2025-03-24
1155,1155,Debit Card,33469.83,Successful,2024-07-14
1156,1156,Debit Card,39663.68,Successful,2025-07-27
1157,1157,Credit Card,76193.0,Successful,2024-04-05
1158,1158,UPI,12253.88,Successful,2024-09-28
1159,1159,Wallet,27125.79,Successful,2025-01-31
1160,1160,Wallet,25354.57,Successful,2024-10-27
1161,1161,Debit Card,31441.03,Successful,2024-02-12
1162,1162,Wallet,10638.31,Successful,2025-05-23
1163,1163,Credit Card,18275.83,Successful,2024-08-22
1164,1164,Debit Card,65275.97,Successful,2024-01-25
1165,1165,COD,52392.6,Successful,2025-07-20
1166,1166,Wallet,249286.28,Successful,2025-08-20
1167,1167,COD,22301.61,Refunded,2024-09-27
1168,1168,Wallet,186106.43,Successful,2025-01-16
1169,1169,Debit Card,1115.75,Successful,2024-03-20
1170,1170,UPI,11711.03,Pending,2024-09-10
1171,1171,Net Banking,97805.32,Refunded,2025-06-03
1172,1172,UPI,18501.22,Successful,2025-09-13
1173,1173,Wallet,7694.24,Pending,2025-07-23
1174,1174,Debit Card,47312.38,Successful,2024-02-27
1175,1175,UPI,2323.74,Successful,2024-06-26
1176,1176,UPI,73425.78,Successful,2024-12-22
1177,1177,UPI,4586.8,Successful,2024-03-09
1178,1178,Debit Card,26128.32,Refunded,2024-01-29
1179,1179,Debit Card,20372.93,Successful,2024-05-17
1180,1180,Debit Card,4316.69,Successful,2025-12-16
1181,1181,Wallet,47462.7,Successful,2025-06-07
1182,1182,Net Banking,44538.49,Successful,2025-08-24
1183,1183,Debit Card,12056.03,Successful,2025-01-03
1184,1184,UPI,2260.75,Refunded,2025-02-28
1185,1185,Wallet,152084.28,Successful,2024-07-03
1186,1186,UPI,10129.37,Successful,2024-05-04
1187,1187,Wallet,19267.09,Successful,2025-12-05
1188,1188,UPI,3981.04,Successful,2024-12-20
1189,1189,Net Banking,26079.91,Successful,2024-09-15
1190,1190,COD,19530.57,Successful,2024-12-27
1191,1191,Credit Card,75842.7,Successful,2024-04-07
1192,1192,COD,17004.69,Refunded,2024-03-03
1193,1193,Wallet,3372.79,Successful,2024-01-16
1194,1194,Wallet,55358.5,Successful,2025-08-06
1195,1195,Net Banking,3941.22,Successful,2025-05-28
1196,1196,Debit Card,7819.36,Successful,2025-11-30
1197,1197,Debit Card,83133.06,Refunded,2025-03-29
1198,1198,Net Banking,31618.34,Successful,2025-04-03
1199,1199,Net Banking,12883.84,Pending,2024-05-05
1200,1200,Debit Card,42004.28,Successful,2025-12-02
1201,1201,Credit Card,202345.38,Successful,2024-07-16
1202,1202,Credit Card,79485.91,Successful,2025-11-08
1203,1203,Net Banking,14445.0,Successful,2025-11-16
1204,1204,Credit Card,77332.05,Successful,2025-05-20
1205,1205,Credit Card,58302.54,Pending,2025-05-09
1206,1206,Wallet,74706.57,Successful,2024-04-13
1207,1207,Wallet,9007.56,Successful,2025-06-24
1208,1208,Wallet,12021.54,Successful,2025-07-14
1209,1209,Net Banking,63913.44,Successful,2024-07-23
1210,1210,UPI,2653.22,Successful,2024-03-27
1211,1211,Wallet,33756.29,Successful,2025-09-16
1212,1212,Net Banking,42018.36,Refunded,2025-12-01
1213,1213,Net Banking,62514.99,Successful,2024-04-03
1214,1214,Net Banking,3168.78,Successful,2024-06-27
1215,1215,Credit Card,7693.26,Successful,2024-11-07
1216,1216,COD,15600.19,Successful,2025-12-02
1217,1217,Net Banking,29830.97,Successful,2025-06-04
1218,1218,Credit Card,7134.18,Successful,2025-04-13
1219,1219,Debit Card,103708.81,Successful,2024-07-28
1220,1220,UPI,329615.06,Successful,2025-01-25
1221,1221,Credit Card,17496.3,Successful,2024-09-06
1222,1222,Wallet,9099.28,Successful,2024-08-22
1223,1223,Wallet,27391.96,Successful,2024-09-11
1224,1224,Wallet,7181.78,Refunded,2025-08-07
1225,1225,Credit Card,75536.13,Refunded,2025-11-03
1226,1226,Credit Card,50750.82,Successful,2025-03-02
1227,1227,Wallet,79854.99,Successful,2024-09-18
1228,1228,Net Banking,93413.22,Successful,2025-04-05
1229,1229,COD,58919.94,Successful,2024-04-30
1230,1230,Credit Card,1579.34,Successful,2024-06-21
1231,1231,Wallet,149128.54,Successful,2025-12-14
1232,1232,Credit Card,98155.04,Successful,2024-09-25
1233,1233,Credit Card,191828.75,Successful,2024-07-28
1234,1234,Net Banking,22107.48,Successful,2025-06-16
1235,1235,Wallet,18491.53,Successful,2024-02-10
1236,1236,Credit Card,8297.67,Successful,2024-03-10
1237,1237,COD,21557.39,Successful,2025-03-29
1238,1238,Net Banking,5047.06,Pending,2024-07-12
1239,1239,Net Banking,66180.37,Successful,2024-06-07
1240,1240,COD,171402.73,Successful,2024-07-24
1241,1241,Net Banking,17487.44,Successful,2024-10-26
1242,1242,UPI,20563.41,Refunded,2025-11-04
1243,1243,Net Banking,16760.86,Successful,2024-09-08
1244,1244,UPI,33335.26,Successful,2024-11-22
1245,1245,Debit Card,31607.83,Successful,2024-01-18
1246,1246,Credit Card,1596.68,Successful,2024-02-12
1247,1247,UPI,7114.8,Successful,2024-01-05
1248,1248,Net Banking,6420.55,Pending,2024-08-17
1249,1249,COD,41168.36,Pending,2025-10-27
1250,1250,Net Banking,205873.36,Refunded,2024-10-16
1251,1251,Debit Card,181457.23,Successful,2025-12-03
1252,1252,Wallet,6726.2,Successful,2025-04-12
1253,1253,Wallet,99003.86,Successful,2024-08-19
1254,1254,COD,53697.13,Successful,2025-02-04
1255,1255,Debit Card,3024.56,Successful,2024-11-05
1256,1256,Wallet,3879.62,Successful,2024-08-21
1257,1257,COD,6955.43,Successful,2025-02-19
1258,1258,UPI,107099.3,Successful,2025-02-02
1259,1259,UPI,194784.45,Successful,2025-06-27
1260,1260,COD,74254.23,Pending,2025-11-09
1261,1261,Credit Card,98616.46,Successful,2025-02-24
1262,1262,Debit Card,118357.12,Successful,2024-04-22
1263,1263,Credit Card,9029.27,Successful,2025-09-30
1264,1264,Credit Card,17924.72,Successful,2024-06-10
1265,1265,Debit Card,18069.14,Refunded,2024-01-28
1266,1266,Credit Card,14463.78,Successful,2025-11-30
1267,1267,COD,1636.28,Successful,2024-07-23
1268,1268,UPI,28724.67,Pending,2024-05-14
1269,1269,COD,53877.24,Successful,2025-09-21
1270,1270,Wallet,29861.98,Successful,2024-03-07
1271,1271,Debit Card,11426.44,Successful,2024-12-07
1272,1272,COD,3816.06,Successful,2024-06-06
1273,1273,Wallet,53418.59,Successful,2024-11-19
1274,1274,UPI,8788.13,Successful,2024-10-23
1275,1275,UPI,9101.95,Successful,2024-06-19
1276,1276,Wallet,34537.68,Successful,2025-07-30
1277,1277,Credit Card,31038.43,Successful,2024-09-12
1278,1278,UPI,69071.95,Refunded,2024-04-09
1279,1279,Debit Card,93421.44,Successful,2025-05-04
1280,1280,UPI,8292.08,Successful,2025-01-07
1281,1281,COD,24678.96,Successful,2024-01-24
1282,1282,Wallet,68787.28,Successful,2024-03-28
1283,1283,Net Banking,9562.0,Successful,2025-11-25
1284,1284,Credit Card,67815.27,Successful,2025-11-15
1285,1285,Credit Card,23488.1,Successful,2024-03-28
1286,1286,Net Banking,55111.84,Successful,2025-08-30
1287,1287,UPI,9891.09,Successful,2025-06-11
1288,1288,Credit Card,45907.72,Successful,2024-11-22
1289,1289,Net Banking,47351.84,Successful,2024-09-27
1290,1290,UPI,57355.27,Successful,2025-11-05
1291,1291,UPI,6407.01,Successful,2025-10-02
1292,1292,Debit Card,347917.27,Successful,2025-04-27
1293,1293,Wallet,20821.29,Successful,2025-01-21
1294,1294,Wallet,154271.65,Refunded,2025-02-21
1295,1295,UPI,2504.3,Successful,2025-07-22
1296,1296,UPI,53807.95,Successful,2025-11-18
1297,1297,Debit Card,26039.12,Successful,2024-04-27
1298,1298,Credit Card,32830.36,Successful,2024-03-18
1299,1299,UPI,28792.33,Successful,2024-03-31
1300,1300,COD,110908.08,Successful,2024-12-17
1301,1301,UPI,52945.28,Successful,2025-04-18
1302,1302,Wallet,14001.13,Successful,2024-05-05
1303,1303,Net Banking,26950.96,Successful,2024-03-27
1304,1304,Net Banking,10783.22,Successful,2025-12-05
1305,1305,Wallet,29672.93,Successful,2025-10-04
1306,1306,COD,110144.96,Refunded,2025-09-12
1307,1307,Debit Card,179689.01,Successful,2024-03-04
1308,1308,Credit Card,2705.57,Successful,2024-07-23
1309,1309,Credit Card,147867.93,Refunded,2024-05-08
1310,1310,Debit Card,12747.32,Successful,2024-08-24
1311,1311,Debit Card,4389.34,Successful,2025-02-28
1312,1312,Net Banking,32309.03,Refunded,2024-12-22
1313,1313,Credit Card,13594.94,Successful,2025-12-02
1314,1314,COD,89441.58,Successful,2024-12-19
1315,1315,COD,35467.16,Successful,2024-03-25
1316,1316,Wallet,8948.83,Successful,2025-11-21
1317,1317,COD,6409.15,Refunded,2025-12-18
1318,1318,Debit Card,49725.31,Successful,2024-11-23
1319,1319,COD,2091.38,Pending,2024-11-04
1320,1320,COD,106667.98,Successful,2024-08-21
1321,1321,Net Banking,20913.27,Successful,2025-04-17
1322,1322,Credit Card,46558.44,Successful,2025-04-23
1323,1323,Credit Card,2795.62,Successful,2024-01-28
1324,1324,Debit Card,15730.42,Successful,2024-06-03
1325,1325,Credit Card,41380.92,Successful,2024-06-26
1326,1326,Debit Card,54044.33,Successful,2025-04-29
1327,1327,UPI,114688.02,Successful,2024-06-14
1328,1328,Net Banking,3809.18,Successful,2025-05-14
1329,1329,UPI,16082.61,Successful,2024-06-13
1330,1330,Wallet,2235.3,Successful,2024-03-11
1331,1331,Wallet,61875.55,Successful,2024-08-31
1332,1332,UPI,69657.08,Successful,2024-01-14
1333,1333,COD,22791.2,Successful,2025-12-04
1334,1334,Credit Card,5428.83,Successful,2024-10-16
1335,1335,Net Banking,15035.76,Successful,2025-01-15
1336,1336,COD,25032.44,Successful,2025-03-03
1337,1337,COD,93306.43,Successful,2024-11-18
1338,1338,UPI,1208.29,Successful,2024-12-17
1339,1339,Net Banking,52271.45,Pending,2024-11-27
1340,1340,Credit Card,10185.69,Successful,2025-09-01
1341,1341,UPI,743.67,Successful,2024-01-22
1342,1342,Debit Card,145277.05,Successful,2024-11-28
1343,1343,Wallet,116501.82,Successful,2024-09-30
1344,1344,COD,51525.82,Refunded,2024-10-12
1345,1345,Debit Card,17285.47,Successful,2024-09-11
1346,1346,COD,9136.77,Successful,2025-05-10
1347,1347,Credit Card,29990.9,Successful,2025-09-13
1348,1348,UPI,5906.89,Successful,2025-09-06
1349,1349,Credit Card,80655.81,Successful,2024-07-18
1350,1350,COD,151493.93,Refunded,2025-03-11
1351,1351,Wallet,43192.84,Successful,2024-10-30
1352,1352,Debit Card,11722.7,Successful,2025-01-14
1353,1353,Wallet,48804.24,Successful,2025-07-23
1354,1354,COD,47609.96,Successful,2024-10-09
1355,1355,Net Banking,83984.76,Successful,2024-06-18
1356,1356,Debit Card,137964.45,Successful,2024-12-01
1357,1357,COD,18720.58,Successful,2025-01-21
1358,1358,Net Banking,19897.76,Successful,2024-07-02
1359,1359,Net Banking,3877.9,Refunded,2025-08-04
1360,1360,COD,38089.64,Successful,2026-01-01
1361,1361,Net Banking,36094.84,Successful,2024-04-17
1362,1362,Net Banking,63357.64,Successful,2024-12-31
1363,1363,UPI,49398.63,Successful,2025-02-15
1364,1364,UPI,52012.45,Successful,2025-12-15
1365,1365,Net Banking,321573.52,Pending,2024-04-28
1366,1366,Debit Card,32919.46,Successful,2025-12-03
1367,1367,Debit Card,43975.22,Successful,2025-05-05
1368,1368,Debit Card,1990.88,Successful,2024-05-23
1369,1369,UPI,41209.91,Successful,2025-02-12
1370,1370,Credit Card,171333.61,Successful,2025-12-16
1371,1371,UPI,103194.25,Successful,2024-08-01
1372,1372,UPI,216506.28,Successful,2025-08-21
1373,1373,Net Banking,1134.68,Successful,2024-08-08
1374,1374,Debit Card,42252.25,Successful,2024-10-17
1375,1375,Wallet,93539.75,Refunded,2024-07-27
1376,1376,UPI,1211.77,Successful,2024-09-25
1377,1377,Net Banking,3787.61,Successful,2025-09-09
1378,1378,Credit Card,10176.43,Successful,2024-07-08
1379,1379,Wallet,14352.95,Successful,2024-07-29
1380,1380,COD,3405.14,Successful,2025-12-10
1381,1381,Credit Card,353240.6,Successful,2024-02-26
1382,1382,COD,104907.86,Successful,2024-09-17
1383,1383,Wallet,42004.74,Successful,2024-07-07
1384,1384,Debit Card,12961.78,Successful,2024-12-01
1385,1385,Wallet,218841.12,Successful,2025-05-18
1386,1386,Debit Card,27230.14,Successful,2024-09-12
1387,1387,COD,51118.38,Successful,2025-09-26
1388,1388,Debit Card,216530.85,Successful,2024-11-07
1389,1389,Debit Card,8238.31,Successful,2024-02-27
1390,1390,Debit Card,33843.63,Successful,2025-01-16
1391,1391,Credit Card,3017.8,Successful,2024-02-06
1392,1392,Debit Card,71957.7,Successful,2024-07-28
1393,1393,Credit Card,61832.61,Successful,2024-02-01
1394,1394,Net Banking,120698.96,Successful,2024-08-28
1395,1395,Wallet,106578.22,Refunded,2024-01-25
1396,1396,UPI,8168.52,Successful,2024-08-10
1397,1397,Wallet,58016.38,Successful,2025-03-20
1398,1398,Wallet,3736.73,Successful,2024-02-16
1399,1399,Credit Card,23510.64,Successful,2025-05-07
1400,1400,COD,11079.7,Successful,2024-07-12
1401,1401,Net Banking,25107.99,Successful,2024-02-18
1402,1402,Credit Card,40120.97,Pending,2025-05-17
1403,1403,Wallet,94949.79,Successful,2025-01-10
1404,1404,UPI,19076.79,Successful,2024-06-19
1405,1405,Wallet,27768.23,Refunded,2024-11-25
1406,1406,Wallet,17392.54,Successful,2025-01-19
1407,1407,Debit Card,43304.74,Refunded,2025-11-21
1408,1408,Net Banking,5867.98,Successful,2025-03-21
1409,1409,Debit Card,1736.4,Successful,2025-01-05
1410,1410,Wallet,69356.84,Successful,2024-06-17
1411,1411,UPI,113487.44,Successful,2024-05-28
1412,1412,Wallet,71484.01,Successful,2025-08-10
1413,1413,COD,26884.82,Pending,2024-03-26
1414,1414,Credit Card,40130.76,Successful,2024-04-16
1415,1415,UPI,178017.87,Refunded,2024-06-20
1416,1416,Wallet,34240.97,Successful,2024-04-30
1417,1417,Debit Card,25720.67,Successful,2025-06-22
1418,1418,Debit Card,135746.34,Refunded,2025-02-21
1419,1419,Debit Card,49932.3,Successful,2024-06-11
1420,1420,UPI,126294.87,Pending,2025-05-31
1421,1421,Credit Card,95883.09,Successful,2024-11-11
1422,1422,Credit Card,8196.66,Successful,2025-10-15
1423,1423,UPI,81535.68,Successful,2024-05-05
1424,1424,Wallet,16246.04,Successful,2025-04-10
1425,1425,UPI,228392.86,Refunded,2024-01-12
1426,1426,Wallet,65874.37,Successful,2024-11-09
1427,1427,Debit Card,19896.4,Successful,2025-08-30
1428,1428,Wallet,144664.08,Successful,2024-12-27
1429,1429,Wallet,18214.18,Pending,2025-07-07
1430,1430,UPI,55207.62,Successful,2024-12-25
1431,1431,Net Banking,18181.58,Successful,2024-02-12
1432,1432,Debit Card,123707.69,Successful,2024-04-06
1433,1433,UPI,252444.05,Successful,2024-04-07
1434,1434,Debit Card,82578.66,Successful,2024-02-07
1435,1435,Debit Card,13540.69,Successful,2024-08-10
1436,1436,Debit Card,11326.85,Pending,2025-11-23
1437,1437,Wallet,28059.77,Successful,2025-04-19
1438,1438,Debit Card,3318.01,Refunded,2025-10-31
1439,1439,Credit Card,8125.92,Successful,2025-05-19
1440,1440,Debit Card,70444.0,Successful,2024-10-24
1441,1441,Credit Card,24647.83,Successful,2024-03-22
1442,1442,Wallet,5139.41,Successful,2025-11-02
1443,1443,UPI,33094.78,Successful,2024-12-14
1444,1444,COD,38531.37,Pending,2025-04-01
1445,1445,COD,3556.3,Refunded,2024-05-18
1446,1446,Debit Card,140148.32,Pending,2025-01-12
1447,1447,COD,13625.05,Successful,2025-12-14
1448,1448,COD,16299.96,Successful,2024-10-12
1449,1449,Net Banking,172441.29,Successful,2024-09-29
1450,1450,Net Banking,1172.61,Successful,2024-09-08
1451,1451,Credit Card,148532.73,Successful,2025-08-07
1452,1452,Net Banking,7798.75,Successful,2025-01-20
1453,1453,Credit Card,113246.69,Successful,2024-07-11
1454,1454,Debit Card,47401.23,Successful,2024-05-30
1455,1455,Credit Card,46591.65,Successful,2024-03-05
1456,1456,COD,38084.54,Successful,2025-08-25
1457,1457,Wallet,169857.48,Successful,2024-09-07
1458,1458,Net Banking,71212.99,Successful,2025-05-06
1459,1459,UPI,43385.83,Successful,2025-07-10
1460,1460,COD,77059.46,Successful,2025-06-06
1461,1461,Net Banking,56361.35,Successful,2025-08-05
1462,1462,Debit Card,215234.83,Successful,2025-01-07
1463,1463,Debit Card,55176.18,Successful,2024-02-15
1464,1464,COD,48126.49,Successful,2025-01-17
1465,1465,UPI,44814.12,Successful,2024-05-13
1466,1466,Net Banking,102158.98,Successful,2025-10-12
1467,1467,Net Banking,20405.01,Successful,2024-03-18
1468,1468,Wallet,51986.51,Successful,2025-12-24
1469,1469,Wallet,16403.99,Successful,2024-10-14
1470,1470,Debit Card,26306.58,Successful,2024-12-16
1471,1471,Credit Card,57641.23,Successful,2025-04-26
1472,1472,COD,26855.0,Refunded,2025-08-26
1473,1473,Debit Card,5795.12,Successful,2025-08-11
1474,1474,UPI,91531.18,Successful,2024-12-18
1475,1475,UPI,694.75,Successful,2024-10-04
1476,1476,UPI,63788.0,Successful,2024-11-30
1477,1477,UPI,18349.71,Pending,2024-07-15
1478,1478,Credit Card,109787.56,Successful,2025-09-04
1479,1479,Credit Card,42746.59,Pending,2024-05-23
1480,1480,Debit Card,12669.73,Refunded,2025-01-06
1481,1481,Debit Card,4618.55,Successful,2025-08-18
1482,1482,COD,28284.44,Successful,2025-10-18
1483,1483,UPI,22509.79,Successful,2024-07-07
1484,1484,UPI,12102.88,Successful,2024-10-05
1485,1485,COD,120412.94,Successful,2025-09-15
1486,1486,Credit Card,87302.47,Successful,2025-02-06
1487,1487,COD,98628.23,Successful,2025-05-22
1488,1488,Credit Card,23380.36,Successful,2025-08-06
1489,1489,UPI,69126.13,Successful,2025-05-16
1490,1490,Net Banking,31888.06,Successful,2024-05-24
1491,1491,Net Banking,50278.14,Successful,2024-02-13
1492,1492,UPI,114916.34,Pending,2024-05-11
1493,1493,Credit Card,5361.89,Successful,2025-11-09
1494,1494,UPI,14978.58,Successful,2024-10-10
1495,1495,UPI,2554.88,Refunded,2025-08-07
1496,1496,Wallet,5733.86,Successful,2024-01-25
1497,1497,Credit Card,25697.02,Successful,2025-01-29
1498,1498,COD,14260.55,Refunded,2025-08-07
1499,1499,Net Banking,57225.72,Successful,2024-04-08
1500,1500,Credit Card,29992.15,Successful,2024-06-20
1501,1501,Debit Card,11837.93,Successful,2025-11-19
1502,1502,Wallet,46141.13,Successful,2025-04-03
1503,1503,Credit Card,10849.7,Successful,2025-03-30
1504,1504,UPI,5138.16,Successful,2025-01-26
1505,1505,Debit Card,87764.85,Pending,2025-03-23
1506,1506,UPI,40738.69,Successful,2025-06-04
1507,1507,UPI,48922.44,Successful,2025-12-21
1508,1508,Credit Card,43102.58,Successful,2025-02-17
1509,1509,Wallet,14855.6,Successful,2024-10-26
1510,1510,Credit Card,38973.12,Refunded,2024-01-28
1511,1511,UPI,13685.3,Refunded,2025-04-09
1512,1512,Debit Card,3196.76,Successful,2025-01-27
1513,1513,Wallet,15644.91,Successful,2024-04-01
1514,1514,COD,3356.22,Successful,2024-09-25
1515,1515,Debit Card,34530.29,Successful,2025-06-13
1516,1516,Wallet,4414.99,Successful,2025-01-10
1517,1517,Credit Card,93964.87,Successful,2024-04-04
1518,1518,Net Banking,82727.83,Successful,2024-09-20
1519,1519,Debit Card,24769.9,Successful,2024-07-11
1520,1520,Wallet,23663.74,Successful,2024-04-04
1521,1521,Debit Card,1444.26,Successful,2024-07-01
1522,1522,Wallet,14218.4,Successful,2024-08-31
1523,1523,COD,47264.66,Successful,2024-04-16
1524,1524,Debit Card,1696.86,Pending,2025-07-22
1525,1525,Debit Card,31263.02,Successful,2024-07-11
1526,1526,Net Banking,150087.67,Successful,2024-10-07
1527,1527,Net Banking,36009.12,Successful,2025-02-09
1528,1528,UPI,5100.35,Successful,2024-09-07
1529,1529,Credit Card,3160.39,Successful,2024-09-09
1530,1530,UPI,101487.0,Successful,2025-10-18
1531,1531,Debit Card,3634.82,Successful,2024-01-01
1532,1532,COD,83627.77,Successful,2025-02-08
1533,1533,Wallet,26964.41,Successful,2025-10-27
1534,1534,Credit Card,104343.6,Refunded,2025-02-20
1535,1535,Debit Card,147276.31,Successful,2025-05-27
1536,1536,Debit Card,34389.65,Successful,2024-11-04
1537,1537,Debit Card,19979.72,Successful,2024-01-26
1538,1538,Wallet,8453.04,Refunded,2025-10-15
1539,1539,Debit Card,24656.9,Successful,2024-05-23
1540,1540,COD,21449.83,Successful,2024-08-20
1541,1541,UPI,85916.02,Successful,2025-04-22
1542,1542,Net Banking,9046.42,Successful,2024-02-23
1543,1543,Credit Card,204530.62,Successful,2024-10-30
1544,1544,Credit Card,76794.4,Successful,2025-11-01
1545,1545,COD,51419.15,Successful,2025-06-11
1546,1546,UPI,46985.98,Successful,2025-05-06
1547,1547,UPI,36925.86,Successful,2024-06-18
1548,1548,Credit Card,24371.44,Successful,2024-10-03
1549,1549,Net Banking,55423.8,Successful,2024-01-25
1550,1550,Net Banking,17062.62,Successful,2025-09-30
1551,1551,Net Banking,62143.54,Successful,2024-05-07
1552,1552,COD,24448.86,Pending,2025-11-15
1553,1553,Wallet,184289.18,Successful,2024-06-06
1554,1554,UPI,99355.5,Successful,2025-10-12
1555,1555,Wallet,42702.96,Successful,2025-09-26
1556,1556,Debit Card,3614.37,Successful,2024-01-15
1557,1557,UPI,19773.95,Successful,2024-06-04
1558,1558,Net Banking,27773.56,Successful,2024-01-01
1559,1559,Net Banking,34056.09,Pending,2025-05-10
1560,1560,Wallet,176514.34,Successful,2025-11-20
1561,1561,UPI,24257.86,Successful,2024-12-18
1562,1562,Net Banking,24127.1,Successful,2024-09-24
1563,1563,Net Banking,181877.97,Successful,2024-12-05
1564,1564,COD,61871.97,Successful,2025-08-26
1565,1565,COD,125327.48,Successful,2024-09-11
1566,1566,COD,52205.39,Successful,2025-06-06
1567,1567,Debit Card,133994.13,Pending,2024-11-05
1568,1568,Credit Card,5256.16,Successful,2024-08-18
1569,1569,Wallet,17887.82,Successful,2024-06-05
1570,1570,Net Banking,46754.45,Successful,2025-02-16
1571,1571,Debit Card,44303.41,Successful,2025-09-30
1572,1572,Credit Card,70311.98,Successful,2024-03-02
1573,1573,UPI,19407.28,Successful,2024-12-08
1574,1574,COD,12115.75,Successful,2025-05-18
1575,1575,COD,18301.74,Successful,2024-08-29
1576,1576,UPI,15843.64,Successful,2025-09-06
1577,1577,Wallet,77004.07,Pending,2024-03-25
1578,1578,Credit Card,16311.28,Successful,2024-04-07
1579,1579,UPI,52036.59,Successful,2024-01-03
1580,1580,UPI,15245.24,Successful,2025-01-12
1581,1581,Debit Card,56893.9,Successful,2024-04-02
1582,1582,Debit Card,6446.91,Successful,2024-03-26
1583,1583,Debit Card,53532.76,Successful,2024-06-24
1584,1584,Net Banking,298.69,Successful,2024-10-27
1585,1585,Credit Card,23114.52,Successful,2024-05-22
1586,1586,Debit Card,26279.34,Successful,2025-12-18
1587,1587,UPI,89299.34,Successful,2024-02-04
1588,1588,UPI,63626.64,Successful,2025-04-11
1589,1589,Credit Card,11358.54,Successful,2025-02-15
1590,1590,Debit Card,21834.96,Successful,2025-11-14
1591,1591,COD,56375.81,Successful,2024-02-09
1592,1592,Net Banking,45481.08,Successful,2025-04-04
1593,1593,UPI,90003.08,Successful,2025-12-06
1594,1594,Debit Card,3873.31,Successful,2024-05-06
1595,1595,Debit Card,175396.65,Successful,2025-08-24
1596,1596,Debit Card,5819.81,Successful,2024-02-06
1597,1597,Debit Card,14062.95,Successful,2024-02-05
1598,1598,COD,20513.64,Successful,2025-04-21
1599,1599,COD,145106.61,Successful,2025-04-05
1600,1600,Wallet,655.6,Successful,2025-11-07
1601,1601,Wallet,55349.4,Successful,2024-01-08
1602,1602,UPI,15996.87,Successful,2025-05-14
1603,1603,UPI,60552.13,Successful,2024-09-03
1604,1604,COD,76220.99,Successful,2024-07-04
1605,1605,UPI,5165.2,Successful,2025-09-21
1606,1606,Net Banking,93052.95,Successful,2025-05-29
1607,1607,Debit Card,1486.53,Successful,2025-06-04
1608,1608,UPI,30313.22,Successful,2025-09-19
1609,1609,Net Banking,48889.29,Successful,2024-02-12
1610,1610,Debit Card,39770.56,Successful,2025-04-12
1611,1611,COD,13007.4,Successful,2024-03-06
1612,1612,Wallet,25976.26,Successful,2025-09-17
1613,1613,Credit Card,267335.58,Successful,2024-09-29
1614,1614,Wallet,30121.61,Successful,2025-11-18
1615,1615,Credit Card,9715.88,Successful,2024-08-22
1616,1616,Net Banking,13602.24,Successful,2025-03-19
1617,1617,Wallet,199746.28,Successful,2025-07-13
1618,1618,COD,70499.74,Pending,2025-10-20
1619,1619,Credit Card,84521.63,Successful,2024-08-06
1620,1620,UPI,6646.91,Successful,2024-08-30
1621,1621,Wallet,183776.19,Successful,2025-07-12
1622,1622,UPI,46050.61,Successful,2025-10-24
1623,1623,UPI,11569.14,Successful,2024-09-23
1624,1624,Wallet,42067.49,Successful,2025-03-12
1625,1625,Wallet,65414.0,Successful,2024-10-24
1626,1626,Net Banking,48487.04,Successful,2024-03-22
1627,1627,COD,20381.5,Successful,2024-09-04
1628,1628,COD,51474.57,Successful,2024-07-05
1629,1629,Debit Card,60194.41,Successful,2025-07-01
1630,1630,Net Banking,60751.57,Successful,2024-03-29
1631,1631,UPI,89231.97,Successful,2024-07-14
1632,1632,Wallet,101572.39,Pending,2025-09-27
1633,1633,Debit Card,53412.85,Successful,2024-05-30
1634,1634,Wallet,42114.01,Successful,2025-05-05
1635,1635,UPI,30720.32,Pending,2025-02-05
1636,1636,Wallet,5749.31,Successful,2025-02-17
1637,1637,Credit Card,71829.68,Refunded,2025-08-25
1638,1638,Wallet,10072.61,Successful,2025-11-03
1639,1639,UPI,83076.63,Successful,2024-11-28
1640,1640,Net Banking,43164.81,Successful,2024-07-12
1641,1641,Credit Card,206827.07,Successful,2025-01-16
1642,1642,Credit Card,92011.42,Successful,2024-11-19
1643,1643,Credit Card,6285.44,Successful,2025-06-20
1644,1644,Credit Card,42920.5,Successful,2025-07-23
1645,1645,UPI,39565.66,Pending,2024-02-06
1646,1646,COD,158864.77,Successful,2025-03-13
1647,1647,Debit Card,101733.02,Refunded,2024-05-21
1648,1648,Debit Card,85235.45,Successful,2025-02-28
1649,1649,Debit Card,45391.67,Successful,2024-11-05
1650,1650,COD,15793.5,Successful,2025-12-31
1651,1651,Credit Card,43239.96,Successful,2024-04-12
1652,1652,Credit Card,37669.75,Successful,2024-11-23
1653,1653,UPI,36099.48,Successful,2024-03-24
1654,1654,Wallet,45426.95,Successful,2025-07-10
1655,1655,COD,14507.4,Successful,2025-08-14
1656,1656,Wallet,33263.3,Successful,2024-11-03
1657,1657,Debit Card,122536.48,Successful,2025-03-09
1658,1658,Wallet,26410.31,Successful,2024-03-11
1659,1659,Debit Card,5297.62,Successful,2024-02-16
1660,1660,Wallet,70028.05,Successful,2024-06-13
1661,1661,Wallet,8795.13,Successful,2024-12-08
1662,1662,UPI,42716.77,Successful,2024-04-16
1663,1663,Wallet,205362.86,Successful,2024-05-11
1664,1664,COD,5675.92,Successful,2025-02-21
1665,1665,Credit Card,4818.6,Successful,2024-07-12
1666,1666,Net Banking,642.98,Successful,2025-11-13
1667,1667,COD,28349.29,Successful,2025-08-29
1668,1668,Net Banking,92644.09,Refunded,2024-05-08
1669,1669,Net Banking,23700.91,Successful,2024-04-28
1670,1670,UPI,30753.09,Successful,2025-08-16
1671,1671,Credit Card,4076.4,Successful,2024-09-11
1672,1672,Debit Card,87390.78,Refunded,2024-02-20
1673,1673,Net Banking,2814.86,Successful,2024-10-13
1674,1674,UPI,370.64,Pending,2024-04-25
1675,1675,Net Banking,24985.31,Successful,2025-04-04
1676,1676,Credit Card,44263.81,Successful,2025-01-14
1677,1677,Debit Card,49294.04,Successful,2024-10-08
1678,1678,Credit Card,30447.36,Successful,2025-02-05
1679,1679,Debit Card,2758.34,Successful,2025-05-17
1680,1680,Wallet,36570.16,Successful,2025-03-19
1681,1681,UPI,14147.19,Successful,2025-04-17
1682,1682,COD,137300.38,Successful,2024-05-26
1683,1683,Wallet,16175.19,Successful,2025-06-28
1684,1684,Credit Card,41751.74,Successful,2025-04-08
1685,1685,Net Banking,9833.98,Successful,2024-10-04
1686,1686,Debit Card,7879.31,Successful,2024-08-29
1687,1687,Debit Card,78630.01,Successful,2025-06-08
1688,1688,UPI,5581.76,Successful,2025-06-18
1689,1689,Debit Card,59980.95,Refunded,2024-11-14
1690,1690,Net Banking,3393.87,Successful,2024-04-19
1691,1691,UPI,14981.86,Successful,2025-11-16
1692,1692,Wallet,55055.36,Successful,2024-07-09
1693,1693,COD,1551.9,Pending,2024-12-04
1694,1694,Debit Card,14079.6,Successful,2025-05-08
1695,1695,COD,12443.07,Successful,2025-03-11
1696,1696,Net Banking,68127.08,Successful,2025-11-19
1697,1697,COD,40790.88,Successful,2025-01-24
1698,1698,Debit Card,137538.84,Successful,2024-12-13
1699,1699,Credit Card,59993.77,Successful,2025-03-20
1700,1700,Debit Card,55290.6,Successful,2024-05-21
1701,1701,UPI,53320.79,Successful,2024-03-17
1702,1702,Debit Card,47667.29,Refunded,2024-08-17
1703,1703,COD,28483.88,Successful,2024-01-15
1704,1704,Wallet,5709.58,Successful,2025-08-28
1705,1705,Net Banking,73132.42,Successful,2025-09-18
1706,1706,Debit Card,54957.03,Successful,2025-10-09
1707,1707,Net Banking,19991.52,Successful,2025-07-08
1708,1708,Net Banking,41636.83,Pending,2025-05-19
1709,1709,Wallet,24619.71,Successful,2024-04-12
1710,1710,UPI,6010.29,Successful,2024-01-01
1711,1711,Credit Card,22970.63,Refunded,2025-07-23
1712,1712,UPI,61303.01,Successful,2025-08-09
1713,1713,Debit Card,35378.39,Refunded,2024-08-28
1714,1714,UPI,32302.17,Successful,2024-07-21
1715,1715,UPI,114195.32,Successful,2025-09-25
1716,1716,COD,22997.54,Successful,2025-01-11
1717,1717,Wallet,47453.09,Refunded,2024-06-08
1718,1718,Wallet,146543.22,Successful,2024-06-25
1719,1719,Credit Card,37598.02,Successful,2025-03-08
1720,1720,Credit Card,200556.4,Successful,2024-04-24
1721,1721,Debit Card,139940.02,Refunded,2025-06-18
1722,1722,Net Banking,25243.2,Successful,2025-08-28
1723,1723,Credit Card,131181.91,Successful,2025-08-31
1724,1724,Wallet,37609.85,Successful,2024-06-28
1725,1725,Credit Card,215100.64,Successful,2024-08-08
1726,1726,Net Banking,43089.9,Successful,2024-10-31
1727,1727,COD,10402.23,Successful,2025-08-20
1728,1728,Net Banking,65641.6,Successful,2025-12-21
1729,1729,Wallet,41578.27,Successful,2025-10-30
1730,1730,UPI,20024.26,Successful,2024-07-05
1731,1731,Wallet,323313.82,Successful,2024-02-24
1732,1732,COD,19863.15,Successful,2025-07-07
1733,1733,Net Banking,3936.19,Successful,2024-09-26
1734,1734,COD,4015.19,Successful,2025-05-19
1735,1735,Debit Card,8093.05,Successful,2025-12-17
1736,1736,COD,8223.62,Refunded,2025-03-09
1737,1737,Debit Card,56786.31,Successful,2025-04-16
1738,1738,COD,12193.44,Pending,2024-02-04
1739,1739,Credit Card,1403.74,Successful,2024-02-04
1740,1740,Net Banking,41764.31,Successful,2025-08-22
1741,1741,Wallet,98759.09,Successful,2024-04-11
1742,1742,Credit Card,46732.0,Refunded,2025-10-10
1743,1743,Credit Card,9446.17,Successful,2024-11-18
1744,1744,Debit Card,59218.34,Refunded,2024-10-26
1745,1745,COD,1109.66,Successful,2024-06-03
1746,1746,Net Banking,31223.83,Successful,2025-06-19
1747,1747,COD,178261.31,Successful,2024-10-25
1748,1748,Credit Card,38232.82,Successful,2025-06-05
1749,1749,Net Banking,33752.83,Successful,2025-11-09
1750,1750,Wallet,6299.29,Successful,2024-04-03
1751,1751,Debit Card,18226.59,Successful,2025-01-24
1752,1752,COD,39078.77,Successful,2025-06-10
1753,1753,Credit Card,67780.24,Pending,2024-11-15
1754,1754,Wallet,80545.82,Successful,2024-02-10
1755,1755,Debit Card,44359.32,Successful,2025-09-10
1756,1756,Credit Card,82594.82,Pending,2024-01-21
1757,1757,Credit Card,70473.11,Successful,2024-05-10
1758,1758,COD,26818.46,Successful,2025-02-06
1759,1759,COD,23430.37,Refunded,2025-06-26
1760,1760,Wallet,8633.25,Successful,2025-10-21
1761,1761,Credit Card,12159.54,Successful,2025-06-14
1762,1762,UPI,121927.34,Successful,2024-03-07
1763,1763,Wallet,2697.02,Successful,2025-12-17
1764,1764,UPI,38443.68,Successful,2025-08-11
1765,1765,Wallet,56746.22,Successful,2024-06-12
1766,1766,Wallet,1692.42,Successful,2025-06-28
1767,1767,Net Banking,81858.67,Successful,2024-03-25
1768,1768,Debit Card,8315.63,Successful,2025-10-08
1769,1769,Net Banking,52031.35,Successful,2024-10-24
1770,1770,Credit Card,17159.44,Successful,2025-11-22
1771,1771,Net Banking,3151.72,Successful,2024-01-26
1772,1772,COD,5478.68,Successful,2024-10-13
1773,1773,UPI,29938.31,Successful,2025-06-02
1774,1774,COD,132343.2,Successful,2025-01-12
1775,1775,Net Banking,7144.09,Successful,2024-10-10
1776,1776,Credit Card,177346.36,Successful,2024-03-05
1777,1777,Wallet,14917.26,Successful,2024-02-28
1778,1778,Debit Card,124719.6,Successful,2024-08-01
1779,1779,Debit Card,84677.87,Successful,2025-08-27
1780,1780,COD,12948.48,Pending,2024-05-26
1781,1781,Wallet,69159.12,Successful,2025-06-22
1782,1782,Net Banking,10027.37,Successful,2024-07-22
1783,1783,Credit Card,38651.11,Successful,2024-08-10
1784,1784,Net Banking,964.03,Successful,2025-02-22
1785,1785,Credit Card,17520.39,Pending,2025-09-19
1786,1786,COD,645.13,Successful,2024-04-08
1787,1787,Credit Card,19131.11,Successful,2025-06-23
1788,1788,Net Banking,6559.65,Successful,2024-01-30
1789,1789,Wallet,82623.76,Successful,2025-03-03
1790,1790,Debit Card,25187.12,Successful,2024-01-16
1791,1791,Debit Card,4469.06,Successful,2025-05-25
1792,1792,Debit Card,5355.7,Successful,2025-03-04
1793,1793,Debit Card,10876.71,Pending,2025-09-17
1794,1794,Credit Card,22386.92,Successful,2025-09-13
1795,1795,Net Banking,107381.99,Successful,2025-08-12
1796,1796,UPI,11604.16,Successful,2025-06-28
1797,1797,Credit Card,47477.08,Successful,2024-07-19
1798,1798,Debit Card,6058.24,Successful,2025-09-10
1799,1799,Credit Card,5230.97,Successful,2024-12-11
1800,1800,Credit Card,27553.4,Successful,2024-10-30
1801,1801,UPI,7741.05,Successful,2025-01-12
1802,1802,Net Banking,68177.03,Successful,2025-02-11
1803,1803,COD,124267.45,Successful,2024-04-11
1804,1804,Wallet,18336.74,Successful,2024-02-13
1805,1805,Credit Card,18819.09,Successful,2025-01-06
1806,1806,UPI,9779.63,Successful,2024-01-29
1807,1807,Wallet,25566.11,Successful,2024-08-07
1808,1808,Debit Card,28833.6,Successful,2024-12-15
1809,1809,Credit Card,105386.09,Successful,2025-08-11
1810,1810,Net Banking,116444.28,Successful,2025-07-30
1811,1811,COD,20543.87,Successful,2024-09-27
1812,1812,COD,36909.01,Successful,2025-07-22
1813,1813,Credit Card,26658.85,Successful,2024-12-16
1814,1814,COD,204287.68,Successful,2025-06-28
1815,1815,Net Banking,246687.99,Refunded,2025-09-24
1816,1816,Wallet,285098.95,Refunded,2025-12-09
1817,1817,UPI,21705.12,Successful,2025-08-04
1818,1818,Credit Card,16515.66,Successful,2024-07-07
1819,1819,Wallet,12998.13,Pending,2025-08-22
1820,1820,COD,110822.02,Successful,2025-10-02
1821,1821,Net Banking,47816.64,Successful,2025-01-21
1822,1822,Credit Card,16599.16,Refunded,2025-09-13
1823,1823,Net Banking,3985.87,Successful,2025-04-14
1824,1824,COD,55426.97,Successful,2025-01-11
1825,1825,UPI,17662.48,Successful,2024-12-04
1826,1826,COD,35100.86,Successful,2024-11-16
1827,1827,UPI,51428.44,Successful,2024-07-13
1828,1828,Debit Card,87628.61,Pending,2024-05-27
1829,1829,Credit Card,22082.71,Successful,2024-02-29
1830,1830,Wallet,9882.04,Successful,2024-06-09
1831,1831,Credit Card,12599.06,Successful,2024-02-03
1832,1832,Net Banking,40853.13,Successful,2024-08-21
1833,1833,Debit Card,45100.13,Successful,2025-01-08
1834,1834,Debit Card,1397.16,Refunded,2025-07-30
1835,1835,Credit Card,49862.87,Successful,2024-12-18
1836,1836,Wallet,1510.89,Successful,2025-12-12
1837,1837,Debit Card,76155.43,Successful,2024-05-30
1838,1838,UPI,12286.46,Successful,2025-11-10
1839,1839,Debit Card,517631.05,Successful,2025-02-23
1840,1840,Wallet,49581.33,Successful,2025-03-15
1841,1841,Wallet,56223.19,Successful,2025-06-28
1842,1842,Credit Card,7130.04,Successful,2024-09-15
1843,1843,Credit Card,7040.02,Pending,2025-08-27
1844,1844,Debit Card,63990.19,Successful,2024-02-13
1845,1845,Wallet,17498.24,Successful,2024-01-03
1846,1846,Credit Card,24060.81,Successful,2025-02-02
1847,1847,Credit Card,12451.39,Successful,2025-02-01
1848,1848,UPI,17945.86,Successful,2025-09-20
1849,1849,Credit Card,19213.5,Successful,2024-03-09
1850,1850,UPI,82594.51,Successful,2024-10-27
1851,1851,Debit Card,14397.54,Successful,2025-04-09
1852,1852,Net Banking,32739.85,Successful,2025-08-22
1853,1853,Wallet,24704.17,Successful,2025-01-14
1854,1854,Credit Card,31869.46,Successful,2025-03-28
1855,1855,Debit Card,544.47,Successful,2025-04-05
1856,1856,UPI,74626.73,Successful,2025-11-20
1857,1857,Net Banking,33731.41,Refunded,2024-04-06
1858,1858,Wallet,46745.94,Successful,2025-01-31
1859,1859,Debit Card,79755.09,Pending,2024-03-09
1860,1860,Net Banking,112220.71,Successful,2025-11-23
1861,1861,Wallet,53201.23,Successful,2025-04-11
1862,1862,Net Banking,52519.9,Successful,2024-06-25
1863,1863,Debit Card,8693.91,Successful,2024-03-23
1864,1864,Wallet,59002.25,Successful,2024-06-17
1865,1865,Debit Card,56761.8,Successful,2024-04-26
1866,1866,Debit Card,46594.78,Successful,2024-11-24
1867,1867,UPI,68428.24,Successful,2025-01-21
1868,1868,Debit Card,11076.34,Successful,2025-07-12
1869,1869,UPI,34041.62,Successful,2024-06-23
1870,1870,Net Banking,8778.66,Successful,2024-10-29
1871,1871,Debit Card,6793.02,Successful,2024-02-26
1872,1872,Debit Card,11845.83,Successful,2025-02-11
1873,1873,Credit Card,10927.63,Successful,2025-05-26
1874,1874,Wallet,20701.86,Successful,2024-06-16
1875,1875,COD,23515.52,Successful,2024-07-06
1876,1876,UPI,69770.78,Successful,2025-03-07
1877,1877,Wallet,93605.63,Successful,2025-12-06
1878,1878,Credit Card,76162.5,Successful,2024-08-27
1879,1879,UPI,32707.08,Successful,2025-06-11
1880,1880,COD,89418.83,Successful,2024-12-14
1881,1881,Net Banking,165904.85,Successful,2025-12-23
1882,1882,Debit Card,5211.22,Successful,2024-05-01
1883,1883,Debit Card,10373.6,Successful,2025-05-23
1884,1884,UPI,18460.71,Successful,2024-01-18
1885,1885,Debit Card,1692.55,Successful,2025-11-08
1886,1886,Debit Card,3328.72,Successful,2025-11-22
1887,1887,Credit Card,13894.5,Pending,2024-01-18
1888,1888,Wallet,3108.58,Successful,2025-12-04
1889,1889,Debit Card,44755.35,Pending,2025-10-31
1890,1890,Debit Card,22854.25,Successful,2024-12-04
1891,1891,UPI,12263.4,Successful,2025-07-27
1892,1892,Net Banking,25950.59,Successful,2025-09-15
1893,1893,COD,20862.08,Successful,2024-05-10
1894,1894,UPI,5916.74,Refunded,2025-09-12
1895,1895,Debit Card,78679.16,Refunded,2025-09-07
1896,1896,Wallet,266628.98,Successful,2024-05-15
1897,1897,Credit Card,5894.09,Successful,2025-06-08
1898,1898,Net Banking,2021.36,Successful,2025-04-08
1899,1899,Wallet,53674.49,Refunded,2024-02-07
1900,1900,COD,70592.48,Successful,2024-08-30
1901,1901,Debit Card,53109.1,Pending,2025-07-07
1902,1902,UPI,3264.14,Successful,2025-04-09
1903,1903,Net Banking,46743.84,Successful,2025-11-11
1904,1904,Wallet,11569.56,Successful,2025-07-09
1905,1905,UPI,1457.49,Refunded,2025-05-26
1906,1906,COD,87022.96,Successful,2025-06-15
1907,1907,Wallet,119859.57,Successful,2025-10-22
1908,1908,Debit Card,17043.71,Refunded,2024-07-11
1909,1909,COD,85033.18,Successful,2024-02-03
1910,1910,COD,45243.81,Successful,2025-09-28
1911,1911,UPI,36422.55,Successful,2024-05-08
1912,1912,COD,60623.82,Successful,2025-01-19
1913,1913,COD,31618.76,Successful,2025-09-02
1914,1914,Debit Card,47230.75,Successful,2024-10-31
1915,1915,COD,3302.26,Refunded,2025-06-29
1916,1916,COD,2013.46,Successful,2024-08-17
1917,1917,Wallet,59532.08,Successful,2025-08-12
1918,1918,COD,55275.45,Refunded,2025-12-02
1919,1919,UPI,781.91,Successful,2025-05-10
1920,1920,COD,86468.97,Successful,2024-06-25
1921,1921,Debit Card,28844.8,Successful,2024-12-18
1922,1922,COD,8202.94,Successful,2025-06-03
1923,1923,Net Banking,12703.76,Successful,2025-10-26
1924,1924,Debit Card,82559.44,Successful,2025-07-29
1925,1925,Net Banking,81525.78,Successful,2025-11-30
1926,1926,Credit Card,13049.62,Successful,2025-10-05
1927,1927,Debit Card,146274.06,Successful,2024-03-19
1928,1928,UPI,70654.09,Successful,2024-06-20
1929,1929,UPI,98057.39,Successful,2024-08-31
1930,1930,Net Banking,86331.37,Successful,2025-02-10
1931,1931,COD,131672.1,Successful,2024-12-03
1932,1932,UPI,41014.21,Pending,2024-08-07
1933,1933,Net Banking,27492.98,Successful,2024-04-12
1934,1934,Wallet,44806.88,Successful,2024-01-19
1935,1935,UPI,37611.35,Pending,2025-10-22
1936,1936,Credit Card,125312.09,Pending,2024-02-06
1937,1937,Credit Card,114024.69,Refunded,2024-05-06
1938,1938,UPI,125749.98,Refunded,2024-05-15
1939,1939,Net Banking,4379.23,Successful,2025-06-13
1940,1940,UPI,236184.93,Successful,2024-05-23
1941,1941,Net Banking,23815.32,Successful,2025-03-16
1942,1942,Debit Card,50787.02,Pending,2025-03-04
1943,1943,Debit Card,55987.35,Successful,2024-06-20
1944,1944,UPI,89665.39,Successful,2025-11-17
1945,1945,Debit Card,45192.63,Pending,2025-01-08
1946,1946,Wallet,10240.38,Successful,2024-10-24
1947,1947,Wallet,90613.07,Successful,2024-05-01
1948,1948,UPI,55364.11,Successful,2024-05-22
1949,1949,COD,21283.37,Successful,2024-11-11
1950,1950,UPI,5533.1,Successful,2024-03-16
1951,1951,COD,23890.94,Pending,2024-04-28
1952,1952,Credit Card,24216.56,Successful,2024-12-16
1953,1953,Debit Card,141861.58,Refunded,2025-07-22
1954,1954,Net Banking,49804.2,Successful,2025-06-19
1955,1955,Credit Card,41110.79,Successful,2025-05-19
1956,1956,COD,16073.19,Successful,2025-03-12
1957,1957,Debit Card,9568.45,Successful,2024-10-28
1958,1958,COD,60820.7,Successful,2025-06-11
1959,1959,Debit Card,498.22,Successful,2024-08-04
1960,1960,UPI,7664.32,Refunded,2024-06-29
1961,1961,Net Banking,154051.33,Successful,2024-03-07
1962,1962,Credit Card,11846.42,Successful,2024-01-10
1963,1963,UPI,11250.12,Successful,2024-01-10
1964,1964,UPI,2267.06,Successful,2024-06-15
1965,1965,UPI,37141.7,Pending,2024-06-19
1966,1966,UPI,92412.51,Successful,2025-04-14
1967,1967,Credit Card,55152.0,Successful,2024-11-26
1968,1968,COD,68007.88,Successful,2024-05-19
1969,1969,Credit Card,26641.37,Successful,2024-04-03
1970,1970,Debit Card,26109.82,Successful,2025-11-07
1971,1971,Credit Card,31621.82,Refunded,2024-07-07
1972,1972,UPI,46829.24,Refunded,2025-04-15
1973,1973,Credit Card,138612.45,Successful,2024-08-10
1974,1974,Credit Card,224732.82,Successful,2024-02-02
1975,1975,Net Banking,16933.02,Successful,2025-09-23
1976,1976,UPI,891.75,Pending,2025-03-16
1977,1977,UPI,31252.43,Successful,2024-11-08
1978,1978,Debit Card,12263.61,Successful,2024-11-30
1979,1979,Wallet,58813.36,Successful,2025-07-07
1980,1980,Net Banking,38244.5,Successful,2024-05-05
1981,1981,Credit Card,8696.33,Successful,2025-05-21
1982,1982,Debit Card,15263.29,Successful,2025-08-10
1983,1983,COD,56823.18,Successful,2025-05-27
1984,1984,Debit Card,8202.26,Pending,2025-09-13
1985,1985,UPI,29901.98,Successful,2024-06-30
1986,1986,Credit Card,988.22,Successful,2025-09-04
1987,1987,COD,20217.65,Successful,2024-08-09
1988,1988,Credit Card,11822.71,Successful,2025-07-26
1989,1989,Wallet,30393.6,Refunded,2025-11-23
1990,1990,Wallet,50113.84,Successful,2024-02-25
1991,1991,Wallet,45684.08,Successful,2025-07-23
1992,1992,Debit Card,176473.17,Successful,2025-05-30
1993,1993,Wallet,40767.09,Refunded,2025-12-12
1994,1994,COD,44130.96,Successful,2024-12-31
1995,1995,Credit Card,1220.6,Successful,2024-02-12
1996,1996,Wallet,49923.15,Successful,2025-02-04
1997,1997,Net Banking,54368.01,Successful,2024-04-23
1998,1998,COD,2109.69,Successful,2024-08-06
1999,1999,COD,52065.68,Pending,2024-01-27
2000,2000,UPI,210430.5,Refunded,2025-08-23
2001,2001,COD,9693.71,Successful,2025-05-07
2002,2002,Wallet,51816.65,Successful,2024-07-20
2003,2003,Wallet,94030.04,Refunded,2024-08-06
2004,2004,COD,18688.92,Successful,2024-05-28
2005,2005,Debit Card,28635.06,Successful,2024-07-31
2006,2006,Credit Card,91406.26,Successful,2025-02-24
2007,2007,Credit Card,69855.1,Successful,2025-11-23
2008,2008,Credit Card,6812.08,Successful,2024-07-04
2009,2009,Credit Card,36959.51,Successful,2024-12-19
2010,2010,Wallet,55430.88,Successful,2024-07-21
2011,2011,Wallet,77188.63,Successful,2025-08-11
2012,2012,Net Banking,23071.39,Successful,2025-11-10
2013,2013,COD,916.45,Successful,2025-06-18
2014,2014,Wallet,9687.28,Successful,2024-10-21
2015,2015,Net Banking,151984.83,Successful,2024-05-23
2016,2016,Credit Card,27130.2,Successful,2024-06-02
2017,2017,COD,8361.31,Successful,2025-08-30
2018,2018,Wallet,27094.71,Pending,2024-03-08
2019,2019,COD,31317.43,Refunded,2024-08-09
2020,2020,Debit Card,23946.59,Successful,2025-12-13
2021,2021,Debit Card,4966.42,Successful,2025-04-09
2022,2022,UPI,13752.45,Successful,2025-07-17
2023,2023,COD,113697.33,Successful,2024-05-14
2024,2024,Net Banking,22981.62,Successful,2024-06-09
2025,2025,UPI,3069.8,Successful,2025-01-07
2026,2026,Debit Card,12747.78,Successful,2024-03-03
2027,2027,UPI,175988.42,Successful,2024-03-29
2028,2028,Debit Card,23375.46,Successful,2024-05-12
2029,2029,UPI,104043.14,Successful,2024-12-19
2030,2030,Debit Card,47108.56,Successful,2025-10-11
2031,2031,UPI,154191.15,Successful,2024-02-04
2032,2032,Wallet,4877.77,Successful,2025-02-21
2033,2033,Debit Card,11393.03,Successful,2025-01-14
2034,2034,Credit Card,25603.85,Successful,2025-08-27
2035,2035,COD,150465.99,Successful,2024-06-25
2036,2036,Debit Card,18572.21,Successful,2024-09-14
2037,2037,COD,49512.86,Pending,2024-05-03
2038,2038,Debit Card,20895.46,Successful,2025-02-26
2039,2039,Wallet,24953.52,Successful,2024-04-04
2040,2040,Wallet,2501.34,Successful,2025-06-13
2041,2041,UPI,5173.92,Successful,2024-06-02
2042,2042,UPI,74770.18,Successful,2024-03-06
2043,2043,COD,45149.18,Successful,2024-04-16
2044,2044,UPI,8084.19,Pending,2024-02-20
2045,2045,Credit Card,8813.72,Successful,2024-10-10
2046,2046,Debit Card,62880.31,Successful,2025-12-23
2047,2047,UPI,18208.97,Successful,2025-06-28
2048,2048,Net Banking,119085.02,Successful,2025-03-16
2049,2049,Net Banking,5730.65,Successful,2024-01-07
2050,2050,UPI,742.4,Successful,2025-09-14
2051,2051,Credit Card,7255.75,Successful,2024-09-19
2052,2052,Net Banking,23316.82,Successful,2024-12-29
2053,2053,Net Banking,4416.28,Successful,2025-05-03
2054,2054,Wallet,79743.31,Successful,2025-03-13
2055,2055,Wallet,28823.22,Pending,2024-03-12
2056,2056,COD,3002.85,Successful,2025-04-23
2057,2057,Net Banking,39775.01,Successful,2024-09-26
2058,2058,Wallet,13987.82,Refunded,2025-08-01
2059,2059,Debit Card,113695.78,Successful,2024-01-07
2060,2060,COD,31242.61,Successful,2024-06-25
2061,2061,Credit Card,78638.74,Successful,2025-08-27
2062,2062,Debit Card,2464.55,Pending,2025-02-08
2063,2063,Net Banking,123406.96,Successful,2025-10-25
2064,2064,Credit Card,22040.9,Successful,2025-03-03
2065,2065,Wallet,173689.71,Successful,2025-01-29
2066,2066,Wallet,27946.83,Successful,2024-02-21
2067,2067,Wallet,16817.36,Pending,2024-06-30
2068,2068,UPI,19959.93,Successful,2025-06-11
2069,2069,COD,76213.89,Successful,2024-04-26
2070,2070,Credit Card,48920.28,Successful,2024-09-27
2071,2071,Debit Card,21484.56,Successful,2024-05-24
2072,2072,COD,77506.98,Successful,2025-07-07
2073,2073,COD,1785.6,Successful,2024-06-14
2074,2074,UPI,2407.91,Successful,2025-10-07
2075,2075,Wallet,12245.18,Successful,2024-03-27
2076,2076,Debit Card,25611.73,Successful,2025-06-09
2077,2077,Debit Card,11154.65,Successful,2024-06-01
2078,2078,Debit Card,3434.76,Successful,2025-07-04
2079,2079,UPI,150035.29,Successful,2025-06-04
2080,2080,Net Banking,12570.35,Successful,2025-02-14
2081,2081,COD,129950.1,Successful,2024-05-06
2082,2082,Debit Card,19882.75,Successful,2024-08-28
2083,2083,Wallet,40200.19,Successful,2024-01-15
2084,2084,Wallet,173682.75,Successful,2024-02-17
2085,2085,COD,34298.14,Successful,2024-07-06
2086,2086,Wallet,267015.45,Successful,2025-02-18
2087,2087,COD,18052.25,Successful,2025-06-10
2088,2088,Debit Card,104172.87,Successful,2024-06-20
2089,2089,Debit Card,92945.97,Refunded,2025-04-19
2090,2090,UPI,10995.02,Successful,2025-05-03
2091,2091,Wallet,55616.85,Refunded,2024-08-22
2092,2092,Net Banking,8753.42,Successful,2025-08-18
2093,2093,Debit Card,39305.2,Successful,2025-07-19
2094,2094,UPI,3953.3,Successful,2025-12-10
2095,2095,Wallet,153597.58,Pending,2024-04-20
2096,2096,Debit Card,54387.04,Successful,2025-11-07
2097,2097,Credit Card,236769.01,Successful,2025-09-11
2098,2098,Debit Card,10662.2,Successful,2025-01-23
2099,2099,COD,197988.26,Successful,2025-03-16
2100,2100,COD,6691.54,Successful,2025-03-30
2101,2101,COD,8119.17,Successful,2024-06-12
2102,2102,COD,38168.72,Successful,2025-10-07
2103,2103,Net Banking,40256.54,Successful,2025-08-10
2104,2104,Net Banking,14863.7,Successful,2025-12-14
2105,2105,Credit Card,29228.12,Successful,2024-09-21
2106,2106,Credit Card,25926.4,Successful,2025-03-31
2107,2107,Wallet,64753.13,Successful,2024-03-05
2108,2108,Credit Card,20388.47,Successful,2025-08-24
2109,2109,Credit Card,29387.57,Successful,2025-09-09
2110,2110,COD,34273.48,Successful,2025-02-21
2111,2111,COD,14752.78,Successful,2024-01-01
2112,2112,UPI,59457.89,Successful,2025-07-23
2113,2113,Debit Card,18175.73,Successful,2024-01-24
2114,2114,Net Banking,33150.03,Successful,2024-11-08
2115,2115,Credit Card,147913.72,Successful,2024-11-23
2116,2116,Net Banking,38590.55,Successful,2025-08-06
2117,2117,UPI,54486.25,Pending,2024-03-09
2118,2118,COD,34415.94,Refunded,2025-08-11
2119,2119,Debit Card,6046.35,Successful,2024-01-06
2120,2120,COD,1579.55,Successful,2024-10-06
2121,2121,UPI,67152.84,Successful,2024-08-19
2122,2122,Net Banking,105399.13,Successful,2025-01-20
2123,2123,COD,33954.76,Pending,2025-09-26
2124,2124,UPI,4168.45,Successful,2025-12-15
2125,2125,COD,65584.15,Successful,2025-08-06
2126,2126,Debit Card,5830.64,Successful,2024-09-25
2127,2127,Wallet,1563.92,Refunded,2024-05-20
2128,2128,COD,8765.74,Successful,2025-05-07
2129,2129,Net Banking,46484.35,Successful,2025-12-13
2130,2130,Credit Card,49162.59,Refunded,2025-12-02
2131,2131,Debit Card,15128.91,Pending,2025-07-25
2132,2132,Net Banking,124251.78,Successful,2025-12-29
2133,2133,Credit Card,29250.56,Successful,2025-01-17
2134,2134,Net Banking,36067.89,Successful,2025-09-03
2135,2135,COD,163824.84,Successful,2025-06-28
2136,2136,Wallet,147.22,Successful,2025-01-22
2137,2137,Net Banking,125714.56,Successful,2025-07-26
2138,2138,UPI,47519.08,Successful,2025-03-24
2139,2139,Net Banking,29327.0,Successful,2024-11-19
2140,2140,Net Banking,41537.37,Successful,2025-07-07
2141,2141,UPI,34993.0,Successful,2024-11-23
2142,2142,COD,28425.27,Successful,2024-02-01
2143,2143,Debit Card,39419.21,Successful,2025-02-19
2144,2144,COD,5311.68,Successful,2025-03-04
2145,2145,UPI,12615.59,Successful,2024-12-09
2146,2146,Debit Card,2382.7,Successful,2025-12-15
2147,2147,UPI,64131.47,Successful,2024-06-30
2148,2148,UPI,93465.19,Successful,2025-03-15
2149,2149,Credit Card,65579.26,Successful,2025-02-16
2150,2150,COD,69933.1,Successful,2024-04-16
2151,2151,Debit Card,7139.23,Successful,2025-01-18
2152,2152,COD,875.33,Successful,2025-06-15
2153,2153,Wallet,47437.29,Successful,2024-01-16
2154,2154,UPI,9900.74,Successful,2025-12-29
2155,2155,Debit Card,4426.95,Successful,2024-06-28
2156,2156,COD,314.45,Successful,2024-01-17
2157,2157,Net Banking,30021.96,Pending,2025-02-23
2158,2158,Wallet,82285.56,Refunded,2024-06-02
2159,2159,COD,83766.8,Refunded,2024-08-24
2160,2160,UPI,49472.05,Successful,2025-12-16
2161,2161,Net Banking,10769.18,Successful,2025-04-20
2162,2162,Wallet,20945.38,Successful,2025-06-13
2163,2163,Wallet,9720.55,Successful,2024-08-27
2164,2164,Credit Card,19191.5,Successful,2024-10-01
2165,2165,Net Banking,82347.77,Successful,2025-10-31
2166,2166,Credit Card,24397.36,Successful,2024-07-21
2167,2167,Net Banking,54436.47,Successful,2024-06-08
2168,2168,Wallet,7962.56,Refunded,2025-05-21
2169,2169,Credit Card,57337.39,Successful,2025-04-08
2170,2170,Debit Card,22624.9,Successful,2024-10-29
2171,2171,Wallet,50472.85,Successful,2024-02-02
2172,2172,COD,16977.35,Successful,2024-03-15
2173,2173,Net Banking,11468.45,Pending,2024-03-06
2174,2174,Debit Card,1689.37,Pending,2024-09-11
2175,2175,Credit Card,26384.18,Successful,2024-02-03
2176,2176,Debit Card,133224.61,Pending,2025-06-01
2177,2177,UPI,5069.86,Successful,2024-08-25
2178,2178,Wallet,1948.92,Pending,2025-12-20
2179,2179,COD,143605.27,Successful,2025-02-11
2180,2180,Wallet,88223.73,Successful,2025-03-14
2181,2181,Wallet,13219.54,Successful,2025-11-20
2182,2182,Debit Card,60018.79,Successful,2025-06-30
2183,2183,Wallet,48649.41,Successful,2025-05-01
2184,2184,Debit Card,10483.93,Successful,2024-04-19
2185,2185,Wallet,37402.89,Successful,2025-11-19
2186,2186,COD,57661.66,Successful,2025-04-14
2187,2187,COD,91470.09,Pending,2025-02-01
2188,2188,Credit Card,19154.88,Successful,2025-06-25
2189,2189,Net Banking,5109.0,Successful,2025-09-08
2190,2190,Credit Card,35894.63,Successful,2024-05-18
2191,2191,Credit Card,26263.46,Successful,2024-05-23
2192,2192,Wallet,7828.6,Successful,2025-09-04
2193,2193,Net Banking,138068.49,Successful,2024-05-17
2194,2194,Debit Card,11525.76,Successful,2024-06-17
2195,2195,Credit Card,50388.67,Successful,2024-04-27
2196,2196,COD,12364.42,Successful,2024-06-12
2197,2197,COD,5304.98,Successful,2025-06-14
2198,2198,Credit Card,4512.23,Successful,2024-06-22
2199,2199,Net Banking,994.61,Successful,2024-08-25
2200,2200,Net Banking,47575.39,Successful,2025-01-30
2201,2201,UPI,17507.45,Successful,2025-06-05
2202,2202,COD,7602.22,Successful,2025-11-25
2203,2203,Debit Card,11634.4,Successful,2024-10-29
2204,2204,Wallet,29156.59,Successful,2024-08-29
2205,2205,UPI,93667.98,Successful,2025-10-19
2206,2206,COD,239211.77,Successful,2025-05-09
2207,2207,Credit Card,80206.81,Successful,2024-05-21
2208,2208,Credit Card,19109.88,Successful,2024-11-22
2209,2209,Credit Card,90573.23,Successful,2024-01-18
2210,2210,COD,40251.91,Successful,2024-10-14
2211,2211,Net Banking,62276.38,Successful,2024-03-18
2212,2212,Debit Card,172047.01,Successful,2025-11-15
2213,2213,Debit Card,7176.6,Successful,2025-10-27
2214,2214,Debit Card,32638.7,Refunded,2024-04-03
2215,2215,UPI,1543.26,Successful,2025-04-04
2216,2216,COD,80429.62,Successful,2025-08-31
2217,2217,Debit Card,93978.57,Successful,2024-01-17
2218,2218,UPI,41256.01,Successful,2025-07-15
2219,2219,Net Banking,158245.82,Successful,2025-08-07
2220,2220,Debit Card,8709.42,Successful,2024-01-19
2221,2221,Net Banking,11355.77,Successful,2025-10-15
2222,2222,Credit Card,8550.27,Successful,2025-10-21
2223,2223,Net Banking,34429.82,Successful,2025-08-28
2224,2224,Net Banking,52311.63,Successful,2025-04-13
2225,2225,UPI,149032.49,Successful,2024-01-26
2226,2226,Wallet,9979.63,Successful,2025-01-04
2227,2227,Credit Card,20548.69,Successful,2024-07-10
2228,2228,Wallet,8535.0,Pending,2024-01-07
2229,2229,Credit Card,9572.57,Pending,2024-03-16
2230,2230,Wallet,1963.81,Successful,2024-05-02
2231,2231,COD,34361.44,Successful,2024-05-23
2232,2232,Credit Card,89722.63,Successful,2024-04-09
2233,2233,COD,10686.32,Successful,2024-04-06
2234,2234,UPI,89252.7,Successful,2024-10-02
2235,2235,Wallet,45639.88,Successful,2025-06-10
2236,2236,COD,5803.47,Refunded,2024-09-30
2237,2237,COD,15165.37,Successful,2025-07-22
2238,2238,Net Banking,103251.02,Successful,2024-02-18
2239,2239,UPI,77639.13,Successful,2024-05-24
2240,2240,COD,32301.43,Successful,2025-08-11
2241,2241,Net Banking,9077.86,Successful,2024-08-15
2242,2242,COD,10919.25,Successful,2025-04-15
2243,2243,Credit Card,67057.67,Successful,2024-06-30
2244,2244,Wallet,17295.11,Successful,2024-10-13
2245,2245,UPI,150063.28,Successful,2025-06-14
2246,2246,Debit Card,18044.97,Successful,2024-04-05
2247,2247,Wallet,3048.15,Successful,2025-07-09
2248,2248,Debit Card,1759.65,Pending,2024-03-03
2249,2249,Wallet,40024.65,Successful,2024-03-02
2250,2250,Credit Card,34451.85,Successful,2024-07-04
2251,2251,UPI,91247.33,Successful,2024-03-29
2252,2252,Wallet,832.35,Successful,2025-01-09
2253,2253,Net Banking,74264.98,Successful,2025-08-09
2254,2254,Debit Card,77815.48,Successful,2025-03-19
2255,2255,Net Banking,145446.91,Successful,2024-09-20
2256,2256,UPI,168479.97,Pending,2025-08-11
2257,2257,Wallet,84310.13,Pending,2024-08-21
2258,2258,Debit Card,18649.25,Successful,2025-02-27
2259,2259,UPI,14289.2,Successful,2024-12-21
2260,2260,UPI,39735.33,Successful,2024-04-29
2261,2261,Net Banking,141008.16,Successful,2025-06-12
2262,2262,COD,68159.25,Successful,2025-07-06
2263,2263,Debit Card,53201.25,Successful,2024-09-23
2264,2264,COD,32934.53,Successful,2025-09-20
2265,2265,Credit Card,35413.54,Successful,2024-10-31
2266,2266,Wallet,36486.77,Successful,2024-09-22
2267,2267,COD,50851.82,Successful,2024-06-07
2268,2268,UPI,12011.58,Successful,2025-03-24
2269,2269,Wallet,3265.25,Successful,2024-08-15
2270,2270,Debit Card,117005.79,Successful,2025-05-30
2271,2271,Credit Card,1503.24,Successful,2024-08-23
2272,2272,COD,11960.07,Successful,2024-11-02
2273,2273,COD,114429.21,Successful,2024-02-24
2274,2274,Credit Card,2195.91,Successful,2025-02-06
2275,2275,Net Banking,22553.11,Successful,2025-02-10
2276,2276,Wallet,81534.54,Successful,2025-09-02
2277,2277,Debit Card,10143.66,Successful,2024-02-14
2278,2278,COD,17022.8,Successful,2025-09-07
2279,2279,Net Banking,38408.83,Pending,2025-04-21
2280,2280,Debit Card,12554.64,Successful,2024-01-21
2281,2281,Wallet,12693.05,Successful,2025-02-03
2282,2282,Credit Card,30776.42,Refunded,2025-02-21
2283,2283,Net Banking,35224.8,Refunded,2024-10-03
2284,2284,Debit Card,14372.97,Successful,2024-03-25
2285,2285,Wallet,171276.56,Successful,2025-08-04
2286,2286,UPI,13782.7,Successful,2025-12-18
2287,2287,Net Banking,38932.71,Successful,2024-07-08
2288,2288,Wallet,104504.78,Successful,2025-12-05
2289,2289,UPI,22623.49,Successful,2024-02-02
2290,2290,Net Banking,61747.56,Refunded,2025-04-01
2291,2291,Debit Card,36684.4,Refunded,2024-12-30
2292,2292,COD,2883.0,Successful,2024-08-25
2293,2293,Debit Card,45633.88,Successful,2024-10-24
2294,2294,Credit Card,8706.22,Successful,2024-01-15
2295,2295,Wallet,9461.49,Successful,2024-05-09
2296,2296,Debit Card,46707.67,Successful,2025-12-16
2297,2297,COD,38814.62,Successful,2025-10-03
2298,2298,UPI,33762.9,Successful,2024-12-10
2299,2299,Net Banking,34887.6,Successful,2025-01-02
2300,2300,Credit Card,32111.32,Successful,2024-12-14
2301,2301,Credit Card,14180.65,Successful,2025-02-23
2302,2302,COD,15841.54,Successful,2024-01-22
2303,2303,Debit Card,149248.72,Successful,2025-07-15
2304,2304,Debit Card,18819.22,Successful,2024-09-26
2305,2305,Debit Card,89732.09,Successful,2025-05-28
2306,2306,Debit Card,30122.09,Successful,2024-08-13
2307,2307,Credit Card,20654.14,Successful,2025-12-19
2308,2308,Wallet,4270.26,Successful,2025-02-07
2309,2309,UPI,41053.92,Successful,2024-12-10
2310,2310,Net Banking,11182.59,Successful,2024-01-12
2311,2311,Wallet,38616.46,Successful,2024-05-15
2312,2312,COD,109198.02,Successful,2024-09-17
2313,2313,COD,46033.6,Refunded,2025-08-09
2314,2314,Debit Card,109392.11,Successful,2024-12-06
2315,2315,Wallet,98867.52,Successful,2025-08-11
2316,2316,COD,4289.8,Successful,2025-01-01
2317,2317,Credit Card,73989.87,Successful,2025-03-01
2318,2318,Credit Card,103425.38,Successful,2024-04-30
2319,2319,UPI,31846.86,Successful,2025-09-26
2320,2320,Net Banking,2263.17,Successful,2025-04-15
2321,2321,Net Banking,23579.58,Successful,2025-04-06
2322,2322,Debit Card,20992.29,Refunded,2025-09-01
2323,2323,Credit Card,155722.94,Successful,2024-08-25
2324,2324,Net Banking,148573.97,Pending,2024-07-03
2325,2325,Credit Card,6905.64,Successful,2025-06-18
2326,2326,Credit Card,190663.04,Refunded,2024-01-26
2327,2327,Debit Card,4723.18,Pending,2024-04-03
2328,2328,Credit Card,45715.23,Successful,2024-01-09
2329,2329,COD,6341.84,Pending,2025-10-24
2330,2330,Credit Card,21188.99,Pending,2025-06-23
2331,2331,Net Banking,25711.88,Refunded,2024-01-06
2332,2332,UPI,16850.2,Successful,2024-04-26
2333,2333,Credit Card,3147.54,Successful,2025-07-20
2334,2334,COD,27647.72,Refunded,2025-04-21
2335,2335,UPI,47992.28,Successful,2025-01-28
2336,2336,Net Banking,73999.8,Successful,2024-12-13
2337,2337,COD,70595.25,Successful,2025-09-13
2338,2338,Debit Card,28366.4,Successful,2024-06-10
2339,2339,Debit Card,29049.93,Successful,2025-06-08
2340,2340,Net Banking,22277.67,Successful,2024-04-10
2341,2341,COD,38335.35,Successful,2024-06-16
2342,2342,Debit Card,125766.0,Successful,2025-07-04
2343,2343,Credit Card,54331.57,Successful,2024-06-10
2344,2344,Net Banking,105371.67,Successful,2025-11-01
2345,2345,Credit Card,191022.09,Successful,2024-04-22
2346,2346,Wallet,73423.8,Refunded,2024-07-20
2347,2347,Credit Card,117950.41,Successful,2024-01-17
2348,2348,UPI,49420.01,Successful,2025-12-13
2349,2349,UPI,14001.84,Successful,2025-01-03
2350,2350,Wallet,34404.47,Refunded,2025-01-17
2351,2351,Debit Card,30092.47,Successful,2025-06-02
2352,2352,Credit Card,97049.62,Successful,2025-02-12
2353,2353,Wallet,69868.94,Successful,2025-09-02
2354,2354,COD,60943.19,Successful,2025-08-22
2355,2355,Credit Card,1884.37,Successful,2025-12-03
2356,2356,Wallet,23605.36,Successful,2025-11-30
2357,2357,UPI,32450.27,Successful,2024-11-02
2358,2358,Credit Card,10932.67,Refunded,2025-08-22
2359,2359,Wallet,6305.53,Successful,2024-01-30
2360,2360,COD,34941.76,Successful,2024-03-12
2361,2361,Wallet,12817.05,Successful,2024-07-29
2362,2362,Wallet,159393.35,Successful,2025-01-10
2363,2363,Credit Card,153960.29,Successful,2025-02-06
2364,2364,UPI,147071.76,Successful,2025-12-20
2365,2365,Credit Card,153950.32,Successful,2025-02-10
2366,2366,UPI,41497.94,Successful,2024-09-17
2367,2367,COD,32205.1,Refunded,2024-07-21
2368,2368,UPI,60692.86,Successful,2025-08-06
2369,2369,Credit Card,139622.18,Successful,2024-06-21
2370,2370,Net Banking,68617.58,Successful,2025-03-23
2371,2371,Debit Card,107859.48,Successful,2024-09-19
2372,2372,UPI,14862.08,Successful,2024-12-18
2373,2373,COD,5606.77,Successful,2024-06-05
2374,2374,Net Banking,59353.3,Successful,2024-02-12
2375,2375,Credit Card,57557.57,Successful,2025-12-05
2376,2376,UPI,8730.3,Successful,2025-10-18
2377,2377,Wallet,154920.96,Successful,2025-11-05
2378,2378,UPI,78352.03,Successful,2025-07-30
2379,2379,Net Banking,113424.92,Successful,2024-10-17
2380,2380,Wallet,7149.97,Successful,2024-03-01
2381,2381,Wallet,83574.54,Successful,2024-07-28
2382,2382,Debit Card,51422.85,Refunded,2024-03-21
2383,2383,Wallet,182186.28,Successful,2025-02-22
2384,2384,Wallet,50363.74,Successful,2025-02-05
2385,2385,Credit Card,233959.24,Successful,2025-04-09
2386,2386,Net Banking,18726.26,Successful,2025-10-15
2387,2387,COD,5514.51,Successful,2025-01-15
2388,2388,UPI,8349.01,Pending,2025-08-31
2389,2389,Debit Card,104096.7,Successful,2024-08-04
2390,2390,Debit Card,25601.26,Successful,2025-01-14
2391,2391,Debit Card,53044.7,Successful,2025-09-28
2392,2392,Debit Card,16928.72,Pending,2024-07-09
2393,2393,Net Banking,182366.69,Successful,2025-01-17
2394,2394,COD,20329.67,Successful,2024-04-26
2395,2395,COD,49016.21,Successful,2024-05-22
2396,2396,Net Banking,174876.53,Successful,2024-07-04
2397,2397,UPI,133069.76,Successful,2024-10-01
2398,2398,Wallet,26115.85,Successful,2024-06-11
2399,2399,UPI,7456.72,Successful,2024-11-12
2400,2400,Net Banking,136888.28,Pending,2025-11-05
2401,2401,UPI,6911.55,Successful,2024-01-20
2402,2402,Net Banking,8228.21,Pending,2025-06-29
2403,2403,Credit Card,27071.78,Refunded,2025-01-14
2404,2404,Credit Card,44482.82,Successful,2024-10-15
2405,2405,UPI,1325.36,Refunded,2024-10-13
2406,2406,UPI,140193.41,Successful,2025-04-19
2407,2407,Debit Card,11343.81,Successful,2024-02-20
2408,2408,COD,9287.12,Successful,2025-10-27
2409,2409,Wallet,7885.16,Successful,2024-12-16
2410,2410,Credit Card,3000.47,Successful,2025-04-08
2411,2411,Debit Card,35238.54,Successful,2024-07-14
2412,2412,Debit Card,9274.76,Pending,2025-10-24
2413,2413,Wallet,72222.5,Pending,2024-06-07
2414,2414,Debit Card,26849.88,Successful,2025-01-13
2415,2415,UPI,272.28,Successful,2024-01-26
2416,2416,COD,32549.04,Successful,2024-05-14
2417,2417,Wallet,46069.08,Successful,2024-07-20
2418,2418,COD,49137.71,Refunded,2025-08-13
2419,2419,Wallet,176222.91,Successful,2025-02-14
2420,2420,Wallet,37131.99,Successful,2024-02-08
2421,2421,Wallet,89178.9,Successful,2025-12-30
2422,2422,COD,13625.85,Successful,2025-09-10
2423,2423,UPI,9224.11,Successful,2024-09-12
2424,2424,UPI,3598.7,Refunded,2025-11-07
2425,2425,Debit Card,73009.72,Pending,2025-12-12
2426,2426,Wallet,6675.39,Successful,2025-06-19
2427,2427,Net Banking,79277.12,Refunded,2025-05-03
2428,2428,Credit Card,12465.72,Successful,2024-12-29
2429,2429,UPI,67129.23,Successful,2024-12-27
2430,2430,Wallet,10356.81,Successful,2025-07-21
2431,2431,UPI,109111.12,Pending,2025-05-27
2432,2432,Net Banking,112309.5,Successful,2024-07-24
2433,2433,Credit Card,18620.27,Successful,2025-02-09
2434,2434,Wallet,61330.22,Successful,2024-08-18
2435,2435,Net Banking,27180.62,Refunded,2024-07-08
2436,2436,UPI,201720.93,Successful,2025-10-10
2437,2437,Credit Card,12747.75,Pending,2024-09-21
2438,2438,Credit Card,103537.31,Successful,2024-09-25
2439,2439,Debit Card,107865.88,Successful,2025-12-08
2440,2440,Debit Card,23704.56,Successful,2025-06-07
2441,2441,Credit Card,66425.75,Successful,2024-06-06
2442,2442,Debit Card,69673.26,Successful,2025-11-12
2443,2443,UPI,107259.64,Successful,2024-12-30
2444,2444,COD,33829.78,Successful,2024-12-14
2445,2445,UPI,61746.66,Pending,2025-10-15
2446,2446,UPI,10163.05,Successful,2025-10-27
2447,2447,UPI,1959.68,Successful,2025-05-20
2448,2448,Wallet,5126.95,Successful,2024-08-22
2449,2449,Credit Card,62693.54,Successful,2024-11-29
2450,2450,UPI,92674.65,Successful,2024-06-28
2451,2451,COD,82973.75,Successful,2025-02-15
2452,2452,UPI,67126.89,Successful,2024-03-07
2453,2453,Wallet,43981.03,Successful,2024-11-22
2454,2454,UPI,6594.84,Successful,2025-11-06
2455,2455,COD,9273.62,Successful,2024-03-15
2456,2456,Credit Card,7742.82,Successful,2024-10-06
2457,2457,COD,63179.35,Successful,2025-08-30
2458,2458,Credit Card,9379.43,Pending,2025-01-01
2459,2459,UPI,96734.9,Successful,2024-05-23
2460,2460,Debit Card,54258.59,Successful,2024-01-18
2461,2461,Net Banking,893.58,Successful,2025-11-10
2462,2462,Credit Card,23488.75,Refunded,2024-09-08
2463,2463,Debit Card,61073.31,Successful,2025-04-18
2464,2464,COD,52660.75,Successful,2025-06-22
2465,2465,Credit Card,55689.55,Successful,2025-05-11
2466,2466,COD,47202.3,Successful,2025-11-01
2467,2467,UPI,44478.57,Successful,2025-08-14
2468,2468,Debit Card,321.2,Successful,2025-03-07
2469,2469,Wallet,24445.05,Successful,2025-12-03
2470,2470,Wallet,50895.58,Successful,2025-09-10
2471,2471,Net Banking,6021.56,Successful,2025-06-08
2472,2472,Net Banking,80896.37,Successful,2024-05-10
2473,2473,Credit Card,147267.31,Pending,2024-01-26
2474,2474,Net Banking,37041.38,Successful,2025-08-02
2475,2475,UPI,12226.85,Successful,2024-02-23
2476,2476,Credit Card,4375.88,Successful,2024-11-11
2477,2477,Debit Card,78160.32,Successful,2024-11-02
2478,2478,Credit Card,2453.38,Successful,2024-04-03
2479,2479,COD,19431.69,Successful,2025-12-08
2480,2480,Wallet,35434.88,Successful,2025-02-22
2481,2481,Debit Card,7042.38,Successful,2024-02-08
2482,2482,Credit Card,82222.15,Successful,2025-09-24
2483,2483,Credit Card,73401.73,Successful,2025-10-15
2484,2484,UPI,169225.55,Successful,2024-08-18
2485,2485,Credit Card,32315.94,Successful,2024-01-11
2486,2486,Net Banking,22540.1,Successful,2025-04-20
2487,2487,Credit Card,61568.62,Successful,2024-11-19
2488,2488,Wallet,19755.06,Pending,2025-08-08
2489,2489,Wallet,178331.68,Successful,2025-03-01
2490,2490,COD,18543.93,Successful,2024-09-26
2491,2491,COD,10029.06,Successful,2025-12-27
2492,2492,Wallet,105767.39,Successful,2024-05-06
2493,2493,Wallet,20861.64,Successful,2024-09-05
2494,2494,Debit Card,20951.72,Successful,2024-10-20
2495,2495,Net Banking,244616.29,Refunded,2025-06-23
2496,2496,Net Banking,18873.32,Successful,2024-08-19
2497,2497,Credit Card,672.13,Refunded,2025-05-03
2498,2498,COD,4711.02,Successful,2025-06-30
2499,2499,Credit Card,152245.33,Successful,2024-04-15
2500,2500,Net Banking,95355.92,Successful,2025-08-09
2501,2501,Credit Card,44859.09,Pending,2025-05-05
2502,2502,Credit Card,4672.72,Successful,2025-06-17
2503,2503,Debit Card,1138.73,Successful,2025-01-17
2504,2504,UPI,28796.46,Successful,2024-02-09
2505,2505,COD,66444.23,Successful,2024-11-07
2506,2506,Debit Card,6110.7,Successful,2025-08-05
2507,2507,Credit Card,46980.77,Successful,2024-12-30
2508,2508,Credit Card,116001.85,Successful,2024-12-08
2509,2509,Credit Card,21144.63,Successful,2024-07-15
2510,2510,Wallet,7848.14,Successful,2024-01-05
2511,2511,Net Banking,34413.96,Successful,2025-08-10
2512,2512,UPI,28995.54,Successful,2024-11-01
2513,2513,UPI,8660.42,Successful,2024-03-27
2514,2514,Debit Card,68475.59,Successful,2024-07-30
2515,2515,Debit Card,85887.29,Refunded,2025-11-20
2516,2516,COD,11479.46,Successful,2025-04-14
2517,2517,Net Banking,3836.11,Successful,2024-01-22
2518,2518,Credit Card,35379.81,Refunded,2025-06-03
2519,2519,Debit Card,18437.06,Successful,2025-07-08
2520,2520,Wallet,28584.98,Successful,2025-10-31
2521,2521,Credit Card,101400.29,Successful,2024-10-15
2522,2522,Credit Card,57000.56,Successful,2025-11-03
2523,2523,Wallet,6560.52,Successful,2024-10-19
2524,2524,COD,88133.8,Successful,2024-07-31
2525,2525,COD,87737.06,Successful,2025-01-13
2526,2526,Credit Card,24026.25,Successful,2024-10-16
2527,2527,COD,9417.14,Successful,2024-06-12
2528,2528,Credit Card,22184.87,Successful,2024-08-29
2529,2529,Net Banking,18136.26,Successful,2024-04-20
2530,2530,Debit Card,162118.34,Successful,2024-09-17
2531,2531,UPI,28783.59,Successful,2025-11-18
2532,2532,Debit Card,49159.37,Successful,2025-03-24
2533,2533,Credit Card,109591.0,Refunded,2024-12-21
2534,2534,Debit Card,94539.23,Successful,2024-06-26
2535,2535,COD,19195.45,Successful,2024-06-26
2536,2536,Wallet,24189.89,Successful,2025-05-16
2537,2537,COD,76306.48,Successful,2024-05-15
2538,2538,UPI,8849.88,Pending,2025-08-20
2539,2539,UPI,4827.96,Refunded,2025-04-13
2540,2540,UPI,7692.16,Successful,2024-02-23
2541,2541,Wallet,15188.95,Successful,2025-02-27
2542,2542,COD,120283.56,Successful,2024-04-14
2543,2543,Debit Card,73306.7,Pending,2024-11-26
2544,2544,UPI,4551.21,Successful,2025-09-08
2545,2545,Credit Card,7915.18,Successful,2025-01-05
2546,2546,COD,2163.15,Pending,2024-06-06
2547,2547,Net Banking,35335.94,Successful,2024-03-08
2548,2548,Credit Card,35250.86,Pending,2025-08-21
2549,2549,Debit Card,76904.83,Refunded,2024-10-18
2550,2550,Credit Card,10316.81,Successful,2024-09-11
2551,2551,Wallet,21369.53,Pending,2024-03-20
2552,2552,UPI,855.6,Successful,2024-05-02
2553,2553,Wallet,13640.48,Successful,2025-12-06
2554,2554,Net Banking,10437.48,Successful,2024-03-17
2555,2555,COD,88006.18,Successful,2025-12-14
2556,2556,UPI,40912.96,Successful,2024-12-26
2557,2557,Net Banking,19028.49,Successful,2024-07-02
2558,2558,Debit Card,73467.31,Successful,2025-05-22
2559,2559,Credit Card,56647.76,Refunded,2025-02-01
2560,2560,UPI,20050.7,Successful,2024-06-16
2561,2561,Credit Card,18970.21,Successful,2024-07-02
2562,2562,UPI,97032.33,Successful,2025-10-23
2563,2563,Wallet,158774.34,Refunded,2024-01-04
2564,2564,UPI,15493.64,Successful,2024-11-08
2565,2565,Debit Card,28647.44,Successful,2025-06-18
2566,2566,Debit Card,13079.1,Successful,2024-10-07
2567,2567,Wallet,92631.99,Successful,2025-12-03
2568,2568,UPI,135671.97,Successful,2024-11-17
2569,2569,COD,27668.55,Successful,2025-12-22
2570,2570,UPI,108152.36,Successful,2024-06-12
2571,2571,UPI,17864.44,Successful,2024-10-04
2572,2572,Net Banking,10436.8,Successful,2024-06-14
2573,2573,Net Banking,11950.89,Successful,2025-02-13
2574,2574,Debit Card,21730.69,Successful,2024-01-29
2575,2575,Wallet,13457.0,Successful,2025-08-30
2576,2576,Net Banking,10210.12,Successful,2025-02-24
2577,2577,Wallet,149795.21,Refunded,2025-11-13
2578,2578,UPI,2812.38,Refunded,2025-11-18
2579,2579,UPI,33928.8,Refunded,2025-10-01
2580,2580,Wallet,6166.64,Successful,2025-03-19
2581,2581,Debit Card,43647.48,Successful,2024-01-31
2582,2582,UPI,115949.49,Successful,2024-04-19
2583,2583,COD,48941.67,Successful,2024-10-06
2584,2584,UPI,32140.09,Pending,2024-03-08
2585,2585,Net Banking,2439.46,Pending,2024-06-28
2586,2586,UPI,20679.26,Refunded,2024-04-26
2587,2587,Credit Card,51609.97,Successful,2025-03-03
2588,2588,Net Banking,135612.08,Successful,2025-08-22
2589,2589,Wallet,1171.66,Successful,2025-02-03
2590,2590,Net Banking,15543.78,Successful,2025-11-20
2591,2591,Debit Card,65961.04,Successful,2025-05-27
2592,2592,COD,4255.31,Successful,2025-06-19
2593,2593,COD,82172.09,Successful,2024-10-16
2594,2594,Wallet,67899.73,Successful,2024-05-02
2595,2595,UPI,36949.73,Successful,2024-07-05
2596,2596,Net Banking,47620.24,Successful,2024-05-31
2597,2597,COD,119975.87,Successful,2024-03-08
2598,2598,Net Banking,2416.69,Successful,2024-04-26
2599,2599,COD,43444.22,Pending,2025-08-05
2600,2600,Debit Card,24338.87,Successful,2025-09-24
2601,2601,Wallet,100073.96,Successful,2025-09-20
2602,2602,Wallet,103934.51,Refunded,2025-06-10
2603,2603,UPI,104498.09,Successful,2024-08-14
2604,2604,Debit Card,42810.64,Refunded,2024-06-23
2605,2605,Wallet,11978.0,Successful,2024-06-14
2606,2606,Wallet,89405.76,Successful,2024-04-09
2607,2607,Debit Card,38001.43,Successful,2024-10-04
2608,2608,COD,91729.98,Successful,2024-01-04
2609,2609,Credit Card,150142.97,Successful,2025-09-22
2610,2610,Credit Card,46354.99,Successful,2025-04-08
2611,2611,Debit Card,86242.71,Successful,2025-03-23
2612,2612,UPI,116440.35,Successful,2024-07-31
2613,2613,Wallet,17328.64,Successful,2024-07-27
2614,2614,Credit Card,5525.73,Successful,2025-06-03
2615,2615,Credit Card,10556.24,Successful,2025-02-18
2616,2616,Net Banking,4303.03,Successful,2024-11-09
2617,2617,Wallet,119975.71,Successful,2024-06-08
2618,2618,COD,47606.86,Successful,2025-09-15
2619,2619,UPI,629.78,Successful,2024-08-20
2620,2620,Net Banking,140283.64,Successful,2024-03-06
2621,2621,COD,6456.96,Successful,2025-12-19
2622,2622,Debit Card,17627.92,Successful,2025-10-29
2623,2623,Debit Card,5604.15,Successful,2024-06-22
2624,2624,Credit Card,241122.31,Pending,2025-11-01
2625,2625,Credit Card,67204.28,Successful,2025-04-23
2626,2626,Wallet,95169.77,Successful,2025-12-12
2627,2627,Credit Card,119576.58,Successful,2025-10-21
2628,2628,Net Banking,1968.11,Refunded,2024-07-04
2629,2629,Credit Card,247400.47,Refunded,2024-06-05
2630,2630,Credit Card,92868.54,Successful,2025-02-12
2631,2631,Net Banking,5270.9,Successful,2024-04-09
2632,2632,Wallet,5975.42,Successful,2025-09-02
2633,2633,COD,16117.97,Successful,2024-10-09
2634,2634,UPI,8262.04,Successful,2024-11-03
2635,2635,Debit Card,45219.19,Successful,2024-10-02
2636,2636,Credit Card,4029.43,Successful,2025-08-27
2637,2637,Debit Card,92461.41,Successful,2025-09-28
2638,2638,COD,4113.22,Successful,2025-09-03
2639,2639,Wallet,3931.75,Refunded,2024-12-28
2640,2640,Debit Card,51059.26,Successful,2025-06-07
2641,2641,Credit Card,47133.09,Successful,2024-04-28
2642,2642,Wallet,33431.86,Successful,2025-10-08
2643,2643,UPI,10574.07,Successful,2025-07-02
2644,2644,COD,19647.88,Successful,2024-01-29
2645,2645,Net Banking,60886.14,Successful,2025-11-10
2646,2646,Wallet,1946.15,Successful,2024-06-24
2647,2647,COD,51190.88,Successful,2025-04-14
2648,2648,Wallet,14405.45,Successful,2024-03-04
2649,2649,Credit Card,71636.02,Successful,2024-09-15
2650,2650,Debit Card,55737.16,Successful,2025-07-08
2651,2651,Net Banking,87518.84,Successful,2024-12-04
2652,2652,Net Banking,23312.54,Successful,2025-09-28
2653,2653,Net Banking,23584.55,Successful,2024-04-21
2654,2654,COD,41459.92,Successful,2024-06-04
2655,2655,Net Banking,6412.39,Successful,2024-02-18
2656,2656,Debit Card,134142.24,Successful,2025-11-26
2657,2657,Wallet,17435.03,Successful,2024-12-31
2658,2658,Wallet,98315.49,Successful,2025-02-03
2659,2659,COD,55428.19,Successful,2025-03-27
2660,2660,Credit Card,1515.5,Successful,2025-03-19
2661,2661,Debit Card,133997.18,Successful,2024-01-23
2662,2662,Credit Card,125031.34,Pending,2025-10-22
2663,2663,COD,131522.32,Successful,2025-03-15
2664,2664,Wallet,15598.76,Successful,2024-10-30
2665,2665,Credit Card,9992.13,Successful,2024-02-14
2666,2666,UPI,17810.56,Successful,2025-07-28
2667,2667,Debit Card,2825.3,Successful,2024-11-07
2668,2668,Debit Card,63731.23,Successful,2024-05-02
2669,2669,Net Banking,4812.01,Successful,2025-05-04
2670,2670,UPI,149761.18,Successful,2024-07-07
2671,2671,COD,12613.3,Successful,2025-10-13
2672,2672,COD,7353.72,Successful,2025-05-26
2673,2673,Net Banking,132783.4,Successful,2024-12-01
2674,2674,UPI,105286.73,Successful,2024-04-10
2675,2675,Debit Card,14734.39,Successful,2025-05-15
2676,2676,COD,49623.96,Successful,2024-08-14
2677,2677,Debit Card,6775.61,Successful,2024-03-01
2678,2678,Wallet,43483.29,Successful,2024-04-03
2679,2679,Net Banking,6816.23,Successful,2024-08-30
2680,2680,Net Banking,67331.88,Successful,2025-05-22
2681,2681,Credit Card,26764.07,Successful,2024-09-09
2682,2682,Debit Card,42319.29,Successful,2025-07-21
2683,2683,Debit Card,72750.52,Successful,2025-11-28
2684,2684,Debit Card,59522.83,Successful,2025-02-20
2685,2685,Debit Card,30108.88,Successful,2024-03-29
2686,2686,COD,17345.37,Successful,2025-10-14
2687,2687,Credit Card,29830.71,Successful,2025-04-13
2688,2688,UPI,17057.72,Successful,2024-08-08
2689,2689,Net Banking,35078.2,Successful,2024-10-30
2690,2690,UPI,28715.99,Refunded,2024-11-03
2691,2691,Debit Card,77146.9,Successful,2025-09-10
2692,2692,UPI,187211.28,Successful,2024-02-02
2693,2693,Debit Card,3763.54,Refunded,2024-03-14
2694,2694,Debit Card,120430.01,Successful,2025-09-09
2695,2695,UPI,39343.85,Successful,2025-06-02
2696,2696,Debit Card,42582.6,Pending,2024-12-30
2697,2697,COD,7334.44,Pending,2024-10-21
2698,2698,Wallet,44288.0,Successful,2024-11-16
2699,2699,Net Banking,48191.77,Successful,2025-11-07
2700,2700,Wallet,57374.38,Successful,2025-06-10
2701,2701,UPI,18825.8,Refunded,2025-03-13
2702,2702,COD,54586.6,Successful,2025-05-23
2703,2703,Wallet,37209.39,Successful,2024-06-17
2704,2704,Net Banking,1981.31,Successful,2024-08-19
2705,2705,Net Banking,33228.79,Successful,2024-09-21
2706,2706,UPI,13387.0,Successful,2024-12-15
2707,2707,COD,175339.33,Successful,2025-12-10
2708,2708,Credit Card,270016.77,Successful,2025-05-08
2709,2709,Credit Card,54417.11,Refunded,2025-12-03
2710,2710,COD,7162.06,Successful,2025-09-03
2711,2711,COD,14711.32,Successful,2025-10-28
2712,2712,Credit Card,160630.05,Successful,2025-06-15
2713,2713,Net Banking,147080.81,Successful,2025-04-15
2714,2714,UPI,15128.07,Pending,2025-01-14
2715,2715,Net Banking,28590.03,Refunded,2024-12-25
2716,2716,UPI,4296.14,Successful,2025-09-01
2717,2717,Net Banking,13979.11,Refunded,2025-04-20
2718,2718,UPI,1811.09,Successful,2025-10-09
2719,2719,UPI,32790.59,Successful,2025-10-16
2720,2720,Debit Card,1820.54,Refunded,2024-12-04
2721,2721,Wallet,12585.95,Pending,2024-12-03
2722,2722,Credit Card,47720.56,Pending,2025-05-25
2723,2723,Wallet,8739.74,Successful,2024-04-17
2724,2724,COD,45814.64,Successful,2025-06-26
2725,2725,COD,79194.94,Successful,2024-03-24
2726,2726,Debit Card,39478.57,Successful,2025-07-06
2727,2727,Net Banking,108168.87,Refunded,2024-01-27
2728,2728,Credit Card,132622.7,Successful,2025-08-12
2729,2729,COD,46437.65,Successful,2025-08-16
2730,2730,Net Banking,12069.91,Successful,2025-03-10
2731,2731,Wallet,4814.25,Pending,2025-10-07
2732,2732,COD,7236.64,Refunded,2024-01-24
2733,2733,Net Banking,21539.34,Successful,2025-11-17
2734,2734,Net Banking,87043.17,Successful,2024-05-05
2735,2735,Debit Card,702.49,Successful,2024-09-14
2736,2736,Net Banking,95206.54,Successful,2024-11-11
2737,2737,Debit Card,135898.11,Successful,2025-03-15
2738,2738,Wallet,139387.34,Pending,2025-07-03
2739,2739,COD,6529.23,Successful,2024-12-03
2740,2740,UPI,3995.03,Successful,2024-07-31
2741,2741,Debit Card,13507.74,Successful,2025-06-28
2742,2742,Net Banking,175878.4,Successful,2025-03-27
2743,2743,UPI,21052.1,Successful,2025-02-15
2744,2744,UPI,172.86,Refunded,2024-03-04
2745,2745,UPI,16616.7,Successful,2025-03-19
2746,2746,COD,160788.4,Successful,2024-09-11
2747,2747,Debit Card,36447.45,Successful,2024-09-03
2748,2748,Net Banking,75217.88,Successful,2024-04-28
2749,2749,UPI,68102.74,Successful,2025-09-20
2750,2750,Credit Card,546.43,Successful,2025-04-27
2751,2751,Debit Card,1298.18,Successful,2025-09-01
2752,2752,COD,23377.15,Successful,2024-09-12
2753,2753,Credit Card,30941.22,Successful,2024-09-19
2754,2754,Debit Card,7432.56,Successful,2024-04-17
2755,2755,Wallet,170396.09,Successful,2025-10-11
2756,2756,Net Banking,14953.76,Successful,2024-11-03
2757,2757,Net Banking,104013.03,Successful,2024-05-10
2758,2758,Credit Card,21246.15,Successful,2025-05-17
2759,2759,Debit Card,27697.72,Successful,2024-08-04
2760,2760,COD,74993.45,Successful,2025-10-10
2761,2761,Debit Card,24968.84,Successful,2025-08-17
2762,2762,UPI,31899.47,Successful,2025-08-13
2763,2763,Credit Card,49223.99,Refunded,2025-12-13
2764,2764,UPI,28677.76,Successful,2025-12-09
2765,2765,Credit Card,16452.16,Successful,2024-10-14
2766,2766,UPI,103417.69,Refunded,2024-11-24
2767,2767,Debit Card,211.94,Successful,2024-12-03
2768,2768,UPI,90962.57,Successful,2025-04-12
2769,2769,Wallet,38533.74,Successful,2025-07-21
2770,2770,Net Banking,60377.26,Pending,2024-10-04
2771,2771,UPI,63316.02,Successful,2024-08-02
2772,2772,Net Banking,15008.86,Successful,2024-08-01
2773,2773,Wallet,74079.37,Successful,2025-06-11
2774,2774,UPI,37414.04,Successful,2025-05-04
2775,2775,COD,54715.61,Successful,2025-09-13
2776,2776,UPI,17916.63,Successful,2025-10-16
2777,2777,Credit Card,2895.46,Successful,2024-05-17
2778,2778,Debit Card,13468.07,Successful,2025-11-02
2779,2779,UPI,11437.31,Refunded,2024-02-07
2780,2780,Debit Card,28008.7,Refunded,2024-10-04
2781,2781,COD,194268.54,Refunded,2025-05-22
2782,2782,Wallet,90292.65,Successful,2024-06-12
2783,2783,Debit Card,42475.7,Successful,2024-03-18
2784,2784,UPI,147415.2,Successful,2025-10-11
2785,2785,Wallet,72140.37,Successful,2025-04-24
2786,2786,COD,87450.24,Successful,2025-02-05
2787,2787,COD,64648.11,Successful,2024-06-30
2788,2788,Wallet,2614.04,Successful,2024-07-08
2789,2789,Wallet,147395.0,Successful,2025-11-23
2790,2790,Debit Card,24766.32,Successful,2025-09-30
2791,2791,Credit Card,57546.52,Refunded,2024-04-13
2792,2792,Net Banking,14013.43,Successful,2025-07-15
2793,2793,Wallet,9645.54,Pending,2024-06-07
2794,2794,Net Banking,13107.35,Successful,2024-09-01
2795,2795,UPI,46166.18,Successful,2025-01-05
2796,2796,COD,3421.3,Successful,2025-04-24
2797,2797,UPI,370341.08,Successful,2024-09-06
2798,2798,Credit Card,97685.96,Successful,2025-04-17
2799,2799,Credit Card,7088.53,Successful,2024-02-06
2800,2800,UPI,48005.51,Pending,2025-07-07
2801,2801,Net Banking,68163.0,Successful,2024-03-18
2802,2802,Wallet,13744.28,Successful,2024-09-17
2803,2803,Credit Card,35809.19,Successful,2024-04-26
2804,2804,Net Banking,11655.42,Successful,2024-03-12
2805,2805,Net Banking,34308.61,Successful,2025-02-20
2806,2806,Credit Card,101817.13,Successful,2024-10-28
2807,2807,Debit Card,175968.45,Successful,2024-04-08
2808,2808,Credit Card,4759.39,Successful,2025-08-26
2809,2809,COD,182109.57,Refunded,2025-11-13
2810,2810,UPI,90039.45,Pending,2025-04-03
2811,2811,COD,7674.51,Successful,2024-01-27
2812,2812,COD,547.28,Successful,2024-11-20
2813,2813,Debit Card,11169.43,Successful,2025-04-21
2814,2814,Credit Card,94618.92,Successful,2025-11-26
2815,2815,UPI,166170.56,Successful,2025-07-07
2816,2816,Debit Card,20302.05,Successful,2025-08-14
2817,2817,COD,50122.77,Successful,2024-04-06
2818,2818,Net Banking,107521.4,Successful,2025-12-21
2819,2819,Debit Card,35704.22,Successful,2024-09-19
2820,2820,Wallet,8181.74,Successful,2025-11-24
2821,2821,Wallet,37690.7,Successful,2024-01-13
2822,2822,Wallet,33879.21,Refunded,2025-06-10
2823,2823,Net Banking,47026.93,Successful,2024-04-03
2824,2824,UPI,28435.17,Successful,2025-09-29
2825,2825,Wallet,576.96,Successful,2024-02-21
2826,2826,Credit Card,99455.35,Successful,2024-07-28
2827,2827,Net Banking,20503.92,Successful,2024-12-01
2828,2828,Wallet,19137.24,Successful,2024-10-03
2829,2829,UPI,58605.56,Successful,2025-08-10
2830,2830,Net Banking,252490.48,Refunded,2024-06-01
2831,2831,Debit Card,3983.77,Refunded,2024-07-24
2832,2832,Debit Card,59126.33,Successful,2024-01-15
2833,2833,Wallet,63975.84,Successful,2024-08-14
2834,2834,Net Banking,2389.98,Pending,2024-09-11
2835,2835,UPI,6873.97,Successful,2024-09-02
2836,2836,Credit Card,81171.83,Pending,2025-08-11
2837,2837,Net Banking,153936.09,Successful,2024-05-03
2838,2838,Net Banking,203293.64,Successful,2024-04-06
2839,2839,COD,3158.76,Refunded,2024-05-25
2840,2840,Wallet,34539.49,Successful,2025-08-20
2841,2841,COD,2233.28,Successful,2025-09-26
2842,2842,Net Banking,65463.54,Successful,2024-11-06
2843,2843,Wallet,12074.53,Successful,2025-07-15
2844,2844,COD,85739.47,Successful,2024-01-26
2845,2845,Credit Card,137125.97,Successful,2024-08-13
2846,2846,UPI,300486.92,Successful,2024-09-10
2847,2847,Net Banking,30734.95,Successful,2024-03-31
2848,2848,Debit Card,45170.06,Successful,2025-12-13
2849,2849,COD,9494.88,Successful,2024-11-12
2850,2850,Net Banking,16188.42,Successful,2025-11-11
2851,2851,COD,57559.78,Successful,2024-10-11
2852,2852,Net Banking,18640.05,Successful,2025-08-13
2853,2853,Debit Card,115837.59,Successful,2024-10-09
2854,2854,Wallet,56226.89,Successful,2024-04-07
2855,2855,UPI,5745.71,Pending,2024-01-18
2856,2856,Debit Card,28254.2,Successful,2025-12-09
2857,2857,Credit Card,72718.14,Successful,2025-09-04
2858,2858,Wallet,50495.85,Successful,2025-02-07
2859,2859,Net Banking,55308.06,Successful,2025-05-23
2860,2860,Debit Card,253831.63,Successful,2025-01-02
2861,2861,UPI,4035.99,Successful,2024-08-17
2862,2862,Net Banking,10704.78,Successful,2024-06-13
2863,2863,Debit Card,30858.4,Successful,2025-12-21
2864,2864,COD,22794.43,Successful,2024-03-15
2865,2865,Net Banking,12358.02,Successful,2024-10-23
2866,2866,UPI,34078.67,Successful,2025-04-21
2867,2867,Net Banking,244245.07,Successful,2024-01-27
2868,2868,Credit Card,1699.25,Successful,2025-04-14
2869,2869,Debit Card,211026.42,Successful,2024-06-28
2870,2870,Wallet,10969.92,Successful,2025-10-04
2871,2871,UPI,7442.92,Successful,2024-09-28
2872,2872,Credit Card,29551.47,Successful,2025-03-18
2873,2873,Net Banking,90872.48,Successful,2024-09-24
2874,2874,Credit Card,50868.35,Successful,2025-11-04
2875,2875,UPI,8875.56,Successful,2025-10-13
2876,2876,UPI,29604.09,Successful,2024-12-09
2877,2877,UPI,12764.79,Successful,2025-10-03
2878,2878,Net Banking,51826.15,Successful,2024-09-24
2879,2879,Debit Card,141358.08,Successful,2025-02-25
2880,2880,COD,29909.27,Successful,2025-11-27
2881,2881,Credit Card,38426.49,Successful,2025-04-11
2882,2882,Debit Card,74437.31,Successful,2025-02-03
2883,2883,Wallet,6525.69,Successful,2024-05-15
2884,2884,UPI,4536.7,Successful,2025-03-29
2885,2885,Debit Card,8002.96,Pending,2024-10-06
2886,2886,UPI,18906.11,Successful,2025-11-10
2887,2887,Wallet,4091.15,Successful,2024-02-09
2888,2888,Debit Card,1351.98,Successful,2025-08-04
2889,2889,Wallet,100603.35,Successful,2024-11-19
2890,2890,COD,22547.48,Successful,2025-03-06
2891,2891,Credit Card,48565.88,Successful,2024-06-03
2892,2892,COD,11070.14,Successful,2024-12-31
2893,2893,UPI,39682.27,Successful,2025-02-15
2894,2894,Credit Card,31981.54,Pending,2024-04-02
2895,2895,Net Banking,23598.56,Successful,2024-07-19
2896,2896,Credit Card,55792.48,Successful,2024-01-05
2897,2897,UPI,79786.02,Successful,2025-11-25
2898,2898,Net Banking,115720.09,Refunded,2024-07-03
2899,2899,Credit Card,212632.64,Successful,2025-03-05
2900,2900,COD,10951.02,Successful,2024-01-21
2901,2901,Wallet,54904.52,Successful,2024-07-08
2902,2902,UPI,92428.75,Successful,2024-10-15
2903,2903,UPI,33515.44,Refunded,2024-05-03
2904,2904,Wallet,12192.49,Successful,2025-06-24
2905,2905,Debit Card,142616.61,Refunded,2026-01-02
2906,2906,Debit Card,8685.44,Successful,2024-07-29
2907,2907,Debit Card,107260.62,Pending,2025-07-18
2908,2908,COD,140692.91,Successful,2024-03-23
2909,2909,UPI,88976.64,Successful,2024-11-01
2910,2910,Wallet,26487.76,Successful,2025-12-07
2911,2911,COD,215000.1,Successful,2025-10-29
2912,2912,Debit Card,36600.25,Refunded,2025-10-07
2913,2913,Wallet,14748.96,Refunded,2025-01-01
2914,2914,Debit Card,78736.75,Successful,2025-06-06
2915,2915,Net Banking,65942.23,Pending,2025-04-24
2916,2916,Credit Card,171328.4,Successful,2025-10-07
2917,2917,COD,260601.91,Successful,2024-12-13
2918,2918,UPI,6029.16,Successful,2024-06-20
2919,2919,Net Banking,22848.46,Successful,2024-01-06
2920,2920,Debit Card,15931.8,Successful,2024-08-21
2921,2921,UPI,16497.23,Successful,2025-12-10
2922,2922,Wallet,11548.39,Successful,2024-05-12
2923,2923,Debit Card,45467.26,Successful,2025-10-10
2924,2924,Net Banking,27517.81,Successful,2025-07-04
2925,2925,Net Banking,6448.78,Successful,2025-03-05
2926,2926,Debit Card,48070.41,Successful,2024-10-23
2927,2927,Debit Card,25234.0,Successful,2024-12-29
2928,2928,Wallet,31803.8,Successful,2024-09-22
2929,2929,Net Banking,33513.12,Successful,2024-08-07
2930,2930,Credit Card,27777.17,Successful,2025-02-07
2931,2931,Net Banking,19005.79,Successful,2025-01-26
2932,2932,Wallet,79709.94,Successful,2024-01-21
2933,2933,Net Banking,1646.85,Successful,2025-03-26
2934,2934,UPI,25414.45,Refunded,2025-01-10
2935,2935,Net Banking,6205.95,Successful,2024-04-28
2936,2936,Credit Card,98388.66,Successful,2024-01-08
2937,2937,COD,38556.45,Successful,2025-10-28
2938,2938,Wallet,90919.33,Refunded,2024-08-04
2939,2939,Debit Card,104216.03,Successful,2024-08-18
2940,2940,UPI,616.16,Successful,2024-03-08
2941,2941,UPI,17195.25,Successful,2025-03-14
2942,2942,Credit Card,73924.51,Successful,2024-08-24
2943,2943,Net Banking,169843.37,Refunded,2025-05-02
2944,2944,Debit Card,153169.9,Successful,2025-12-19
2945,2945,Debit Card,19464.66,Successful,2025-09-22
2946,2946,Wallet,24060.35,Successful,2024-01-06
2947,2947,Net Banking,68527.62,Successful,2025-05-25
2948,2948,COD,32498.92,Pending,2025-08-23
2949,2949,Debit Card,1890.84,Successful,2025-07-19
2950,2950,UPI,46169.76,Successful,2024-05-20
2951,2951,Wallet,550.94,Pending,2024-12-04
2952,2952,UPI,52827.66,Successful,2025-07-31
2953,2953,COD,15091.78,Successful,2025-01-22
2954,2954,Debit Card,9205.62,Successful,2025-09-06
2955,2955,COD,4441.34,Pending,2024-10-29
2956,2956,Net Banking,59920.0,Successful,2024-10-14
2957,2957,Net Banking,161690.24,Successful,2024-03-10
2958,2958,Wallet,7719.85,Successful,2025-05-28
2959,2959,UPI,4081.58,Successful,2025-10-30
2960,2960,COD,103911.19,Successful,2024-03-04
2961,2961,Debit Card,40636.69,Successful,2025-06-26
2962,2962,Debit Card,23763.43,Successful,2024-03-18
2963,2963,Credit Card,18194.04,Successful,2025-11-18
2964,2964,UPI,7131.23,Pending,2024-09-25
2965,2965,Debit Card,8556.13,Successful,2025-04-08
2966,2966,Wallet,16768.53,Successful,2025-04-07
2967,2967,UPI,4179.63,Refunded,2025-01-22
2968,2968,Wallet,9605.62,Successful,2025-12-27
2969,2969,Net Banking,42774.31,Successful,2025-02-14
2970,2970,Debit Card,89768.38,Successful,2024-08-11
2971,2971,Net Banking,118113.38,Successful,2025-09-14
2972,2972,UPI,78654.64,Successful,2025-06-16
2973,2973,Wallet,36669.24,Successful,2024-08-28
2974,2974,UPI,15895.79,Successful,2024-08-31
2975,2975,Wallet,22622.54,Pending,2025-09-13
2976,2976,Debit Card,4976.5,Successful,2024-03-29
2977,2977,UPI,264223.35,Pending,2024-09-22
2978,2978,Credit Card,92743.98,Successful,2024-11-28
2979,2979,Net Banking,90051.08,Successful,2025-04-19
2980,2980,Wallet,46002.63,Successful,2024-03-19
2981,2981,COD,83820.69,Successful,2024-09-25
2982,2982,Net Banking,1303.96,Successful,2024-05-13
2983,2983,Wallet,13311.52,Successful,2024-06-28
2984,2984,UPI,7191.88,Successful,2024-03-17
2985,2985,Credit Card,73224.91,Successful,2025-09-14
2986,2986,UPI,4965.6,Successful,2024-10-29
2987,2987,Debit Card,25559.44,Successful,2025-07-19
2988,2988,Credit Card,75556.5,Successful,2024-04-18
2989,2989,Net Banking,3151.45,Successful,2024-07-04
2990,2990,UPI,30611.67,Pending,2025-08-05
2991,2991,Wallet,52302.96,Successful,2024-09-29
2992,2992,COD,19130.88,Successful,2024-03-04
2993,2993,COD,97882.83,Successful,2024-01-20
2994,2994,UPI,89030.26,Successful,2025-04-03
2995,2995,Debit Card,3250.54,Successful,2024-02-03
2996,2996,Debit Card,61629.08,Successful,2025-04-17
2997,2997,Credit Card,281245.75,Successful,2024-04-28
2998,2998,COD,55381.57,Successful,2025-04-01
2999,2999,COD,38218.94,Successful,2024-08-17
3000,3000,UPI,9794.54,Successful,2024-12-01
3001,3001,Debit Card,64193.59,Pending,2025-09-20
3002,3002,COD,138815.78,Refunded,2024-08-14
3003,3003,Debit Card,97103.3,Successful,2025-05-23
3004,3004,Net Banking,176911.15,Successful,2025-01-31
3005,3005,COD,45954.54,Pending,2025-08-01
3006,3006,UPI,1519.35,Successful,2025-03-07
3007,3007,COD,14120.89,Successful,2024-06-22
3008,3008,Credit Card,87373.12,Successful,2025-05-15
3009,3009,COD,123177.1,Refunded,2025-04-10
3010,3010,COD,31970.37,Successful,2024-01-03
3011,3011,Credit Card,94649.72,Successful,2024-01-25
3012,3012,Net Banking,174541.8,Successful,2024-04-15
3013,3013,Net Banking,3496.7,Pending,2024-07-10
3014,3014,Wallet,4883.24,Successful,2024-09-01
3015,3015,Debit Card,160612.89,Successful,2024-02-05
3016,3016,Credit Card,149183.31,Successful,2024-07-17
3017,3017,COD,28269.38,Successful,2025-01-03
3018,3018,Credit Card,13265.3,Successful,2024-12-08
3019,3019,Credit Card,29983.78,Successful,2024-08-22
3020,3020,Net Banking,27130.3,Successful,2024-02-06
3021,3021,UPI,74762.53,Successful,2025-07-27
3022,3022,Wallet,47790.0,Successful,2024-09-10
3023,3023,UPI,2612.42,Successful,2024-06-17
3024,3024,UPI,10230.93,Successful,2024-12-21
3025,3025,Wallet,13359.06,Successful,2024-05-08
3026,3026,Wallet,89987.04,Successful,2024-06-15
3027,3027,UPI,18352.26,Successful,2025-09-04
3028,3028,Net Banking,145175.44,Successful,2024-02-29
3029,3029,Credit Card,748.49,Successful,2024-03-21
3030,3030,Net Banking,115973.58,Successful,2024-03-11
3031,3031,Net Banking,23332.79,Successful,2024-10-04
3032,3032,Net Banking,57619.41,Successful,2025-09-30
3033,3033,COD,1208.24,Successful,2025-04-02
3034,3034,Net Banking,16140.88,Successful,2025-02-14
3035,3035,UPI,54348.41,Successful,2024-11-24
3036,3036,Wallet,12276.18,Successful,2025-01-28
3037,3037,Debit Card,258717.27,Successful,2025-03-11
3038,3038,UPI,50999.48,Successful,2025-09-02
3039,3039,Credit Card,40245.89,Successful,2024-11-21
3040,3040,Wallet,82626.43,Successful,2024-04-20
3041,3041,Net Banking,52219.9,Successful,2024-01-12
3042,3042,Credit Card,8494.94,Successful,2024-04-12
3043,3043,Net Banking,3713.06,Successful,2024-02-23
3044,3044,UPI,82278.59,Successful,2025-10-15
3045,3045,Debit Card,2392.43,Refunded,2025-12-13
3046,3046,Wallet,32614.13,Successful,2025-07-13
3047,3047,Debit Card,28624.14,Successful,2025-12-20
3048,3048,COD,11151.01,Successful,2024-01-08
3049,3049,Debit Card,148278.75,Successful,2025-05-22
3050,3050,Debit Card,19631.1,Refunded,2024-08-29
3051,3051,Net Banking,23021.31,Successful,2024-12-30
3052,3052,Credit Card,76827.25,Successful,2025-07-12
3053,3053,COD,143121.25,Successful,2024-12-09
3054,3054,Debit Card,6909.98,Pending,2024-07-15
3055,3055,Debit Card,70977.67,Successful,2025-12-17
3056,3056,Wallet,118021.23,Refunded,2024-01-19
3057,3057,Net Banking,25586.86,Pending,2025-08-21
3058,3058,Credit Card,144434.91,Successful,2025-10-14
3059,3059,Debit Card,3110.32,Successful,2025-02-08
3060,3060,Wallet,34940.81,Refunded,2024-01-09
3061,3061,Wallet,7404.17,Successful,2025-11-12
3062,3062,Debit Card,14197.02,Successful,2025-04-02
3063,3063,Debit Card,120372.12,Successful,2024-07-06
3064,3064,Credit Card,29295.75,Successful,2024-06-16
3065,3065,UPI,5625.37,Successful,2024-06-28
3066,3066,Wallet,151698.47,Successful,2025-02-08
3067,3067,Net Banking,287454.42,Successful,2025-02-12
3068,3068,COD,1785.13,Successful,2024-02-24
3069,3069,Credit Card,87703.38,Successful,2025-05-06
3070,3070,Net Banking,243818.41,Successful,2025-09-24
3071,3071,Debit Card,38261.93,Successful,2024-09-09
3072,3072,Wallet,16829.69,Successful,2024-06-16
3073,3073,COD,73975.65,Successful,2024-08-17
3074,3074,Credit Card,7384.5,Successful,2024-01-22
3075,3075,Net Banking,4162.44,Successful,2024-11-26
3076,3076,Wallet,30670.51,Successful,2025-03-06
3077,3077,UPI,13222.8,Successful,2024-05-12
3078,3078,Wallet,3950.55,Successful,2024-12-30
3079,3079,Wallet,56208.53,Successful,2024-07-24
3080,3080,Net Banking,115709.2,Successful,2024-06-02
3081,3081,Wallet,12772.61,Pending,2024-07-23
3082,3082,Debit Card,1347.48,Successful,2025-09-27
3083,3083,COD,33975.33,Successful,2024-05-20
3084,3084,Credit Card,7655.3,Successful,2024-10-23
3085,3085,Wallet,50773.65,Successful,2025-04-29
3086,3086,Net Banking,4999.08,Successful,2025-03-09
3087,3087,Wallet,76910.03,Successful,2024-09-16
3088,3088,Wallet,28453.6,Successful,2024-10-13
3089,3089,UPI,27656.81,Successful,2024-04-13
3090,3090,COD,83348.35,Successful,2025-05-24
3091,3091,UPI,4487.04,Successful,2024-07-07
3092,3092,Credit Card,35079.71,Successful,2024-11-11
3093,3093,COD,3728.25,Successful,2024-08-14
3094,3094,Net Banking,1345.85,Pending,2025-05-29
3095,3095,Credit Card,76493.85,Successful,2024-01-14
3096,3096,Credit Card,562.55,Successful,2024-08-20
3097,3097,COD,142231.86,Refunded,2024-10-14
3098,3098,Net Banking,104550.99,Successful,2025-12-24
3099,3099,COD,3946.6,Successful,2025-09-04
3100,3100,Credit Card,18963.07,Successful,2024-11-16
3101,3101,Debit Card,8663.38,Successful,2024-10-13
3102,3102,COD,81603.15,Successful,2024-02-03
3103,3103,COD,56501.3,Successful,2025-11-21
3104,3104,UPI,20191.39,Refunded,2025-02-27
3105,3105,COD,55677.68,Successful,2025-06-22
3106,3106,Credit Card,120768.18,Successful,2025-01-19
3107,3107,Credit Card,56088.86,Successful,2024-12-27
3108,3108,Credit Card,53431.99,Successful,2024-05-14
3109,3109,Wallet,51171.94,Successful,2024-03-09
3110,3110,Debit Card,144540.9,Pending,2025-01-19
3111,3111,Wallet,3882.46,Successful,2024-03-03
3112,3112,Credit Card,15106.7,Successful,2024-04-24
3113,3113,COD,30698.01,Successful,2025-04-11
3114,3114,Wallet,60094.64,Successful,2024-08-29
3115,3115,COD,17068.24,Successful,2024-02-07
3116,3116,Debit Card,18891.29,Successful,2025-08-31
3117,3117,Credit Card,1834.81,Successful,2025-03-29
3118,3118,COD,135778.04,Successful,2024-05-05
3119,3119,Debit Card,217285.48,Successful,2025-02-27
3120,3120,Credit Card,1709.19,Successful,2024-03-27
3121,3121,Credit Card,22566.55,Successful,2025-03-20
3122,3122,UPI,105838.1,Successful,2024-02-20
3123,3123,UPI,15848.99,Pending,2025-11-30
3124,3124,Wallet,6636.84,Refunded,2025-05-30
3125,3125,COD,3521.98,Successful,2025-10-17
3126,3126,Debit Card,38406.66,Successful,2025-08-08
3127,3127,COD,3390.51,Successful,2025-10-27
3128,3128,UPI,61556.4,Successful,2025-07-13
3129,3129,Credit Card,10896.67,Successful,2025-02-04
3130,3130,COD,5081.79,Successful,2024-06-18
3131,3131,UPI,41773.28,Successful,2024-07-16
3132,3132,Net Banking,81235.14,Successful,2025-06-06
3133,3133,COD,20490.67,Successful,2025-07-05
3134,3134,COD,34052.64,Successful,2025-12-22
3135,3135,COD,85850.5,Successful,2025-04-20
3136,3136,Wallet,48380.15,Pending,2025-03-11
3137,3137,Credit Card,11062.35,Successful,2025-08-26
3138,3138,COD,73084.13,Refunded,2025-07-04
3139,3139,COD,13188.41,Pending,2025-11-24
3140,3140,Wallet,12067.28,Refunded,2025-09-08
3141,3141,Wallet,32665.93,Successful,2025-09-20
3142,3142,Net Banking,3175.61,Successful,2024-07-02
3143,3143,Credit Card,32911.48,Successful,2024-01-05
3144,3144,Debit Card,25375.19,Successful,2024-08-25
3145,3145,COD,5462.82,Pending,2024-09-10
3146,3146,COD,8930.73,Pending,2025-11-26
3147,3147,Credit Card,6911.4,Successful,2025-03-03
3148,3148,UPI,31667.93,Successful,2025-10-21
3149,3149,Net Banking,117866.97,Successful,2025-10-25
3150,3150,Debit Card,197696.5,Successful,2024-04-17
3151,3151,Net Banking,88111.45,Successful,2025-11-07
3152,3152,COD,137319.29,Successful,2024-07-25
3153,3153,Net Banking,18322.6,Successful,2025-09-07
3154,3154,Net Banking,7211.67,Successful,2024-02-22
3155,3155,Net Banking,60568.57,Successful,2025-10-20
3156,3156,Wallet,27367.18,Successful,2024-06-03
3157,3157,Debit Card,75284.57,Successful,2025-10-28
3158,3158,Debit Card,2739.58,Refunded,2024-12-01
3159,3159,Wallet,11673.49,Successful,2024-05-30
3160,3160,COD,75193.64,Successful,2025-08-04
3161,3161,UPI,10902.56,Successful,2024-03-20
3162,3162,Wallet,129272.51,Refunded,2024-04-28
3163,3163,COD,107187.9,Successful,2025-04-29
3164,3164,Credit Card,3321.55,Successful,2024-05-17
3165,3165,Net Banking,21318.89,Refunded,2025-10-13
3166,3166,Wallet,28982.9,Successful,2025-11-21
3167,3167,COD,102382.49,Successful,2025-09-03
3168,3168,Net Banking,40970.53,Refunded,2025-06-18
3169,3169,Debit Card,85635.13,Refunded,2024-01-14
3170,3170,Wallet,40964.64,Successful,2024-05-28
3171,3171,Credit Card,5178.89,Successful,2025-09-04
3172,3172,Wallet,39857.56,Successful,2024-08-16
3173,3173,UPI,77994.33,Successful,2024-09-29
3174,3174,COD,37952.78,Successful,2024-03-04
3175,3175,Wallet,17818.72,Successful,2024-05-18
3176,3176,Wallet,12113.45,Successful,2025-12-09
3177,3177,Net Banking,22391.85,Successful,2025-03-11
3178,3178,Net Banking,98340.22,Pending,2025-01-12
3179,3179,Net Banking,60129.88,Pending,2025-02-13
3180,3180,Wallet,38483.55,Successful,2025-07-16
3181,3181,Wallet,29004.73,Successful,2025-05-27
3182,3182,Credit Card,49311.12,Successful,2025-02-26
3183,3183,COD,41682.34,Successful,2024-02-12
3184,3184,Debit Card,1544.97,Successful,2025-06-25
3185,3185,UPI,18786.07,Successful,2024-11-14
3186,3186,COD,58946.2,Successful,2025-11-13
3187,3187,COD,59437.24,Successful,2024-07-12
3188,3188,Debit Card,15392.51,Successful,2025-08-02
3189,3189,COD,34248.84,Successful,2025-04-09
3190,3190,Debit Card,36268.65,Successful,2024-12-20
3191,3191,Wallet,66310.53,Pending,2025-11-04
3192,3192,Wallet,40061.11,Successful,2025-07-18
3193,3193,COD,5018.42,Successful,2025-02-15
3194,3194,UPI,60014.63,Successful,2024-07-13
3195,3195,Credit Card,8262.77,Successful,2024-09-19
3196,3196,Net Banking,46066.28,Successful,2024-09-17
3197,3197,Credit Card,220050.4,Refunded,2025-06-24
3198,3198,COD,6083.48,Successful,2025-02-19
3199,3199,COD,233263.65,Successful,2024-02-20
3200,3200,Wallet,8021.58,Successful,2024-05-31
3201,3201,Net Banking,210.19,Refunded,2024-11-08
3202,3202,Net Banking,92797.22,Refunded,2024-10-20
3203,3203,Debit Card,30773.61,Successful,2024-01-21
3204,3204,COD,57555.87,Successful,2025-10-13
3205,3205,COD,43637.3,Successful,2025-07-08
3206,3206,UPI,26948.99,Refunded,2024-06-15
3207,3207,UPI,26206.0,Successful,2024-01-12
3208,3208,COD,68424.95,Successful,2024-07-08
3209,3209,COD,85238.08,Successful,2025-03-13
3210,3210,Debit Card,42268.21,Successful,2025-07-27
3211,3211,Wallet,9104.44,Successful,2025-07-15
3212,3212,Wallet,84411.04,Successful,2025-01-13
3213,3213,Wallet,42145.24,Successful,2025-11-05
3214,3214,COD,2257.02,Successful,2025-02-23
3215,3215,UPI,19337.57,Refunded,2024-06-05
3216,3216,UPI,103702.95,Successful,2024-10-27
3217,3217,Debit Card,8008.96,Successful,2024-11-11
3218,3218,Net Banking,259228.54,Successful,2024-03-15
3219,3219,Debit Card,40286.54,Successful,2025-02-19
3220,3220,Credit Card,35570.54,Successful,2025-10-22
3221,3221,Net Banking,15092.37,Successful,2024-08-19
3222,3222,Wallet,29209.8,Successful,2024-02-17
3223,3223,Net Banking,111727.6,Successful,2025-08-21
3224,3224,Net Banking,5429.87,Successful,2024-07-19
3225,3225,Debit Card,255647.22,Successful,2024-10-28
3226,3226,Credit Card,1905.09,Successful,2025-07-18
3227,3227,Net Banking,38723.79,Successful,2025-07-03
3228,3228,Debit Card,125089.99,Refunded,2024-01-09
3229,3229,Debit Card,10770.83,Successful,2025-09-15
3230,3230,Net Banking,110754.68,Successful,2025-12-06
3231,3231,Net Banking,7927.87,Successful,2024-09-04
3232,3232,Wallet,20574.86,Successful,2024-03-24
3233,3233,Credit Card,3801.73,Pending,2025-09-11
3234,3234,Wallet,34686.63,Successful,2024-12-19
3235,3235,Credit Card,49923.42,Successful,2024-04-10
3236,3236,UPI,3113.87,Successful,2025-09-27
3237,3237,UPI,76392.8,Successful,2025-02-14
3238,3238,Debit Card,34198.65,Successful,2024-10-18
3239,3239,COD,13102.97,Successful,2024-11-17
3240,3240,Debit Card,108342.86,Successful,2024-09-13
3241,3241,UPI,172404.0,Successful,2025-07-09
3242,3242,Credit Card,18792.48,Pending,2024-06-14
3243,3243,Wallet,173446.26,Successful,2025-01-15
3244,3244,Debit Card,13049.98,Successful,2024-10-12
3245,3245,Wallet,5038.56,Successful,2025-07-03
3246,3246,Wallet,27014.73,Successful,2025-12-18
3247,3247,UPI,63609.63,Successful,2025-12-30
3248,3248,Debit Card,49235.06,Successful,2025-03-05
3249,3249,Debit Card,40859.83,Successful,2024-11-04
3250,3250,Credit Card,18146.75,Pending,2024-02-24
3251,3251,COD,29133.82,Successful,2025-09-11
3252,3252,UPI,6813.14,Refunded,2025-11-28
3253,3253,UPI,149093.22,Successful,2025-12-13
3254,3254,Credit Card,240069.2,Refunded,2024-07-23
3255,3255,COD,62937.75,Successful,2024-04-08
3256,3256,Wallet,18184.13,Successful,2024-12-20
3257,3257,Debit Card,24861.89,Successful,2024-04-27
3258,3258,Wallet,17778.76,Successful,2025-12-02
3259,3259,Credit Card,22858.74,Successful,2025-09-10
3260,3260,Net Banking,64056.6,Successful,2024-10-06
3261,3261,Debit Card,589.92,Successful,2024-03-01
3262,3262,Wallet,29252.95,Successful,2025-10-20
3263,3263,COD,20217.43,Refunded,2025-02-06
3264,3264,Net Banking,203565.21,Successful,2025-08-14
3265,3265,Debit Card,1917.52,Successful,2024-05-18
3266,3266,Debit Card,35361.69,Successful,2025-08-15
3267,3267,Net Banking,13456.86,Refunded,2024-05-22
3268,3268,Credit Card,19652.54,Successful,2024-05-13
3269,3269,UPI,149960.52,Successful,2025-02-02
3270,3270,UPI,43465.0,Successful,2025-02-08
3271,3271,COD,3195.6,Successful,2024-01-10
3272,3272,COD,34279.82,Successful,2024-04-02
3273,3273,UPI,19635.42,Successful,2025-07-14
3274,3274,Net Banking,116119.47,Successful,2025-09-01
3275,3275,Net Banking,11753.6,Successful,2025-10-16
3276,3276,Credit Card,15460.55,Successful,2024-12-13
3277,3277,Credit Card,123689.17,Successful,2025-01-16
3278,3278,Net Banking,87782.68,Successful,2024-04-25
3279,3279,Credit Card,30845.02,Successful,2025-07-01
3280,3280,UPI,27457.79,Successful,2025-05-20
3281,3281,Credit Card,58543.43,Successful,2025-10-10
3282,3282,COD,25480.67,Successful,2025-07-24
3283,3283,COD,29399.26,Successful,2024-08-18
3284,3284,UPI,6151.3,Refunded,2024-05-06
3285,3285,Wallet,4302.42,Successful,2025-06-26
3286,3286,Credit Card,11287.84,Successful,2025-02-13
3287,3287,Debit Card,28252.21,Successful,2025-12-05
3288,3288,COD,22495.8,Refunded,2024-11-18
3289,3289,Wallet,149362.1,Successful,2025-02-25
3290,3290,Net Banking,68720.04,Successful,2025-03-10
3291,3291,COD,29337.45,Refunded,2024-06-07
3292,3292,Debit Card,21361.49,Pending,2024-12-29
3293,3293,Credit Card,971.79,Successful,2024-03-16
3294,3294,Debit Card,8902.35,Successful,2024-08-24
3295,3295,Debit Card,36641.26,Successful,2024-04-09
3296,3296,COD,10412.15,Successful,2024-03-06
3297,3297,Wallet,43882.92,Successful,2024-09-11
3298,3298,Wallet,72560.55,Successful,2025-12-28
3299,3299,COD,50964.39,Refunded,2024-04-09
3300,3300,Debit Card,50177.06,Successful,2025-04-23
3301,3301,Debit Card,526.92,Refunded,2024-03-23
3302,3302,Net Banking,34900.46,Successful,2025-03-24
3303,3303,Net Banking,6563.99,Successful,2024-08-10
3304,3304,Net Banking,50538.55,Successful,2024-07-20
3305,3305,Net Banking,10485.49,Successful,2025-11-19
3306,3306,UPI,31810.7,Successful,2025-12-07
3307,3307,UPI,7261.0,Successful,2025-05-04
3308,3308,COD,6078.28,Pending,2024-01-08
3309,3309,UPI,23383.67,Successful,2025-09-10
3310,3310,Net Banking,9198.08,Refunded,2024-05-29
3311,3311,UPI,57425.51,Successful,2025-11-29
3312,3312,Wallet,22688.54,Successful,2024-09-25
3313,3313,Wallet,34742.63,Pending,2024-06-17
3314,3314,COD,17905.02,Successful,2025-09-25
3315,3315,Debit Card,225764.48,Successful,2025-05-01
3316,3316,COD,39159.9,Successful,2025-07-03
3317,3317,UPI,10587.6,Successful,2025-12-04
3318,3318,UPI,39877.66,Successful,2024-03-08
3319,3319,Wallet,94399.25,Successful,2025-06-13
3320,3320,COD,10100.34,Successful,2025-11-07
3321,3321,Net Banking,11337.15,Pending,2024-01-13
3322,3322,Debit Card,35682.39,Successful,2024-03-28
3323,3323,COD,159421.52,Successful,2025-02-04
3324,3324,Credit Card,2318.59,Successful,2025-09-17
3325,3325,UPI,7687.72,Successful,2024-02-03
3326,3326,Wallet,123814.26,Successful,2024-08-09
3327,3327,Debit Card,34411.97,Successful,2024-06-06
3328,3328,Debit Card,35440.61,Successful,2024-07-30
3329,3329,Debit Card,63821.33,Successful,2024-02-06
3330,3330,Net Banking,92890.47,Successful,2024-01-29
3331,3331,COD,17393.5,Successful,2024-02-23
3332,3332,Net Banking,74954.28,Successful,2025-10-02
3333,3333,Debit Card,37639.86,Successful,2024-02-11
3334,3334,Credit Card,4551.91,Successful,2025-05-25
3335,3335,COD,142195.46,Successful,2025-01-10
3336,3336,Debit Card,30472.02,Successful,2025-08-06
3337,3337,Debit Card,21970.17,Successful,2024-02-12
3338,3338,Net Banking,12980.86,Successful,2025-01-02
3339,3339,UPI,45637.78,Successful,2024-09-28
3340,3340,UPI,5299.06,Successful,2024-10-03
3341,3341,Wallet,71708.03,Successful,2025-06-21
3342,3342,COD,22794.67,Refunded,2025-05-13
3343,3343,Credit Card,11828.17,Successful,2024-03-23
3344,3344,Net Banking,40495.54,Successful,2025-09-27
3345,3345,Net Banking,61463.64,Pending,2025-12-22
3346,3346,Debit Card,82667.96,Successful,2025-03-23
3347,3347,Credit Card,2974.26,Successful,2025-08-28
3348,3348,Wallet,38187.12,Successful,2025-07-18
3349,3349,Net Banking,14320.44,Successful,2025-11-09
3350,3350,Credit Card,12780.4,Successful,2024-12-16
3351,3351,Wallet,17928.8,Successful,2025-12-04
3352,3352,UPI,23431.95,Successful,2024-06-19
3353,3353,Net Banking,10124.07,Successful,2025-12-22
3354,3354,UPI,133706.58,Successful,2025-10-15
3355,3355,Net Banking,114117.98,Successful,2025-12-16
3356,3356,Credit Card,13448.06,Successful,2024-05-13
3357,3357,UPI,111893.7,Successful,2024-03-02
3358,3358,Net Banking,12514.06,Successful,2025-02-01
3359,3359,Debit Card,63897.13,Refunded,2024-07-23
3360,3360,Wallet,3427.62,Successful,2024-11-12
3361,3361,COD,121538.88,Successful,2024-10-07
3362,3362,Net Banking,10774.15,Successful,2025-04-02
3363,3363,Wallet,10651.38,Successful,2025-11-26
3364,3364,Debit Card,39354.85,Successful,2025-04-01
3365,3365,COD,13086.88,Successful,2025-07-11
3366,3366,Credit Card,7033.59,Successful,2024-05-16
3367,3367,Credit Card,40922.91,Refunded,2025-04-06
3368,3368,Debit Card,20823.54,Successful,2025-11-15
3369,3369,Credit Card,79542.52,Successful,2025-01-05
3370,3370,Wallet,1561.23,Successful,2024-09-18
3371,3371,Net Banking,13847.57,Successful,2025-06-20
3372,3372,UPI,26143.2,Successful,2025-06-27
3373,3373,COD,18267.78,Successful,2025-03-01
3374,3374,UPI,20338.91,Successful,2024-09-22
3375,3375,UPI,159881.95,Successful,2025-09-20
3376,3376,Debit Card,4909.95,Successful,2024-07-27
3377,3377,UPI,191409.69,Successful,2024-01-21
3378,3378,Wallet,52903.33,Refunded,2024-02-13
3379,3379,Credit Card,156.58,Successful,2024-07-17
3380,3380,UPI,44882.34,Successful,2024-06-06
3381,3381,Credit Card,14724.47,Pending,2024-02-18
3382,3382,COD,7522.27,Successful,2025-07-02
3383,3383,Net Banking,38248.35,Successful,2024-03-13
3384,3384,Wallet,4493.24,Successful,2025-03-21
3385,3385,UPI,38309.62,Successful,2025-08-13
3386,3386,COD,1614.49,Successful,2025-07-25
3387,3387,COD,66903.32,Successful,2025-06-24
3388,3388,Debit Card,47553.29,Refunded,2024-12-28
3389,3389,Wallet,79777.59,Successful,2025-06-07
3390,3390,Net Banking,18888.61,Successful,2025-10-16
3391,3391,Debit Card,8068.81,Successful,2024-12-13
3392,3392,Credit Card,125352.25,Successful,2025-11-07
3393,3393,UPI,8698.65,Successful,2024-10-03
3394,3394,Credit Card,61723.63,Successful,2024-04-04
3395,3395,Wallet,55869.41,Successful,2024-12-08
3396,3396,Wallet,10269.6,Successful,2024-07-15
3397,3397,Wallet,27576.09,Successful,2025-03-29
3398,3398,UPI,5527.62,Successful,2025-01-09
3399,3399,Debit Card,44242.32,Successful,2025-06-09
3400,3400,UPI,22310.53,Refunded,2025-06-22
3401,3401,Net Banking,1718.69,Successful,2024-05-13
3402,3402,Net Banking,108374.24,Refunded,2025-02-10
3403,3403,Credit Card,3921.14,Successful,2024-06-12
3404,3404,Credit Card,20746.06,Refunded,2024-02-04
3405,3405,Wallet,3916.15,Refunded,2025-10-02
3406,3406,COD,264707.25,Successful,2024-10-26
3407,3407,UPI,12394.02,Refunded,2024-07-17
3408,3408,UPI,5896.9,Successful,2024-08-07
3409,3409,Credit Card,86544.25,Successful,2024-04-07
3410,3410,Debit Card,124532.13,Successful,2024-04-04
3411,3411,Credit Card,41865.47,Pending,2025-01-28
3412,3412,COD,49659.31,Successful,2025-07-16
3413,3413,COD,12387.94,Successful,2024-08-29
3414,3414,Net Banking,20905.18,Successful,2024-05-03
3415,3415,Debit Card,387532.25,Successful,2024-06-25
3416,3416,Net Banking,13035.06,Pending,2025-12-29
3417,3417,Net Banking,37489.34,Successful,2025-07-09
3418,3418,Debit Card,168786.97,Pending,2024-10-14
3419,3419,COD,10892.23,Successful,2024-03-13
3420,3420,UPI,36436.19,Successful,2024-07-27
3421,3421,Net Banking,23032.08,Successful,2025-07-13
3422,3422,Credit Card,77990.64,Successful,2024-08-05
3423,3423,COD,27273.27,Successful,2025-05-23
3424,3424,UPI,66976.67,Pending,2025-09-15
3425,3425,Net Banking,41378.18,Successful,2025-07-20
3426,3426,UPI,97380.34,Successful,2024-07-31
3427,3427,Wallet,2983.86,Successful,2024-03-23
3428,3428,Credit Card,26773.7,Successful,2024-04-30
3429,3429,Debit Card,2437.47,Refunded,2024-12-09
3430,3430,UPI,20263.78,Successful,2024-06-07
3431,3431,COD,57237.15,Successful,2025-02-02
3432,3432,COD,11750.54,Successful,2024-01-31
3433,3433,Debit Card,96742.36,Successful,2025-09-05
3434,3434,COD,53560.31,Successful,2024-08-14
3435,3435,Wallet,23587.76,Successful,2025-07-22
3436,3436,Credit Card,143206.67,Successful,2025-06-07
3437,3437,Net Banking,26799.78,Successful,2025-04-13
3438,3438,Net Banking,18129.38,Successful,2025-05-17
3439,3439,Credit Card,14323.74,Successful,2024-08-20
3440,3440,COD,16862.45,Pending,2024-01-16
3441,3441,Debit Card,124330.61,Successful,2024-06-24
3442,3442,Debit Card,46530.22,Successful,2024-11-28
3443,3443,Debit Card,21342.27,Successful,2024-11-22
3444,3444,UPI,71990.27,Successful,2025-06-24
3445,3445,UPI,40321.31,Successful,2025-06-15
3446,3446,COD,33989.17,Successful,2025-06-07
3447,3447,Wallet,62252.33,Successful,2024-11-12
3448,3448,COD,89346.86,Successful,2024-06-06
3449,3449,COD,116016.15,Successful,2024-07-23
3450,3450,Wallet,101346.65,Pending,2025-02-08
3451,3451,Credit Card,86292.47,Successful,2025-08-19
3452,3452,UPI,2990.82,Successful,2024-02-25
3453,3453,Wallet,73120.9,Successful,2025-10-05
3454,3454,Wallet,36942.64,Successful,2025-05-02
3455,3455,Credit Card,9497.79,Refunded,2025-03-10
3456,3456,COD,73081.39,Successful,2024-03-09
3457,3457,COD,6019.93,Successful,2025-05-28
3458,3458,Net Banking,6031.65,Successful,2025-05-28
3459,3459,COD,87866.91,Successful,2025-12-24
3460,3460,Credit Card,494.23,Successful,2025-02-06
3461,3461,Credit Card,71364.98,Pending,2025-08-03
3462,3462,UPI,131747.88,Successful,2025-11-09
3463,3463,Debit Card,114346.83,Successful,2024-07-01
3464,3464,Debit Card,18695.74,Successful,2024-03-12
3465,3465,Credit Card,211857.84,Successful,2025-08-22
3466,3466,UPI,87959.52,Successful,2024-08-01
3467,3467,COD,23193.01,Successful,2025-02-05
3468,3468,COD,51525.51,Successful,2025-01-03
3469,3469,Credit Card,88243.82,Refunded,2024-10-01
3470,3470,Debit Card,4315.18,Successful,2025-03-28
3471,3471,Net Banking,73858.55,Successful,2024-03-21
3472,3472,UPI,12803.95,Successful,2025-10-26
3473,3473,Net Banking,14088.21,Successful,2024-11-04
3474,3474,UPI,38323.99,Refunded,2024-03-01
3475,3475,Net Banking,1767.34,Pending,2025-05-16
3476,3476,Debit Card,2108.08,Pending,2025-08-31
3477,3477,Wallet,27953.12,Successful,2025-10-15
3478,3478,Credit Card,67866.51,Successful,2024-06-04
3479,3479,Credit Card,116991.65,Successful,2024-02-02
3480,3480,COD,28871.7,Successful,2024-07-12
3481,3481,Net Banking,32941.57,Successful,2024-05-09
3482,3482,UPI,95843.74,Successful,2024-03-21
3483,3483,Wallet,30149.79,Successful,2024-10-14
3484,3484,Net Banking,7059.21,Successful,2024-05-11
3485,3485,Wallet,56429.26,Successful,2025-08-28
3486,3486,Net Banking,120114.0,Successful,2025-03-24
3487,3487,Debit Card,122019.19,Successful,2025-01-01
3488,3488,Credit Card,205625.82,Successful,2025-09-22
3489,3489,Debit Card,14320.26,Successful,2025-02-18
3490,3490,Wallet,6950.03,Pending,2024-09-08
3491,3491,Net Banking,94182.95,Successful,2025-02-08
3492,3492,Credit Card,4577.38,Pending,2025-01-22
3493,3493,Wallet,32207.68,Successful,2024-05-13
3494,3494,Net Banking,56984.15,Refunded,2025-01-02
3495,3495,Wallet,57153.81,Successful,2024-12-08
3496,3496,Net Banking,59921.9,Successful,2025-03-28
3497,3497,Credit Card,13023.37,Successful,2024-02-16
3498,3498,COD,92437.22,Successful,2024-11-27
3499,3499,Net Banking,115978.32,Refunded,2024-03-06
3500,3500,Credit Card,36251.93,Pending,2024-10-05
3501,3501,UPI,1548.55,Successful,2025-05-07
3502,3502,Credit Card,197489.45,Successful,2024-01-02
3503,3503,Net Banking,171184.79,Successful,2025-01-05
3504,3504,UPI,8865.86,Successful,2025-12-04
3505,3505,UPI,26069.43,Successful,2024-04-06
3506,3506,COD,183316.58,Successful,2025-06-13
3507,3507,COD,38687.34,Successful,2025-12-08
3508,3508,Credit Card,12689.85,Successful,2025-03-30
3509,3509,Wallet,2922.26,Refunded,2024-02-26
3510,3510,Credit Card,285864.13,Successful,2025-12-15
3511,3511,Credit Card,37097.37,Successful,2024-03-27
3512,3512,COD,17233.55,Successful,2025-07-01
3513,3513,Wallet,53930.36,Pending,2025-05-13
3514,3514,Credit Card,134182.96,Successful,2025-09-24
3515,3515,Net Banking,61710.24,Successful,2024-05-14
3516,3516,Debit Card,8789.31,Successful,2025-07-17
3517,3517,Debit Card,45822.76,Successful,2025-08-16
3518,3518,COD,26621.95,Successful,2025-01-17
3519,3519,Net Banking,64059.74,Successful,2025-02-18
3520,3520,Wallet,50104.05,Successful,2025-05-31
3521,3521,Net Banking,21941.89,Successful,2024-12-12
3522,3522,Wallet,72874.53,Successful,2024-05-22
3523,3523,Debit Card,24960.43,Successful,2024-06-09
3524,3524,COD,39133.73,Successful,2024-03-19
3525,3525,COD,344313.48,Successful,2024-04-07
3526,3526,COD,9984.51,Successful,2025-06-17
3527,3527,Credit Card,85577.46,Successful,2024-02-02
3528,3528,Wallet,9192.23,Successful,2024-07-09
3529,3529,Net Banking,22245.59,Successful,2024-01-31
3530,3530,COD,5410.96,Successful,2024-03-19
3531,3531,COD,326408.87,Successful,2024-08-19
3532,3532,COD,5943.15,Successful,2024-07-05
3533,3533,COD,79811.64,Refunded,2024-09-07
3534,3534,Wallet,85496.59,Successful,2025-11-26
3535,3535,Credit Card,2448.21,Successful,2025-02-15
3536,3536,Wallet,5189.22,Successful,2024-01-08
3537,3537,Net Banking,107183.9,Successful,2024-10-02
3538,3538,COD,30618.33,Successful,2025-01-02
3539,3539,COD,48618.71,Successful,2024-09-07
3540,3540,Credit Card,44988.96,Successful,2024-06-30
3541,3541,UPI,62926.09,Successful,2024-04-06
3542,3542,Wallet,50603.22,Successful,2025-02-19
3543,3543,COD,57975.82,Pending,2025-05-16
3544,3544,Net Banking,28037.5,Successful,2024-09-09
3545,3545,COD,18455.31,Successful,2025-03-05
3546,3546,COD,54716.5,Successful,2024-08-12
3547,3547,Debit Card,31076.22,Pending,2025-03-28
3548,3548,COD,45709.76,Successful,2024-11-21
3549,3549,Credit Card,93405.77,Refunded,2025-12-06
3550,3550,UPI,71475.27,Successful,2025-08-13
3551,3551,COD,135350.93,Successful,2024-07-26
3552,3552,Debit Card,93153.55,Successful,2025-08-29
3553,3553,Net Banking,29365.86,Successful,2025-10-19
3554,3554,COD,13715.34,Refunded,2024-07-22
3555,3555,COD,18116.84,Successful,2024-08-06
3556,3556,UPI,35810.04,Successful,2025-03-15
3557,3557,UPI,63455.2,Refunded,2025-02-06
3558,3558,Net Banking,39319.13,Successful,2025-10-16
3559,3559,Debit Card,55073.66,Successful,2025-11-07
3560,3560,Credit Card,223581.78,Successful,2025-05-30
3561,3561,Net Banking,60643.36,Refunded,2024-07-21
3562,3562,Credit Card,41169.12,Successful,2024-08-04
3563,3563,UPI,37073.9,Successful,2024-01-07
3564,3564,UPI,21598.23,Successful,2025-05-11
3565,3565,UPI,8382.74,Refunded,2025-02-01
3566,3566,Credit Card,18849.94,Successful,2024-10-20
3567,3567,Credit Card,5507.21,Successful,2025-03-28
3568,3568,Credit Card,229539.67,Successful,2025-08-16
3569,3569,Debit Card,41208.19,Successful,2024-11-01
3570,3570,Debit Card,120776.64,Successful,2025-09-04
3571,3571,COD,25166.32,Successful,2025-08-25
3572,3572,Credit Card,27279.76,Successful,2025-08-12
3573,3573,Credit Card,49243.85,Successful,2024-07-07
3574,3574,Wallet,564.65,Successful,2025-08-06
3575,3575,Net Banking,180204.18,Successful,2024-01-28
3576,3576,UPI,319133.32,Successful,2025-09-06
3577,3577,Wallet,6962.11,Pending,2024-12-26
3578,3578,UPI,16562.07,Successful,2024-09-10
3579,3579,Net Banking,66573.72,Successful,2024-03-27
3580,3580,Debit Card,62404.71,Successful,2025-05-02
3581,3581,Wallet,102813.6,Successful,2024-07-30
3582,3582,UPI,31987.65,Pending,2024-02-19
3583,3583,Net Banking,96629.07,Successful,2024-03-04
3584,3584,Credit Card,50485.67,Successful,2024-03-17
3585,3585,COD,16476.29,Successful,2024-10-18
3586,3586,Credit Card,38445.14,Successful,2024-01-28
3587,3587,Wallet,269457.13,Successful,2024-02-12
3588,3588,Credit Card,26280.98,Successful,2025-03-03
3589,3589,COD,136263.4,Successful,2024-03-17
3590,3590,Net Banking,11118.49,Successful,2024-05-07
3591,3591,UPI,203724.45,Successful,2024-12-04
3592,3592,Debit Card,37517.68,Successful,2024-08-02
3593,3593,Net Banking,109110.53,Successful,2025-08-03
3594,3594,COD,86850.47,Successful,2025-08-29
3595,3595,Net Banking,12541.78,Successful,2025-05-09
3596,3596,Wallet,3275.39,Successful,2024-04-30
3597,3597,UPI,8397.31,Successful,2025-12-01
3598,3598,Net Banking,14303.45,Successful,2025-04-23
3599,3599,Net Banking,72244.66,Pending,2025-07-23
3600,3600,Credit Card,15384.65,Successful,2025-06-30
3601,3601,COD,2859.74,Successful,2025-05-12
3602,3602,COD,2034.05,Successful,2025-03-24
3603,3603,UPI,5314.54,Successful,2025-03-16
3604,3604,Net Banking,46777.98,Successful,2024-03-24
3605,3605,COD,46861.97,Successful,2024-04-25
3606,3606,Net Banking,171086.21,Successful,2024-06-22
3607,3607,Credit Card,64207.39,Successful,2024-02-22
3608,3608,Wallet,44403.73,Successful,2024-12-08
3609,3609,Debit Card,178875.66,Successful,2024-07-09
3610,3610,Net Banking,202089.18,Successful,2024-12-11
3611,3611,Credit Card,14327.38,Successful,2024-11-15
3612,3612,Wallet,22936.76,Refunded,2025-05-13
3613,3613,Net Banking,36886.85,Successful,2025-07-10
3614,3614,Wallet,127268.8,Successful,2025-01-02
3615,3615,UPI,36942.76,Successful,2025-09-06
3616,3616,Credit Card,11528.04,Refunded,2025-10-05
3617,3617,Debit Card,47743.43,Successful,2025-11-13
3618,3618,Credit Card,10836.3,Successful,2024-11-02
3619,3619,COD,8714.28,Successful,2024-03-30
3620,3620,UPI,12634.52,Successful,2025-01-06
3621,3621,Credit Card,70914.55,Successful,2025-05-04
3622,3622,Credit Card,15570.45,Successful,2024-10-09
3623,3623,Net Banking,65450.86,Successful,2025-06-07
3624,3624,Net Banking,83061.68,Successful,2025-12-21
3625,3625,Wallet,30234.09,Successful,2025-10-18
3626,3626,Debit Card,18461.5,Successful,2025-11-19
3627,3627,Credit Card,228.53,Successful,2025-07-03
3628,3628,UPI,41637.82,Successful,2024-04-25
3629,3629,UPI,127270.87,Successful,2024-05-29
3630,3630,Wallet,63626.11,Successful,2024-01-17
3631,3631,Credit Card,77830.96,Successful,2024-07-16
3632,3632,COD,136162.71,Successful,2024-01-04
3633,3633,Debit Card,89997.53,Successful,2025-04-11
3634,3634,Net Banking,5456.19,Refunded,2024-04-14
3635,3635,Debit Card,77412.66,Successful,2024-11-18
3636,3636,Wallet,82820.25,Successful,2025-10-23
3637,3637,COD,46111.68,Successful,2025-03-23
3638,3638,Net Banking,85379.56,Successful,2025-05-16
3639,3639,Debit Card,93495.46,Successful,2024-09-03
3640,3640,Credit Card,125372.85,Successful,2024-11-03
3641,3641,Debit Card,7405.0,Successful,2024-12-06
3642,3642,Debit Card,3484.49,Pending,2024-05-11
3643,3643,Debit Card,22672.01,Successful,2025-11-05
3644,3644,Credit Card,60580.42,Refunded,2024-10-24
3645,3645,Debit Card,220.52,Successful,2024-03-28
3646,3646,Credit Card,66134.81,Successful,2024-01-27
3647,3647,Debit Card,121593.52,Refunded,2025-10-22
3648,3648,Net Banking,97985.47,Successful,2025-07-26
3649,3649,Debit Card,37265.7,Successful,2025-11-10
3650,3650,Debit Card,51032.6,Pending,2024-09-02
3651,3651,Debit Card,74994.35,Successful,2024-12-08
3652,3652,Debit Card,44890.25,Successful,2025-08-30
3653,3653,UPI,65402.69,Successful,2024-10-14
3654,3654,Credit Card,28071.93,Successful,2025-03-18
3655,3655,COD,29681.52,Successful,2024-06-08
3656,3656,Credit Card,30437.74,Successful,2024-02-19
3657,3657,Wallet,25208.97,Successful,2024-10-06
3658,3658,Credit Card,22301.52,Successful,2025-04-01
3659,3659,Credit Card,51789.91,Successful,2024-11-03
3660,3660,Wallet,22256.76,Successful,2025-10-12
3661,3661,Credit Card,24483.98,Successful,2025-09-23
3662,3662,UPI,46956.54,Successful,2024-10-02
3663,3663,Net Banking,51968.66,Pending,2024-11-26
3664,3664,Net Banking,60000.62,Refunded,2024-09-06
3665,3665,Credit Card,71967.27,Pending,2024-01-08
3666,3666,Debit Card,86709.06,Successful,2024-11-11
3667,3667,Net Banking,144732.42,Successful,2025-02-13
3668,3668,Wallet,18625.12,Successful,2024-10-15
3669,3669,Credit Card,13872.32,Successful,2025-05-28
3670,3670,COD,55297.68,Successful,2025-01-14
3671,3671,UPI,15659.35,Successful,2025-11-06
3672,3672,COD,80912.4,Successful,2024-07-07
3673,3673,Credit Card,30443.55,Successful,2024-05-23
3674,3674,Debit Card,38846.22,Successful,2024-05-26
3675,3675,Credit Card,62336.47,Successful,2025-09-25
3676,3676,Wallet,68174.16,Successful,2024-06-09
3677,3677,Credit Card,14215.17,Successful,2025-04-20
3678,3678,UPI,126568.85,Successful,2024-09-06
3679,3679,Credit Card,19692.18,Successful,2024-01-09
3680,3680,Debit Card,68432.51,Successful,2024-08-09
3681,3681,Net Banking,26902.11,Successful,2024-11-06
3682,3682,Debit Card,102330.37,Successful,2024-02-16
3683,3683,Net Banking,20184.29,Successful,2024-09-02
3684,3684,Wallet,28262.36,Successful,2025-09-13
3685,3685,Debit Card,29858.21,Successful,2024-01-26
3686,3686,Net Banking,35588.43,Successful,2025-01-20
3687,3687,Net Banking,12769.11,Refunded,2024-10-16
3688,3688,Credit Card,25284.82,Successful,2025-09-08
3689,3689,Debit Card,26267.88,Successful,2024-05-27
3690,3690,Debit Card,130716.7,Successful,2024-08-13
3691,3691,COD,14872.34,Successful,2025-10-06
3692,3692,Wallet,76439.32,Successful,2024-12-05
3693,3693,Debit Card,9537.06,Successful,2025-04-02
3694,3694,UPI,41235.38,Successful,2024-12-27
3695,3695,COD,194994.01,Successful,2024-03-26
3696,3696,COD,80027.18,Successful,2025-03-14
3697,3697,Net Banking,108744.59,Successful,2025-03-07
3698,3698,UPI,148062.73,Pending,2024-04-01
3699,3699,Net Banking,14199.44,Successful,2025-02-21
3700,3700,Credit Card,47993.64,Successful,2024-09-09
3701,3701,Credit Card,217456.4,Successful,2025-11-30
3702,3702,Credit Card,134414.23,Successful,2025-10-10
3703,3703,Credit Card,16559.52,Successful,2025-12-03
3704,3704,UPI,174224.12,Successful,2024-05-23
3705,3705,Credit Card,106744.29,Successful,2025-06-09
3706,3706,Wallet,4124.92,Successful,2024-10-21
3707,3707,Debit Card,72545.82,Successful,2024-02-01
3708,3708,Wallet,23478.33,Successful,2024-09-09
3709,3709,Credit Card,1012.24,Refunded,2024-09-08
3710,3710,UPI,23954.58,Successful,2024-12-21
3711,3711,Credit Card,94509.88,Successful,2025-09-20
3712,3712,COD,267501.27,Successful,2024-09-22
3713,3713,UPI,103022.27,Successful,2025-05-26
3714,3714,COD,1929.29,Successful,2024-08-04
3715,3715,Wallet,12376.67,Successful,2024-10-11
3716,3716,COD,112729.32,Refunded,2024-06-17
3717,3717,Net Banking,161865.39,Successful,2024-08-13
3718,3718,COD,28838.35,Successful,2024-07-09
3719,3719,Wallet,3829.62,Successful,2024-09-13
3720,3720,UPI,45056.4,Successful,2025-01-31
3721,3721,UPI,25582.75,Successful,2024-10-28
3722,3722,Net Banking,26657.53,Successful,2025-08-14
3723,3723,COD,114725.3,Successful,2025-02-20
3724,3724,Net Banking,73533.02,Successful,2024-05-12
3725,3725,COD,28757.42,Successful,2024-12-08
3726,3726,Wallet,64379.44,Pending,2025-03-07
3727,3727,Wallet,5162.01,Successful,2024-07-05
3728,3728,Debit Card,143363.16,Successful,2025-09-21
3729,3729,Net Banking,4818.43,Successful,2024-05-23
3730,3730,Debit Card,10716.37,Successful,2025-11-03
3731,3731,Net Banking,61655.52,Successful,2024-10-27
3732,3732,Wallet,2162.27,Successful,2025-12-19
3733,3733,COD,209959.88,Refunded,2025-05-21
3734,3734,Credit Card,39343.97,Successful,2024-05-02
3735,3735,Credit Card,23813.22,Successful,2024-01-27
3736,3736,Wallet,11938.29,Successful,2024-10-26
3737,3737,Debit Card,13492.93,Pending,2024-05-27
3738,3738,UPI,51647.77,Refunded,2024-06-10
3739,3739,Debit Card,43452.8,Refunded,2024-03-09
3740,3740,Debit Card,13375.2,Successful,2025-04-03
3741,3741,Net Banking,4220.12,Successful,2024-05-23
3742,3742,UPI,101445.7,Successful,2024-01-06
3743,3743,COD,106349.35,Pending,2024-01-29
3744,3744,Debit Card,28015.55,Successful,2025-06-17
3745,3745,COD,50680.67,Successful,2025-07-10
3746,3746,COD,71137.07,Successful,2025-11-22
3747,3747,Net Banking,13659.78,Successful,2025-12-10
3748,3748,Debit Card,46583.69,Refunded,2024-03-30
3749,3749,Debit Card,78681.45,Successful,2025-11-27
3750,3750,Wallet,27388.79,Successful,2025-09-06
3751,3751,Credit Card,26492.2,Successful,2024-10-15
3752,3752,Credit Card,136066.71,Successful,2024-09-26
3753,3753,Credit Card,28500.54,Successful,2024-08-11
3754,3754,UPI,10077.35,Successful,2024-04-22
3755,3755,COD,8999.35,Refunded,2025-06-28
3756,3756,Net Banking,13526.14,Successful,2024-02-19
3757,3757,Wallet,25185.37,Successful,2024-02-06
3758,3758,Debit Card,8753.92,Successful,2024-10-08
3759,3759,Credit Card,31749.71,Successful,2024-12-16
3760,3760,UPI,18179.99,Successful,2025-10-14
3761,3761,Net Banking,4915.92,Successful,2024-11-13
3762,3762,Credit Card,227258.47,Successful,2025-10-04
3763,3763,UPI,18258.07,Successful,2024-11-22
3764,3764,Net Banking,55765.75,Successful,2025-04-08
3765,3765,UPI,21766.23,Successful,2024-02-11
3766,3766,Credit Card,45004.58,Successful,2025-02-20
3767,3767,Wallet,72017.02,Successful,2024-07-29
3768,3768,Net Banking,2400.5,Successful,2025-06-13
3769,3769,Wallet,120710.72,Successful,2024-04-26
3770,3770,Credit Card,35944.28,Successful,2025-03-27
3771,3771,Credit Card,6285.48,Successful,2024-07-22
3772,3772,UPI,13562.3,Successful,2024-11-24
3773,3773,Wallet,324256.0,Successful,2025-01-20
3774,3774,Net Banking,73047.3,Successful,2024-12-25
3775,3775,Net Banking,11352.96,Successful,2024-09-11
3776,3776,Debit Card,4721.32,Pending,2025-08-31
3777,3777,Net Banking,35333.6,Successful,2025-02-13
3778,3778,COD,60199.53,Successful,2025-05-11
3779,3779,Credit Card,79372.68,Successful,2024-10-01
3780,3780,Wallet,16756.08,Successful,2024-08-01
3781,3781,COD,17261.6,Successful,2025-06-13
3782,3782,Credit Card,15757.43,Refunded,2025-05-06
3783,3783,Credit Card,47350.25,Successful,2024-08-18
3784,3784,Credit Card,37469.42,Successful,2025-12-28
3785,3785,Debit Card,14038.3,Successful,2024-11-05
3786,3786,Debit Card,22665.13,Successful,2024-07-17
3787,3787,UPI,22233.16,Successful,2025-04-30
3788,3788,Credit Card,16678.84,Successful,2024-08-18
3789,3789,Wallet,300632.84,Successful,2025-05-03
3790,3790,Debit Card,6462.02,Successful,2025-05-30
3791,3791,UPI,10708.6,Successful,2025-11-02
3792,3792,Net Banking,45858.62,Successful,2024-03-05
3793,3793,Net Banking,62951.03,Refunded,2024-05-27
3794,3794,Net Banking,130266.32,Successful,2024-10-24
3795,3795,Net Banking,217345.79,Successful,2025-05-12
3796,3796,Wallet,7389.3,Refunded,2024-04-06
3797,3797,Debit Card,5821.79,Successful,2024-05-04
3798,3798,Wallet,1793.53,Refunded,2025-01-08
3799,3799,UPI,97218.88,Successful,2025-04-11
3800,3800,Wallet,43801.91,Successful,2025-01-21
3801,3801,Net Banking,8220.62,Successful,2024-01-18
3802,3802,UPI,6929.88,Successful,2024-10-16
3803,3803,Credit Card,23444.94,Pending,2024-07-21
3804,3804,COD,2362.26,Successful,2024-05-13
3805,3805,Credit Card,69687.86,Refunded,2025-10-03
3806,3806,Credit Card,49946.79,Successful,2025-05-07
3807,3807,COD,1479.78,Pending,2025-05-20
3808,3808,UPI,2922.52,Successful,2024-12-04
3809,3809,Wallet,16768.08,Pending,2025-12-26
3810,3810,Debit Card,116179.31,Successful,2024-02-05
3811,3811,COD,75340.83,Successful,2025-11-18
3812,3812,Credit Card,24244.66,Successful,2025-07-26
3813,3813,Net Banking,391099.86,Refunded,2025-05-30
3814,3814,Debit Card,39834.48,Successful,2024-07-12
3815,3815,Net Banking,85713.5,Successful,2024-09-15
3816,3816,Wallet,19402.8,Successful,2025-10-11
3817,3817,Wallet,33401.41,Successful,2024-06-11
3818,3818,Wallet,64152.46,Refunded,2025-05-21
3819,3819,Debit Card,25915.36,Successful,2025-06-14
3820,3820,Debit Card,184868.88,Successful,2025-08-29
3821,3821,Debit Card,18044.12,Successful,2024-01-05
3822,3822,UPI,104769.23,Successful,2025-11-05
3823,3823,Net Banking,42239.24,Successful,2024-11-08
3824,3824,Credit Card,779.66,Successful,2025-08-28
3825,3825,Debit Card,2253.63,Successful,2025-05-22
3826,3826,Wallet,43458.96,Successful,2024-03-01
3827,3827,Net Banking,90161.06,Successful,2024-11-24
3828,3828,Debit Card,35026.05,Pending,2025-12-31
3829,3829,Wallet,38946.23,Successful,2024-03-02
3830,3830,Net Banking,4433.9,Successful,2025-09-04
3831,3831,Credit Card,33626.0,Pending,2024-01-05
3832,3832,Net Banking,183044.43,Successful,2024-02-16
3833,3833,Credit Card,95247.4,Successful,2025-12-17
3834,3834,Wallet,7651.45,Refunded,2025-09-09
3835,3835,Wallet,19853.12,Successful,2024-08-23
3836,3836,Net Banking,72779.94,Successful,2025-03-03
3837,3837,Credit Card,103119.75,Successful,2025-07-02
3838,3838,Net Banking,22405.67,Successful,2024-05-26
3839,3839,Net Banking,46351.21,Successful,2024-12-25
3840,3840,Credit Card,170856.66,Successful,2025-12-17
3841,3841,Net Banking,23133.64,Successful,2024-08-15
3842,3842,Wallet,72479.43,Successful,2025-11-28
3843,3843,Credit Card,12278.34,Successful,2024-01-11
3844,3844,Net Banking,85805.48,Successful,2025-04-05
3845,3845,COD,78234.43,Successful,2025-08-23
3846,3846,Credit Card,15450.59,Successful,2025-09-14
3847,3847,COD,6407.64,Refunded,2024-02-02
3848,3848,Net Banking,7255.4,Refunded,2025-05-08
3849,3849,COD,6059.86,Successful,2024-05-11
3850,3850,Wallet,62656.84,Successful,2024-08-30
3851,3851,Net Banking,442692.24,Successful,2024-01-26
3852,3852,Wallet,122838.96,Successful,2025-10-19
3853,3853,Credit Card,34357.89,Successful,2025-03-14
3854,3854,Credit Card,32192.26,Successful,2024-01-13
3855,3855,UPI,8483.06,Successful,2024-03-28
3856,3856,Net Banking,52835.74,Successful,2025-10-19
3857,3857,Net Banking,21242.68,Successful,2025-04-22
3858,3858,Credit Card,3593.9,Successful,2025-07-05
3859,3859,UPI,6341.47,Successful,2025-04-21
3860,3860,Wallet,51407.32,Successful,2025-01-25
3861,3861,Debit Card,51164.12,Successful,2025-01-16
3862,3862,COD,12799.87,Successful,2024-03-17
3863,3863,Net Banking,10195.38,Successful,2024-04-21
3864,3864,Credit Card,36471.27,Successful,2024-07-14
3865,3865,Net Banking,27705.53,Successful,2024-12-27
3866,3866,Net Banking,6667.05,Successful,2025-03-29
3867,3867,UPI,5367.28,Successful,2025-03-17
3868,3868,Wallet,6617.23,Successful,2025-09-10
3869,3869,Credit Card,25224.72,Successful,2025-06-19
3870,3870,Wallet,43943.01,Successful,2025-10-18
3871,3871,UPI,5241.72,Successful,2024-05-27
3872,3872,Debit Card,36729.96,Successful,2024-06-02
3873,3873,UPI,8991.03,Successful,2025-10-05
3874,3874,COD,13793.78,Successful,2024-01-25
3875,3875,Wallet,10472.07,Successful,2024-06-15
3876,3876,Net Banking,17834.78,Successful,2024-05-02
3877,3877,UPI,17994.71,Pending,2024-01-15
3878,3878,Wallet,19302.85,Pending,2024-05-19
3879,3879,Wallet,6252.06,Successful,2025-03-10
3880,3880,Credit Card,11792.2,Successful,2024-09-01
3881,3881,COD,6016.98,Pending,2025-12-15
3882,3882,COD,65031.35,Pending,2025-10-22
3883,3883,UPI,3781.26,Successful,2025-09-04
3884,3884,UPI,6962.49,Successful,2024-09-20
3885,3885,COD,185468.26,Successful,2024-08-02
3886,3886,UPI,18865.85,Successful,2024-09-20
3887,3887,Debit Card,43755.36,Successful,2025-07-19
3888,3888,Wallet,28157.72,Successful,2025-06-11
3889,3889,Credit Card,7925.79,Successful,2024-11-01
3890,3890,Credit Card,20465.27,Successful,2025-11-04
3891,3891,COD,5917.92,Successful,2025-05-23
3892,3892,Wallet,16577.31,Successful,2024-09-04
3893,3893,UPI,99523.21,Successful,2025-06-22
3894,3894,Wallet,14820.77,Pending,2024-06-13
3895,3895,UPI,80498.57,Successful,2025-07-31
3896,3896,Debit Card,20382.11,Successful,2025-03-19
3897,3897,Credit Card,32568.1,Successful,2024-12-31
3898,3898,Net Banking,87055.06,Successful,2024-03-04
3899,3899,UPI,43085.83,Successful,2024-10-03
3900,3900,UPI,23408.83,Successful,2025-04-16
3901,3901,Net Banking,89528.12,Successful,2024-07-21
3902,3902,UPI,15237.2,Successful,2025-05-16
3903,3903,COD,35673.01,Successful,2024-12-22
3904,3904,Debit Card,61665.92,Successful,2024-02-01
3905,3905,Debit Card,24868.5,Successful,2024-04-24
3906,3906,Wallet,50134.33,Successful,2024-01-05
3907,3907,Debit Card,89550.02,Successful,2025-08-01
3908,3908,Net Banking,19446.56,Successful,2024-05-25
3909,3909,Credit Card,45469.11,Refunded,2025-11-19
3910,3910,Debit Card,40502.99,Successful,2024-12-07
3911,3911,Debit Card,21849.74,Successful,2024-05-26
3912,3912,COD,32719.04,Successful,2024-06-21
3913,3913,Credit Card,55678.0,Successful,2024-06-04
3914,3914,Credit Card,41730.98,Successful,2025-11-16
3915,3915,COD,50993.72,Successful,2024-08-16
3916,3916,Debit Card,152683.65,Successful,2024-10-27
3917,3917,Debit Card,1521.44,Pending,2024-02-12
3918,3918,UPI,33559.4,Successful,2024-11-30
3919,3919,Debit Card,4498.45,Pending,2024-12-21
3920,3920,Net Banking,216772.73,Refunded,2025-04-12
3921,3921,Net Banking,27279.34,Successful,2025-07-10
3922,3922,Credit Card,11253.17,Successful,2024-09-13
3923,3923,Credit Card,89148.57,Successful,2024-11-21
3924,3924,Net Banking,15843.36,Pending,2024-06-19
3925,3925,UPI,144563.85,Successful,2025-03-12
3926,3926,Net Banking,32290.49,Successful,2025-11-04
3927,3927,Net Banking,2601.05,Successful,2024-03-02
3928,3928,UPI,108262.8,Successful,2024-09-05
3929,3929,Credit Card,5623.24,Successful,2024-03-17
3930,3930,Debit Card,10475.92,Refunded,2024-02-06
3931,3931,COD,11536.16,Successful,2024-05-27
3932,3932,UPI,107660.7,Successful,2025-03-07
3933,3933,COD,84965.65,Successful,2024-08-09
3934,3934,COD,39970.68,Successful,2025-07-23
3935,3935,Wallet,7913.26,Successful,2024-04-04
3936,3936,Wallet,26605.97,Pending,2025-09-16
3937,3937,Debit Card,9292.07,Successful,2025-11-27
3938,3938,COD,3772.08,Successful,2024-09-09
3939,3939,Credit Card,22331.51,Successful,2025-01-24
3940,3940,Wallet,63646.51,Successful,2024-12-06
3941,3941,COD,68118.04,Successful,2024-07-19
3942,3942,Credit Card,120740.44,Successful,2024-11-02
3943,3943,UPI,17125.16,Successful,2024-03-28
3944,3944,Debit Card,19263.59,Successful,2025-08-22
3945,3945,Wallet,15111.52,Successful,2024-01-18
3946,3946,Net Banking,6145.72,Successful,2025-04-23
3947,3947,Credit Card,68546.45,Successful,2024-03-08
3948,3948,Debit Card,2771.31,Successful,2025-03-14
3949,3949,Debit Card,41426.7,Successful,2025-06-01
3950,3950,Wallet,62070.14,Successful,2025-07-19
3951,3951,COD,3406.85,Successful,2025-03-29
3952,3952,UPI,17168.37,Successful,2024-01-29
3953,3953,Credit Card,22823.57,Successful,2024-01-05
3954,3954,Debit Card,54393.69,Successful,2025-09-27
3955,3955,Net Banking,13455.29,Successful,2024-09-18
3956,3956,COD,32199.74,Successful,2024-01-09
3957,3957,Net Banking,45369.91,Successful,2024-09-06
3958,3958,COD,15009.69,Successful,2024-11-16
3959,3959,Wallet,71871.58,Successful,2025-02-15
3960,3960,COD,1575.31,Successful,2024-02-21
3961,3961,Wallet,70512.02,Successful,2024-10-08
3962,3962,Credit Card,3521.03,Successful,2025-10-02
3963,3963,Credit Card,46442.75,Successful,2025-03-12
3964,3964,Debit Card,164487.9,Successful,2025-07-17
3965,3965,Net Banking,22144.16,Successful,2024-11-18
3966,3966,Net Banking,2155.26,Successful,2025-07-15
3967,3967,Credit Card,6329.38,Successful,2025-11-06
3968,3968,Debit Card,21092.87,Refunded,2025-07-17
3969,3969,UPI,79241.18,Successful,2025-11-19
3970,3970,Credit Card,29266.59,Successful,2024-08-15
3971,3971,Net Banking,54047.2,Refunded,2025-11-16
3972,3972,Wallet,55390.69,Successful,2025-01-27
3973,3973,UPI,20952.2,Successful,2024-11-11
3974,3974,UPI,246519.02,Successful,2024-01-27
3975,3975,Wallet,146273.92,Successful,2024-02-24
3976,3976,COD,47772.68,Successful,2024-10-05
3977,3977,Credit Card,73255.46,Successful,2025-06-29
3978,3978,Net Banking,2794.08,Successful,2024-01-07
3979,3979,COD,60621.12,Refunded,2025-08-21
3980,3980,Net Banking,7016.59,Successful,2025-01-07
3981,3981,COD,115860.33,Successful,2025-09-26
3982,3982,Credit Card,33951.66,Successful,2024-07-10
3983,3983,Wallet,9075.78,Pending,2025-12-01
3984,3984,Debit Card,2960.52,Refunded,2025-03-02
3985,3985,Debit Card,6950.39,Successful,2024-04-22
3986,3986,Credit Card,158750.23,Successful,2025-03-28
3987,3987,Debit Card,44731.5,Successful,2025-04-14
3988,3988,UPI,201884.04,Pending,2024-10-22
3989,3989,Debit Card,149428.38,Successful,2025-12-05
3990,3990,Debit Card,25939.36,Successful,2025-01-24
3991,3991,Debit Card,17593.83,Successful,2025-01-28
3992,3992,Net Banking,783.85,Successful,2024-10-31
3993,3993,Wallet,61661.14,Refunded,2024-04-11
3994,3994,COD,10372.47,Successful,2024-07-11
3995,3995,Credit Card,136190.5,Successful,2025-03-07
3996,3996,COD,60621.67,Successful,2024-09-14
3997,3997,Credit Card,9362.27,Successful,2025-09-02
3998,3998,Net Banking,99623.66,Successful,2025-07-20
3999,3999,Wallet,143077.52,Successful,2024-08-14
4000,4000,Wallet,108938.52,Refunded,2024-08-21
4001,4001,Wallet,17549.37,Refunded,2024-07-04
4002,4002,Debit Card,85432.9,Successful,2025-09-02
4003,4003,COD,11230.6,Successful,2025-01-28
4004,4004,Credit Card,70600.92,Successful,2024-09-29
4005,4005,Debit Card,224515.49,Successful,2024-04-09
4006,4006,COD,3413.14,Successful,2024-10-14
4007,4007,COD,80461.18,Successful,2024-04-26
4008,4008,Debit Card,31345.79,Successful,2025-10-30
4009,4009,Wallet,179075.8,Refunded,2025-09-20
4010,4010,Net Banking,9074.21,Successful,2025-08-15
4011,4011,Wallet,616.29,Successful,2025-09-06
4012,4012,Credit Card,99281.39,Successful,2025-05-18
4013,4013,Credit Card,2929.3,Successful,2024-12-11
4014,4014,Wallet,38947.22,Successful,2025-09-27
4015,4015,Debit Card,5621.27,Successful,2024-01-13
4016,4016,Debit Card,13760.31,Successful,2025-12-27
4017,4017,UPI,4033.99,Successful,2024-04-06
4018,4018,Debit Card,65111.05,Successful,2024-12-29
4019,4019,UPI,2801.86,Successful,2024-04-17
4020,4020,UPI,8084.34,Successful,2025-07-28
4021,4021,Debit Card,129281.79,Successful,2025-06-25
4022,4022,COD,18789.42,Successful,2025-08-25
4023,4023,Debit Card,1799.73,Successful,2024-02-21
4024,4024,UPI,3876.09,Successful,2024-03-21
4025,4025,Net Banking,44306.49,Successful,2025-12-15
4026,4026,Wallet,12776.02,Successful,2024-07-21
4027,4027,Credit Card,90496.9,Successful,2025-04-29
4028,4028,Credit Card,26267.17,Successful,2024-02-16
4029,4029,COD,21535.12,Successful,2025-11-19
4030,4030,Credit Card,84790.92,Successful,2024-12-06
4031,4031,COD,207178.32,Refunded,2024-08-31
4032,4032,Net Banking,73937.95,Successful,2024-06-06
4033,4033,Wallet,8243.02,Successful,2025-10-12
4034,4034,UPI,48347.87,Successful,2024-04-19
4035,4035,Wallet,40234.66,Successful,2024-07-10
4036,4036,Credit Card,55509.16,Successful,2024-09-20
4037,4037,Wallet,72985.12,Pending,2024-04-21
4038,4038,Credit Card,81355.61,Successful,2024-02-11
4039,4039,Credit Card,803.04,Successful,2024-09-24
4040,4040,Wallet,703.59,Successful,2025-07-22
4041,4041,Debit Card,56528.35,Successful,2024-02-23
4042,4042,COD,2273.68,Successful,2025-09-06
4043,4043,UPI,7134.78,Successful,2025-10-01
4044,4044,UPI,39935.3,Successful,2025-01-08
4045,4045,UPI,15818.0,Successful,2024-10-14
4046,4046,Net Banking,24551.66,Successful,2025-09-14
4047,4047,Debit Card,12963.81,Successful,2024-07-11
4048,4048,Wallet,6946.96,Successful,2025-06-07
4049,4049,UPI,73891.89,Successful,2024-07-15
4050,4050,Credit Card,32971.84,Successful,2024-05-06
4051,4051,Wallet,60552.79,Successful,2025-12-27
4052,4052,COD,4710.08,Refunded,2024-06-25
4053,4053,Credit Card,23828.58,Pending,2024-08-24
4054,4054,Wallet,7808.5,Refunded,2024-07-11
4055,4055,UPI,4279.22,Successful,2024-04-07
4056,4056,Wallet,16404.52,Successful,2024-10-01
4057,4057,UPI,43926.68,Successful,2024-06-11
4058,4058,COD,6002.55,Pending,2024-09-08
4059,4059,COD,42189.18,Successful,2025-03-26
4060,4060,Net Banking,23980.68,Refunded,2025-11-18
4061,4061,COD,201776.39,Successful,2025-03-05
4062,4062,Wallet,12207.74,Successful,2024-04-15
4063,4063,Credit Card,1179.06,Successful,2025-12-24
4064,4064,Wallet,2919.2,Successful,2025-10-16
4065,4065,COD,52221.35,Successful,2024-02-29
4066,4066,COD,44031.93,Successful,2024-03-16
4067,4067,UPI,139698.88,Successful,2024-10-01
4068,4068,Credit Card,92982.79,Successful,2025-10-11
4069,4069,Debit Card,3414.6,Successful,2025-03-19
4070,4070,COD,6568.08,Successful,2024-06-20
4071,4071,Wallet,36415.0,Successful,2025-08-07
4072,4072,Credit Card,113824.67,Successful,2024-07-18
4073,4073,Wallet,25626.1,Successful,2024-11-08
4074,4074,UPI,181864.48,Successful,2024-01-06
4075,4075,Wallet,152446.88,Successful,2024-10-05
4076,4076,UPI,9905.13,Successful,2025-07-06
4077,4077,COD,4153.23,Successful,2024-04-17
4078,4078,Credit Card,60604.1,Successful,2025-09-19
4079,4079,Credit Card,77900.18,Pending,2025-01-07
4080,4080,Credit Card,20644.77,Successful,2024-06-29
4081,4081,Debit Card,58277.63,Successful,2024-12-19
4082,4082,Credit Card,79323.02,Successful,2024-01-23
4083,4083,UPI,19327.94,Successful,2025-07-29
4084,4084,Credit Card,98116.1,Successful,2025-09-16
4085,4085,Credit Card,31029.02,Successful,2024-01-12
4086,4086,Debit Card,67941.73,Successful,2025-03-11
4087,4087,COD,93147.38,Successful,2025-04-26
4088,4088,Debit Card,18140.56,Successful,2025-07-19
4089,4089,COD,57802.1,Successful,2025-08-27
4090,4090,Net Banking,76080.51,Successful,2024-08-07
4091,4091,COD,81254.65,Successful,2025-02-16
4092,4092,Credit Card,48751.21,Successful,2025-08-29
4093,4093,UPI,18900.14,Successful,2025-12-20
4094,4094,Credit Card,26648.76,Successful,2025-03-19
4095,4095,Net Banking,93050.55,Successful,2024-03-26
4096,4096,Debit Card,32059.61,Successful,2025-04-05
4097,4097,Wallet,9664.88,Refunded,2025-03-18
4098,4098,UPI,84996.9,Successful,2025-06-03
4099,4099,COD,31113.87,Successful,2025-11-12
4100,4100,UPI,7144.86,Successful,2024-07-29
4101,4101,Net Banking,48200.07,Successful,2025-10-17
4102,4102,Credit Card,76709.03,Successful,2024-10-11
4103,4103,Debit Card,80774.47,Successful,2025-02-23
4104,4104,Net Banking,20373.98,Successful,2024-12-18
4105,4105,Net Banking,33900.03,Successful,2024-09-27
4106,4106,Net Banking,31172.84,Successful,2025-12-23
4107,4107,UPI,115915.14,Successful,2024-05-08
4108,4108,Debit Card,40468.12,Successful,2025-11-30
4109,4109,COD,16534.58,Refunded,2025-03-14
4110,4110,COD,3151.1,Successful,2024-03-17
4111,4111,Wallet,36022.53,Successful,2025-08-11
4112,4112,COD,100092.79,Successful,2024-02-25
4113,4113,Wallet,17665.54,Refunded,2024-01-23
4114,4114,COD,93077.81,Successful,2024-05-27
4115,4115,Credit Card,20819.07,Successful,2025-09-18
4116,4116,Debit Card,10381.8,Successful,2025-05-30
4117,4117,Debit Card,100748.13,Successful,2025-05-16
4118,4118,Wallet,29709.49,Successful,2024-08-12
4119,4119,Credit Card,34483.46,Successful,2025-03-11
4120,4120,Debit Card,57478.89,Successful,2025-09-04
4121,4121,UPI,57362.82,Successful,2024-09-07
4122,4122,COD,181398.12,Successful,2024-07-22
4123,4123,Wallet,20163.58,Successful,2024-02-20
4124,4124,UPI,63796.22,Successful,2024-11-07
4125,4125,Wallet,41240.7,Successful,2024-06-28
4126,4126,COD,12605.27,Successful,2025-03-31
4127,4127,UPI,16065.21,Successful,2025-07-23
4128,4128,Debit Card,17348.03,Successful,2025-05-23
4129,4129,COD,11461.5,Successful,2025-10-27
4130,4130,UPI,76019.26,Successful,2024-05-23
4131,4131,COD,43344.19,Successful,2024-09-19
4132,4132,Credit Card,13761.85,Successful,2025-02-05
4133,4133,Debit Card,66520.0,Successful,2024-06-03
4134,4134,Debit Card,54684.64,Successful,2024-11-11
4135,4135,Wallet,37852.49,Refunded,2024-11-23
4136,4136,UPI,20405.92,Successful,2025-09-28
4137,4137,Wallet,49576.27,Refunded,2024-10-12
4138,4138,COD,60207.12,Successful,2025-06-04
4139,4139,UPI,9318.9,Successful,2024-09-09
4140,4140,UPI,23557.85,Successful,2025-01-12
4141,4141,Net Banking,138170.11,Successful,2024-05-13
4142,4142,UPI,1501.19,Pending,2025-11-18
4143,4143,Wallet,200302.68,Refunded,2025-08-10
4144,4144,Debit Card,81964.48,Successful,2024-11-11
4145,4145,Debit Card,82695.47,Successful,2024-03-22
4146,4146,COD,59174.57,Successful,2025-02-12
4147,4147,Debit Card,14955.77,Successful,2024-11-21
4148,4148,Debit Card,5983.4,Successful,2024-10-12
4149,4149,Credit Card,160595.18,Successful,2025-04-04
4150,4150,COD,132954.63,Successful,2025-02-24
4151,4151,UPI,20056.91,Successful,2025-08-21
4152,4152,UPI,28658.12,Successful,2025-01-28
4153,4153,Wallet,18098.34,Refunded,2025-01-19
4154,4154,Credit Card,16117.82,Successful,2025-08-26
4155,4155,Debit Card,89647.37,Refunded,2024-06-18
4156,4156,Credit Card,2001.34,Refunded,2025-08-14
4157,4157,Debit Card,2515.84,Successful,2024-01-21
4158,4158,Debit Card,7573.12,Successful,2025-03-09
4159,4159,Net Banking,7641.16,Successful,2024-03-11
4160,4160,Wallet,15226.05,Successful,2024-11-12
4161,4161,UPI,172167.73,Successful,2025-08-30
4162,4162,Debit Card,10066.19,Successful,2024-12-15
4163,4163,Credit Card,50953.12,Successful,2024-05-13
4164,4164,Debit Card,66480.9,Successful,2024-01-19
4165,4165,Credit Card,40710.32,Pending,2024-08-21
4166,4166,Wallet,85282.08,Successful,2024-03-26
4167,4167,Wallet,94198.44,Successful,2025-02-21
4168,4168,Debit Card,76612.1,Successful,2024-04-07
4169,4169,Debit Card,3069.67,Successful,2025-11-24
4170,4170,COD,146564.17,Successful,2024-09-30
4171,4171,Wallet,19821.71,Successful,2024-03-24
4172,4172,Credit Card,36011.61,Successful,2025-01-10
4173,4173,Net Banking,255958.81,Successful,2024-12-01
4174,4174,UPI,38243.24,Successful,2025-08-17
4175,4175,Credit Card,2081.06,Successful,2024-03-20
4176,4176,UPI,43599.23,Pending,2025-01-04
4177,4177,COD,7689.51,Refunded,2024-12-19
4178,4178,Wallet,5495.94,Successful,2024-04-11
4179,4179,UPI,37215.39,Successful,2024-04-03
4180,4180,Debit Card,1001.53,Successful,2024-07-19
4181,4181,Wallet,21132.35,Successful,2024-07-12
4182,4182,COD,25287.55,Successful,2024-11-16
4183,4183,UPI,262055.83,Successful,2025-08-13
4184,4184,Debit Card,5240.77,Refunded,2025-08-24
4185,4185,Debit Card,19705.52,Successful,2024-06-07
4186,4186,UPI,58437.42,Refunded,2024-10-31
4187,4187,COD,24363.97,Successful,2025-10-19
4188,4188,Credit Card,12401.73,Successful,2024-11-25
4189,4189,Debit Card,460885.04,Successful,2024-01-13
4190,4190,Net Banking,10393.93,Successful,2024-02-21
4191,4191,UPI,14300.7,Successful,2024-11-07
4192,4192,COD,5599.14,Successful,2025-12-25
4193,4193,Net Banking,8668.28,Successful,2024-11-06
4194,4194,COD,199880.54,Successful,2025-08-30
4195,4195,Net Banking,6513.55,Successful,2025-09-04
4196,4196,Debit Card,70718.11,Successful,2024-03-26
4197,4197,COD,63733.83,Successful,2024-04-19
4198,4198,Wallet,117475.89,Successful,2025-12-10
4199,4199,Credit Card,24929.67,Refunded,2025-12-22
4200,4200,Debit Card,160174.18,Pending,2024-05-17
4201,4201,Wallet,606.2,Successful,2025-05-31
4202,4202,Wallet,702.01,Successful,2025-05-29
4203,4203,Net Banking,14485.22,Successful,2025-01-28
4204,4204,UPI,29817.95,Successful,2024-02-01
4205,4205,UPI,32019.22,Successful,2025-12-29
4206,4206,Credit Card,181097.49,Successful,2024-05-24
4207,4207,Debit Card,28440.33,Successful,2025-10-12
4208,4208,Debit Card,34041.54,Successful,2025-04-12
4209,4209,UPI,597.85,Successful,2025-10-23
4210,4210,Credit Card,32291.24,Refunded,2025-05-20
4211,4211,Debit Card,101676.94,Successful,2024-05-07
4212,4212,Net Banking,59185.17,Successful,2024-02-16
4213,4213,UPI,125145.81,Refunded,2024-01-26
4214,4214,Wallet,18660.56,Successful,2025-02-15
4215,4215,Wallet,325012.63,Pending,2024-06-26
4216,4216,Debit Card,90443.34,Successful,2025-01-04
4217,4217,Wallet,36314.49,Refunded,2025-02-15
4218,4218,COD,60277.6,Successful,2025-08-18
4219,4219,Net Banking,10369.11,Successful,2025-08-24
4220,4220,Debit Card,13566.75,Successful,2024-07-31
4221,4221,Credit Card,89580.41,Pending,2025-03-20
4222,4222,COD,16724.78,Successful,2025-06-04
4223,4223,Debit Card,5353.29,Refunded,2025-03-12
4224,4224,Wallet,42599.89,Successful,2024-03-17
4225,4225,Wallet,79829.51,Successful,2024-05-12
4226,4226,Net Banking,3787.92,Successful,2024-03-31
4227,4227,UPI,166307.79,Successful,2024-01-13
4228,4228,COD,34140.09,Successful,2025-04-05
4229,4229,Net Banking,68066.25,Successful,2024-08-10
4230,4230,Debit Card,1590.93,Successful,2024-09-21
4231,4231,Wallet,79297.76,Refunded,2024-11-27
4232,4232,UPI,206117.72,Successful,2024-10-23
4233,4233,UPI,23798.39,Pending,2025-04-15
4234,4234,Credit Card,21757.43,Successful,2024-11-12
4235,4235,Debit Card,73272.34,Successful,2024-04-06
4236,4236,Credit Card,5654.74,Successful,2025-08-01
4237,4237,Net Banking,25449.27,Successful,2025-05-22
4238,4238,Wallet,14950.61,Successful,2025-06-15
4239,4239,UPI,138739.75,Successful,2024-12-05
4240,4240,COD,77456.98,Pending,2025-01-14
4241,4241,Debit Card,25697.69,Successful,2024-06-11
4242,4242,Net Banking,36502.63,Successful,2024-04-26
4243,4243,UPI,4108.31,Successful,2025-03-23
4244,4244,Net Banking,75075.14,Refunded,2024-11-03
4245,4245,Net Banking,82309.4,Successful,2025-05-25
4246,4246,Wallet,108345.85,Successful,2025-07-18
4247,4247,Credit Card,36536.16,Successful,2025-08-11
4248,4248,Credit Card,18439.56,Successful,2024-07-24
4249,4249,Wallet,19726.53,Successful,2025-12-28
4250,4250,Debit Card,29352.77,Successful,2025-10-02
4251,4251,Credit Card,8699.22,Successful,2024-03-31
4252,4252,UPI,7607.76,Successful,2025-06-24
4253,4253,Debit Card,63686.09,Pending,2024-11-26
4254,4254,Net Banking,1893.62,Successful,2025-09-27
4255,4255,Net Banking,98936.09,Successful,2025-02-21
4256,4256,Wallet,38306.01,Successful,2025-10-18
4257,4257,Wallet,148659.72,Successful,2025-09-07
4258,4258,COD,3223.06,Successful,2025-08-05
4259,4259,Net Banking,16495.68,Successful,2024-03-03
4260,4260,Wallet,13507.38,Refunded,2024-03-28
4261,4261,Wallet,20900.42,Successful,2024-06-08
4262,4262,Wallet,20160.0,Pending,2025-07-08
4263,4263,Credit Card,169513.17,Successful,2024-06-21
4264,4264,UPI,5235.06,Pending,2025-06-18
4265,4265,Net Banking,25863.21,Pending,2024-03-25
4266,4266,Debit Card,28055.72,Successful,2024-07-27
4267,4267,COD,85287.57,Successful,2024-12-09
4268,4268,COD,113054.83,Successful,2025-06-24
4269,4269,Credit Card,134269.94,Successful,2024-12-03
4270,4270,Credit Card,11211.07,Successful,2025-08-24
4271,4271,UPI,15586.26,Successful,2025-05-12
4272,4272,Credit Card,70061.23,Successful,2025-12-21
4273,4273,Credit Card,11145.19,Successful,2024-08-02
4274,4274,Debit Card,37108.65,Successful,2025-08-12
4275,4275,Net Banking,27137.89,Successful,2024-12-24
4276,4276,Wallet,165549.14,Successful,2025-05-29
4277,4277,COD,30058.17,Successful,2025-01-02
4278,4278,Net Banking,5364.59,Successful,2025-11-04
4279,4279,UPI,12513.15,Successful,2025-04-10
4280,4280,Debit Card,31329.51,Successful,2024-06-14
4281,4281,Credit Card,182537.1,Successful,2025-01-15
4282,4282,Debit Card,139539.49,Successful,2025-02-08
4283,4283,Debit Card,119394.17,Successful,2025-05-08
4284,4284,Credit Card,62766.44,Successful,2025-12-14
4285,4285,Wallet,37783.48,Successful,2025-05-10
4286,4286,Net Banking,8158.08,Successful,2024-10-12
4287,4287,COD,64037.8,Successful,2024-07-30
4288,4288,Net Banking,9173.6,Successful,2024-07-04
4289,4289,Debit Card,73144.45,Successful,2025-10-21
4290,4290,COD,8131.2,Successful,2025-03-21
4291,4291,Net Banking,48614.75,Successful,2024-01-21
4292,4292,UPI,50517.09,Successful,2025-12-26
4293,4293,UPI,6450.89,Successful,2025-07-06
4294,4294,Credit Card,2514.51,Successful,2025-07-31
4295,4295,Net Banking,8334.28,Pending,2024-10-02
4296,4296,Credit Card,24714.47,Successful,2025-12-12
4297,4297,UPI,13004.09,Successful,2025-04-19
4298,4298,UPI,9678.58,Successful,2024-12-08
4299,4299,Credit Card,114524.2,Successful,2024-10-22
4300,4300,UPI,82492.1,Successful,2025-11-06
4301,4301,UPI,14381.33,Successful,2025-01-09
4302,4302,Credit Card,10513.02,Successful,2024-08-19
4303,4303,Debit Card,361342.33,Successful,2024-11-15
4304,4304,Credit Card,21616.53,Successful,2025-04-25
4305,4305,Net Banking,58035.24,Successful,2024-05-30
4306,4306,Net Banking,82393.48,Refunded,2025-11-23
4307,4307,Net Banking,44995.22,Successful,2025-09-04
4308,4308,Credit Card,96652.68,Successful,2025-10-31
4309,4309,Net Banking,279136.18,Pending,2025-06-28
4310,4310,UPI,2401.9,Successful,2024-07-20
4311,4311,UPI,4196.25,Successful,2025-10-15
4312,4312,Credit Card,66383.11,Successful,2024-09-15
4313,4313,Debit Card,23925.46,Successful,2024-04-11
4314,4314,Wallet,15020.19,Successful,2025-12-11
4315,4315,Net Banking,91235.11,Successful,2024-11-23
4316,4316,Net Banking,8529.48,Successful,2024-10-19
4317,4317,Wallet,57869.73,Successful,2024-07-15
4318,4318,UPI,23873.86,Successful,2024-12-23
4319,4319,Credit Card,49121.93,Successful,2024-04-17
4320,4320,Net Banking,12846.42,Successful,2025-10-23
4321,4321,Credit Card,417565.81,Successful,2025-09-05
4322,4322,Wallet,51524.3,Successful,2025-02-14
4323,4323,COD,15375.13,Pending,2025-08-15
4324,4324,Wallet,202418.37,Successful,2025-08-22
4325,4325,Wallet,40647.93,Successful,2025-03-14
4326,4326,Credit Card,171441.61,Refunded,2025-01-01
4327,4327,Credit Card,1259.87,Successful,2025-04-13
4328,4328,UPI,30683.63,Successful,2024-03-31
4329,4329,Wallet,57664.32,Successful,2024-07-17
4330,4330,Credit Card,143937.68,Successful,2025-04-25
4331,4331,Net Banking,28743.68,Successful,2025-09-21
4332,4332,Wallet,79042.66,Successful,2024-11-20
4333,4333,Wallet,6302.38,Successful,2024-03-05
4334,4334,Debit Card,56107.26,Pending,2025-12-22
4335,4335,Debit Card,187702.45,Successful,2025-04-14
4336,4336,COD,29686.12,Successful,2025-03-26
4337,4337,Debit Card,892.12,Successful,2024-01-26
4338,4338,Debit Card,936.26,Successful,2025-03-03
4339,4339,Wallet,88494.36,Refunded,2024-09-28
4340,4340,Credit Card,147292.74,Successful,2025-06-19
4341,4341,Credit Card,52283.09,Successful,2025-11-21
4342,4342,Credit Card,105830.96,Successful,2024-09-30
4343,4343,Credit Card,83486.6,Successful,2025-01-22
4344,4344,Credit Card,111502.76,Successful,2025-07-13
4345,4345,Net Banking,2672.22,Successful,2024-11-12
4346,4346,Credit Card,54961.74,Successful,2025-10-09
4347,4347,Debit Card,10749.97,Successful,2024-07-05
4348,4348,Debit Card,22976.16,Successful,2024-04-25
4349,4349,Debit Card,60884.13,Successful,2025-12-16
4350,4350,Debit Card,8955.83,Successful,2025-06-10
4351,4351,Debit Card,5015.72,Pending,2025-07-19
4352,4352,Credit Card,359963.48,Successful,2024-08-10
4353,4353,UPI,35583.41,Successful,2024-04-14
4354,4354,Debit Card,20369.42,Successful,2024-09-25
4355,4355,Wallet,12817.79,Successful,2024-09-24
4356,4356,Credit Card,16924.43,Successful,2024-03-02
4357,4357,Credit Card,16883.82,Successful,2024-08-02
4358,4358,Credit Card,8340.96,Successful,2025-02-09
4359,4359,Debit Card,11664.04,Successful,2025-08-11
4360,4360,Net Banking,5544.39,Successful,2024-04-21
4361,4361,UPI,9338.44,Successful,2025-09-13
4362,4362,UPI,5300.37,Successful,2024-03-08
4363,4363,Debit Card,22210.75,Successful,2024-02-12
4364,4364,Credit Card,37335.57,Successful,2024-02-21
4365,4365,Net Banking,28585.43,Successful,2024-08-18
4366,4366,Net Banking,19904.65,Successful,2024-10-31
4367,4367,Credit Card,12715.86,Successful,2024-11-02
4368,4368,Debit Card,28813.64,Refunded,2025-12-05
4369,4369,COD,282.42,Pending,2024-09-13
4370,4370,UPI,16487.48,Refunded,2025-12-27
4371,4371,Wallet,1784.82,Pending,2024-12-11
4372,4372,Credit Card,18381.86,Successful,2025-11-30
4373,4373,Net Banking,125930.77,Successful,2025-07-29
4374,4374,Wallet,59573.24,Successful,2025-08-18
4375,4375,Wallet,55771.29,Successful,2024-12-06
4376,4376,Net Banking,60678.66,Refunded,2025-02-12
4377,4377,UPI,36386.75,Successful,2024-01-07
4378,4378,UPI,4129.23,Successful,2024-01-29
4379,4379,Net Banking,84.04,Successful,2025-06-12
4380,4380,UPI,10575.85,Successful,2025-01-13
4381,4381,Credit Card,18226.86,Successful,2025-09-28
4382,4382,Net Banking,3650.21,Successful,2024-12-02
4383,4383,Wallet,2203.19,Successful,2025-01-23
4384,4384,Debit Card,18731.47,Refunded,2024-06-18
4385,4385,Wallet,45086.86,Successful,2024-04-03
4386,4386,Debit Card,88850.98,Successful,2024-12-06
4387,4387,Debit Card,22732.72,Successful,2025-08-15
4388,4388,Wallet,55196.53,Successful,2025-09-12
4389,4389,UPI,28677.72,Refunded,2025-05-15
4390,4390,UPI,20629.8,Successful,2025-04-10
4391,4391,Credit Card,39475.82,Successful,2025-12-16
4392,4392,Debit Card,10684.71,Pending,2025-07-10
4393,4393,Net Banking,3032.45,Successful,2024-08-02
4394,4394,COD,39011.43,Successful,2025-07-27
4395,4395,Credit Card,51678.97,Successful,2025-03-25
4396,4396,COD,121855.58,Successful,2024-11-30
4397,4397,Debit Card,25843.44,Successful,2025-04-11
4398,4398,UPI,35388.55,Pending,2025-10-18
4399,4399,UPI,63514.03,Successful,2024-09-30
4400,4400,Wallet,48039.12,Successful,2025-04-09
4401,4401,COD,12905.26,Successful,2024-12-17
4402,4402,UPI,103389.0,Successful,2025-06-30
4403,4403,Credit Card,40813.49,Successful,2024-08-13
4404,4404,Wallet,19003.24,Successful,2024-01-21
4405,4405,Debit Card,29198.43,Pending,2025-09-01
4406,4406,Wallet,122248.52,Refunded,2025-08-19
4407,4407,Wallet,10987.67,Successful,2024-05-02
4408,4408,UPI,6241.47,Successful,2025-04-29
4409,4409,Net Banking,74240.37,Successful,2024-12-28
4410,4410,Wallet,34540.08,Successful,2025-04-13
4411,4411,Debit Card,23380.12,Successful,2025-06-05
4412,4412,UPI,47083.33,Successful,2025-08-16
4413,4413,Credit Card,11888.73,Successful,2025-06-28
4414,4414,UPI,61629.38,Refunded,2025-01-26
4415,4415,UPI,242028.86,Refunded,2025-10-30
4416,4416,Debit Card,32151.21,Pending,2025-02-23
4417,4417,UPI,18401.19,Successful,2025-03-29
4418,4418,UPI,45293.03,Refunded,2024-02-11
4419,4419,UPI,166643.97,Successful,2025-02-21
4420,4420,Wallet,7162.85,Successful,2025-03-31
4421,4421,Wallet,9027.06,Successful,2024-09-04
4422,4422,UPI,44453.75,Successful,2024-06-26
4423,4423,Debit Card,529.68,Successful,2025-11-02
4424,4424,Credit Card,7263.09,Successful,2025-12-01
4425,4425,Credit Card,65618.88,Successful,2025-09-24
4426,4426,Debit Card,32392.9,Pending,2025-02-17
4427,4427,Credit Card,144564.05,Successful,2025-01-21
4428,4428,Debit Card,18154.94,Successful,2024-01-04
4429,4429,Wallet,2461.84,Successful,2025-03-26
4430,4430,UPI,7239.21,Successful,2024-11-08
4431,4431,Debit Card,20236.03,Successful,2024-02-21
4432,4432,UPI,19672.59,Successful,2025-06-28
4433,4433,UPI,402.12,Successful,2024-12-17
4434,4434,Debit Card,3922.65,Pending,2025-06-19
4435,4435,UPI,13115.8,Successful,2024-11-15
4436,4436,UPI,10107.28,Successful,2025-04-01
4437,4437,UPI,10054.98,Successful,2024-01-31
4438,4438,Credit Card,47326.29,Successful,2025-04-03
4439,4439,Wallet,422780.97,Successful,2025-08-28
4440,4440,Credit Card,34922.9,Successful,2025-05-10
4441,4441,UPI,2481.19,Successful,2024-11-30
4442,4442,Credit Card,756.54,Successful,2025-08-13
4443,4443,COD,8056.5,Successful,2025-05-10
4444,4444,Debit Card,106302.05,Successful,2025-12-20
4445,4445,Net Banking,23358.13,Successful,2025-02-22
4446,4446,Credit Card,6072.79,Successful,2025-02-08
4447,4447,Credit Card,18050.93,Successful,2024-07-06
4448,4448,UPI,103673.84,Successful,2024-11-29
4449,4449,Net Banking,78467.06,Refunded,2024-12-15
4450,4450,UPI,539.26,Refunded,2024-06-15
4451,4451,Wallet,9962.82,Successful,2025-05-15
4452,4452,Net Banking,48177.7,Successful,2024-10-10
4453,4453,Net Banking,16244.8,Successful,2024-03-13
4454,4454,COD,102565.18,Successful,2025-04-23
4455,4455,UPI,33854.62,Successful,2024-06-26
4456,4456,Debit Card,27686.57,Pending,2024-06-26
4457,4457,Net Banking,41584.38,Successful,2025-05-09
4458,4458,Wallet,225523.82,Successful,2024-07-15
4459,4459,Debit Card,18692.74,Successful,2025-05-20
4460,4460,Credit Card,3809.94,Refunded,2025-07-04
4461,4461,UPI,1383.96,Successful,2024-09-24
4462,4462,COD,89923.26,Successful,2025-05-15
4463,4463,UPI,30331.74,Successful,2025-12-24
4464,4464,UPI,5415.04,Refunded,2024-02-16
4465,4465,Debit Card,96906.89,Successful,2025-05-12
4466,4466,UPI,63305.66,Successful,2025-08-11
4467,4467,Net Banking,51273.75,Successful,2024-12-27
4468,4468,Wallet,11746.06,Successful,2025-04-06
4469,4469,Net Banking,92345.94,Successful,2025-05-06
4470,4470,Net Banking,11680.65,Successful,2024-12-19
4471,4471,Debit Card,3476.96,Successful,2024-05-09
4472,4472,COD,66378.62,Successful,2024-03-29
4473,4473,Credit Card,35720.31,Successful,2025-04-25
4474,4474,COD,6224.26,Successful,2024-11-16
4475,4475,Wallet,38318.31,Successful,2024-09-01
4476,4476,Net Banking,5339.01,Successful,2024-03-24
4477,4477,Wallet,22515.19,Successful,2024-11-03
4478,4478,UPI,131917.72,Successful,2025-04-08
4479,4479,COD,72395.98,Successful,2025-05-09
4480,4480,Credit Card,74767.84,Successful,2024-07-21
4481,4481,UPI,27065.81,Successful,2025-04-21
4482,4482,COD,117960.92,Successful,2025-01-06
4483,4483,Wallet,250825.86,Successful,2024-11-11
4484,4484,Wallet,20386.17,Successful,2024-06-10
4485,4485,Debit Card,16859.78,Successful,2024-10-03
4486,4486,Wallet,41063.66,Successful,2024-10-28
4487,4487,Wallet,137343.72,Successful,2024-02-23
4488,4488,COD,420780.22,Successful,2024-12-31
4489,4489,Credit Card,23640.75,Successful,2024-06-23
4490,4490,Credit Card,60349.03,Successful,2024-05-21
4491,4491,COD,136063.42,Successful,2024-08-17
4492,4492,COD,96071.27,Refunded,2024-03-28
4493,4493,Net Banking,287891.48,Successful,2024-03-02
4494,4494,Credit Card,11624.33,Successful,2024-04-21
4495,4495,UPI,21412.65,Successful,2024-07-08
4496,4496,Credit Card,28199.62,Successful,2024-12-05
4497,4497,Net Banking,15474.97,Successful,2024-03-10
4498,4498,Credit Card,26509.88,Successful,2024-08-12
4499,4499,Debit Card,6139.16,Pending,2025-04-05
4500,4500,Debit Card,26076.52,Successful,2024-09-08
4501,4501,Debit Card,74989.89,Refunded,2025-03-03
4502,4502,Net Banking,132283.3,Successful,2024-03-27
4503,4503,UPI,30159.73,Successful,2024-06-24
4504,4504,Credit Card,53601.75,Successful,2024-09-01
4505,4505,COD,88434.03,Successful,2025-09-12
4506,4506,UPI,6223.36,Successful,2024-02-28
4507,4507,Net Banking,13535.16,Successful,2025-10-25
4508,4508,Debit Card,22517.66,Successful,2025-12-24
4509,4509,COD,12058.92,Successful,2024-10-20
4510,4510,Credit Card,5881.85,Successful,2025-09-06
4511,4511,Debit Card,2366.97,Successful,2025-04-01
4512,4512,Credit Card,204620.21,Successful,2025-09-29
4513,4513,Debit Card,13509.95,Successful,2024-01-23
4514,4514,Debit Card,6250.7,Pending,2024-07-08
4515,4515,Credit Card,37931.48,Refunded,2025-07-28
4516,4516,Credit Card,61669.61,Successful,2025-06-08
4517,4517,Credit Card,43328.33,Successful,2024-08-26
4518,4518,Wallet,211925.72,Successful,2024-08-02
4519,4519,UPI,64438.82,Successful,2024-07-04
4520,4520,UPI,107149.34,Successful,2025-08-06
4521,4521,Wallet,16068.23,Successful,2024-02-28
4522,4522,UPI,57207.94,Successful,2025-02-14
4523,4523,Wallet,918.12,Successful,2024-02-01
4524,4524,COD,77623.94,Successful,2025-07-04
4525,4525,COD,66067.6,Successful,2024-10-01
4526,4526,Debit Card,41571.2,Pending,2025-10-25
4527,4527,Debit Card,88781.12,Successful,2024-11-10
4528,4528,Credit Card,149928.01,Successful,2025-01-19
4529,4529,Wallet,177907.76,Successful,2024-02-08
4530,4530,UPI,154049.25,Pending,2024-09-13
4531,4531,Debit Card,97195.52,Successful,2024-01-23
4532,4532,Net Banking,27849.99,Successful,2025-09-17
4533,4533,Credit Card,12718.68,Successful,2025-04-27
4534,4534,UPI,42693.6,Successful,2025-01-02
4535,4535,Net Banking,55053.65,Successful,2024-08-24
4536,4536,Credit Card,45435.64,Successful,2025-02-26
4537,4537,Credit Card,36585.49,Successful,2024-05-20
4538,4538,Credit Card,61919.11,Successful,2025-11-04
4539,4539,COD,30150.48,Successful,2024-01-12
4540,4540,Wallet,38977.75,Successful,2024-11-17
4541,4541,Debit Card,19031.36,Successful,2025-11-06
4542,4542,Credit Card,22586.4,Successful,2025-04-01
4543,4543,UPI,2266.38,Successful,2025-12-12
4544,4544,Debit Card,58593.19,Successful,2025-08-30
4545,4545,Credit Card,16186.37,Refunded,2025-03-05
4546,4546,Credit Card,198504.68,Successful,2025-05-15
4547,4547,Credit Card,8586.63,Successful,2025-09-01
4548,4548,COD,66637.53,Successful,2025-11-03
4549,4549,UPI,14232.56,Successful,2025-06-06
4550,4550,UPI,13775.72,Successful,2025-12-02
4551,4551,UPI,4015.84,Successful,2025-10-04
4552,4552,Wallet,404.53,Successful,2025-07-27
4553,4553,Net Banking,20957.94,Successful,2024-02-07
4554,4554,Net Banking,30587.28,Refunded,2024-01-04
4555,4555,UPI,353269.4,Successful,2024-10-24
4556,4556,Debit Card,102947.27,Successful,2025-03-06
4557,4557,Credit Card,38412.39,Pending,2025-12-30
4558,4558,COD,26589.38,Successful,2025-09-13
4559,4559,Wallet,21225.1,Successful,2025-08-06
4560,4560,UPI,3944.2,Successful,2025-09-14
4561,4561,Wallet,22244.19,Successful,2025-02-03
4562,4562,Wallet,688.76,Successful,2025-06-23
4563,4563,COD,7682.98,Successful,2025-07-31
4564,4564,COD,112036.65,Successful,2024-11-08
4565,4565,Credit Card,129755.2,Pending,2025-01-10
4566,4566,COD,15141.34,Successful,2024-04-03
4567,4567,Debit Card,15684.31,Successful,2024-06-01
4568,4568,Net Banking,11552.55,Successful,2024-12-23
4569,4569,Wallet,260391.14,Successful,2025-12-23
4570,4570,Net Banking,2712.56,Successful,2025-01-25
4571,4571,Net Banking,55376.45,Successful,2024-06-15
4572,4572,UPI,13140.4,Successful,2025-11-23
4573,4573,Credit Card,11941.42,Successful,2024-05-23
4574,4574,Debit Card,46371.43,Successful,2025-11-07
4575,4575,UPI,168512.83,Successful,2025-06-05
4576,4576,Debit Card,14235.5,Successful,2025-07-19
4577,4577,Credit Card,53896.18,Successful,2025-04-17
4578,4578,Debit Card,34093.69,Successful,2024-04-09
4579,4579,Net Banking,17334.2,Successful,2024-10-18
4580,4580,Net Banking,242636.06,Successful,2024-02-02
4581,4581,Debit Card,166453.41,Successful,2024-11-12
4582,4582,UPI,47737.69,Successful,2024-10-11
4583,4583,Net Banking,17280.04,Successful,2024-11-17
4584,4584,COD,12526.09,Successful,2025-09-27
4585,4585,UPI,26994.29,Successful,2025-01-23
4586,4586,UPI,16924.72,Successful,2025-10-10
4587,4587,Credit Card,22020.99,Successful,2024-05-13
4588,4588,UPI,106560.54,Successful,2025-04-25
4589,4589,Wallet,175628.37,Successful,2025-11-09
4590,4590,Wallet,4857.15,Successful,2024-04-17
4591,4591,Net Banking,36429.96,Successful,2024-01-14
4592,4592,Wallet,8414.15,Pending,2025-07-11
4593,4593,Credit Card,28232.44,Successful,2025-06-23
4594,4594,COD,6375.97,Successful,2025-08-22
4595,4595,Net Banking,1763.67,Successful,2025-04-30
4596,4596,Credit Card,59415.72,Successful,2024-10-16
4597,4597,Credit Card,4829.22,Refunded,2024-09-22
4598,4598,COD,252026.39,Successful,2025-02-07
4599,4599,Debit Card,4122.01,Successful,2025-04-20
4600,4600,Wallet,12541.11,Successful,2024-04-22
4601,4601,Wallet,9842.91,Successful,2025-01-26
4602,4602,Wallet,4981.77,Pending,2025-09-10
4603,4603,Wallet,42936.12,Successful,2024-03-31
4604,4604,Debit Card,3316.41,Successful,2025-05-29
4605,4605,Debit Card,17894.08,Pending,2025-08-17
4606,4606,Credit Card,8366.58,Successful,2025-01-23
4607,4607,Net Banking,134911.58,Successful,2025-05-15
4608,4608,Net Banking,14785.67,Successful,2024-03-06
4609,4609,UPI,35919.38,Refunded,2024-07-24
4610,4610,Net Banking,52407.3,Successful,2025-07-31
4611,4611,UPI,50315.03,Refunded,2024-03-30
4612,4612,Credit Card,16480.91,Successful,2025-04-03
4613,4613,Debit Card,61335.31,Successful,2024-02-11
4614,4614,Credit Card,21528.0,Pending,2024-02-18
4615,4615,Wallet,144750.2,Successful,2025-06-02
4616,4616,Wallet,1274.94,Pending,2024-09-27
4617,4617,Debit Card,47880.52,Successful,2024-11-19
4618,4618,Credit Card,51049.24,Successful,2025-05-01
4619,4619,Credit Card,68428.22,Successful,2024-08-15
4620,4620,UPI,3787.72,Successful,2025-10-07
4621,4621,UPI,16146.19,Successful,2024-08-25
4622,4622,Wallet,81571.37,Successful,2025-09-22
4623,4623,COD,5727.36,Successful,2024-11-05
4624,4624,Debit Card,6710.81,Successful,2025-04-07
4625,4625,Wallet,4062.44,Successful,2024-12-22
4626,4626,UPI,16533.9,Successful,2024-02-09
4627,4627,COD,30485.92,Successful,2024-11-01
4628,4628,UPI,98919.51,Successful,2024-02-11
4629,4629,COD,32249.67,Successful,2024-10-24
4630,4630,Wallet,56801.99,Successful,2025-07-30
4631,4631,COD,43298.25,Successful,2025-08-28
4632,4632,Wallet,6735.27,Successful,2025-10-28
4633,4633,COD,19118.82,Pending,2025-04-12
4634,4634,COD,64581.79,Successful,2024-08-15
4635,4635,Wallet,32860.42,Pending,2024-07-21
4636,4636,Wallet,41513.16,Successful,2024-04-18
4637,4637,UPI,27434.4,Successful,2025-03-11
4638,4638,Debit Card,5686.92,Successful,2024-04-05
4639,4639,Debit Card,45907.15,Successful,2025-01-01
4640,4640,COD,12602.23,Successful,2024-08-27
4641,4641,UPI,7823.23,Successful,2025-02-20
4642,4642,COD,74786.42,Successful,2025-08-04
4643,4643,Debit Card,29129.41,Refunded,2024-08-07
4644,4644,Wallet,123448.68,Successful,2024-02-29
4645,4645,Debit Card,82433.77,Successful,2025-01-30
4646,4646,Credit Card,50990.67,Successful,2024-04-25
4647,4647,Wallet,12049.95,Successful,2024-09-01
4648,4648,UPI,22329.1,Pending,2024-11-08
4649,4649,COD,121736.56,Refunded,2025-05-25
4650,4650,Wallet,14216.81,Pending,2025-07-29
4651,4651,Credit Card,2462.89,Successful,2025-11-09
4652,4652,Credit Card,55264.67,Successful,2025-02-03
4653,4653,Credit Card,15810.3,Successful,2024-09-06
4654,4654,UPI,33892.14,Successful,2025-05-08
4655,4655,Wallet,86787.96,Successful,2024-01-08
4656,4656,Wallet,73303.64,Pending,2024-08-24
4657,4657,Wallet,5203.12,Successful,2024-05-04
4658,4658,Debit Card,5036.54,Successful,2025-08-27
4659,4659,Wallet,1830.09,Successful,2024-09-28
4660,4660,UPI,29679.02,Successful,2025-12-12
4661,4661,Credit Card,502.82,Successful,2025-10-07
4662,4662,Wallet,145557.74,Successful,2024-08-25
4663,4663,UPI,6246.65,Successful,2025-12-14
4664,4664,Wallet,8852.04,Successful,2025-02-12
4665,4665,UPI,8983.47,Successful,2024-05-11
4666,4666,COD,24637.18,Successful,2024-06-29
4667,4667,Credit Card,15828.12,Successful,2024-04-26
4668,4668,Debit Card,5079.23,Successful,2025-03-11
4669,4669,Wallet,38453.57,Successful,2025-07-31
4670,4670,Credit Card,35537.26,Successful,2025-10-05
4671,4671,COD,52614.54,Successful,2024-01-05
4672,4672,Credit Card,19391.89,Successful,2024-07-16
4673,4673,Credit Card,30800.5,Successful,2025-08-09
4674,4674,COD,8091.82,Pending,2025-12-28
4675,4675,UPI,3818.87,Successful,2024-08-11
4676,4676,Wallet,33234.16,Successful,2025-05-23
4677,4677,UPI,7847.44,Successful,2025-10-08
4678,4678,COD,213363.06,Successful,2025-03-05
4679,4679,COD,27703.7,Successful,2025-06-30
4680,4680,Debit Card,3776.57,Successful,2024-03-26
4681,4681,Debit Card,45694.48,Successful,2025-01-28
4682,4682,Net Banking,65616.44,Successful,2024-01-31
4683,4683,Credit Card,9783.25,Successful,2025-10-05
4684,4684,Debit Card,6709.56,Successful,2025-10-03
4685,4685,Debit Card,45318.7,Successful,2024-10-07
4686,4686,Credit Card,10538.48,Successful,2025-11-16
4687,4687,UPI,26707.37,Successful,2024-12-20
4688,4688,Debit Card,96076.35,Pending,2025-02-17
4689,4689,Net Banking,86696.44,Successful,2024-09-05
4690,4690,UPI,3673.77,Successful,2024-11-27
4691,4691,Credit Card,21938.7,Successful,2025-09-23
4692,4692,Credit Card,73308.85,Pending,2024-10-15
4693,4693,Credit Card,5530.5,Pending,2025-03-15
4694,4694,Wallet,63842.43,Successful,2024-05-01
4695,4695,UPI,16071.71,Successful,2024-09-22
4696,4696,Wallet,12912.18,Successful,2025-05-27
4697,4697,Debit Card,3030.42,Successful,2025-11-24
4698,4698,Credit Card,26111.45,Refunded,2025-02-01
4699,4699,Debit Card,7260.79,Successful,2025-09-18
4700,4700,Net Banking,13002.65,Refunded,2024-01-17
4701,4701,COD,93990.22,Successful,2025-04-26
4702,4702,Debit Card,3885.28,Successful,2025-02-10
4703,4703,Wallet,4969.77,Successful,2025-06-05
4704,4704,Debit Card,3648.6,Successful,2024-11-25
4705,4705,Net Banking,13417.96,Pending,2025-04-26
4706,4706,Credit Card,73599.82,Successful,2025-08-07
4707,4707,UPI,70564.02,Successful,2024-12-22
4708,4708,Wallet,49470.91,Successful,2025-04-07
4709,4709,Net Banking,94250.82,Successful,2024-08-10
4710,4710,Debit Card,10281.18,Successful,2025-06-25
4711,4711,Debit Card,101437.29,Successful,2025-03-18
4712,4712,Credit Card,21933.74,Successful,2024-06-15
4713,4713,Debit Card,38521.87,Successful,2025-01-07
4714,4714,COD,79813.07,Successful,2025-12-18
4715,4715,COD,18242.84,Successful,2025-07-28
4716,4716,Wallet,5660.33,Pending,2024-06-27
4717,4717,COD,115309.91,Successful,2025-06-21
4718,4718,COD,21853.21,Successful,2025-03-16
4719,4719,Wallet,17136.56,Successful,2024-07-07
4720,4720,Credit Card,139342.62,Successful,2024-01-27
4721,4721,UPI,27304.14,Successful,2025-11-20
4722,4722,Credit Card,15254.6,Successful,2025-12-17
4723,4723,Credit Card,4485.85,Successful,2024-06-10
4724,4724,Wallet,78066.76,Refunded,2025-12-02
4725,4725,Debit Card,34123.55,Successful,2024-02-06
4726,4726,Credit Card,2400.76,Refunded,2024-09-21
4727,4727,Net Banking,100103.59,Successful,2025-12-10
4728,4728,Net Banking,105937.56,Successful,2024-05-19
4729,4729,UPI,186971.65,Successful,2025-06-28
4730,4730,Net Banking,120123.19,Successful,2025-12-03
4731,4731,Credit Card,43170.77,Pending,2024-12-04
4732,4732,Credit Card,17625.39,Successful,2025-08-09
4733,4733,Net Banking,67832.34,Refunded,2025-03-02
4734,4734,UPI,55724.48,Successful,2025-03-12
4735,4735,Net Banking,129853.83,Successful,2024-01-11
4736,4736,Wallet,33024.13,Successful,2024-09-17
4737,4737,Wallet,11149.54,Successful,2024-09-29
4738,4738,Credit Card,33794.75,Pending,2024-10-24
4739,4739,Net Banking,123398.18,Successful,2025-11-05
4740,4740,UPI,17055.66,Successful,2025-03-01
4741,4741,Net Banking,14795.52,Successful,2024-10-29
4742,4742,UPI,26645.07,Successful,2025-10-31
4743,4743,Wallet,28832.83,Successful,2025-03-03
4744,4744,UPI,22498.03,Refunded,2024-06-16
4745,4745,COD,78587.07,Successful,2024-06-16
4746,4746,Net Banking,6572.1,Successful,2025-06-02
4747,4747,Wallet,23971.16,Successful,2025-10-16
4748,4748,Net Banking,160563.63,Successful,2025-12-20
4749,4749,Credit Card,34723.68,Refunded,2024-12-17
4750,4750,UPI,1061.67,Successful,2024-04-21
4751,4751,Wallet,25485.36,Successful,2024-11-25
4752,4752,COD,37818.5,Successful,2025-12-23
4753,4753,Wallet,30312.18,Successful,2024-03-28
4754,4754,UPI,43861.55,Successful,2024-08-31
4755,4755,Credit Card,113650.78,Successful,2025-06-05
4756,4756,Wallet,19619.71,Successful,2025-03-20
4757,4757,COD,39660.59,Successful,2024-05-16
4758,4758,Debit Card,101712.37,Successful,2024-12-03
4759,4759,Net Banking,79241.13,Successful,2024-07-07
4760,4760,Wallet,91309.55,Successful,2025-04-01
4761,4761,Credit Card,46353.18,Successful,2024-04-02
4762,4762,UPI,90846.69,Successful,2025-07-18
4763,4763,Debit Card,3104.55,Successful,2025-02-25
4764,4764,Debit Card,119867.22,Successful,2025-12-03
4765,4765,UPI,132266.63,Successful,2025-01-02
4766,4766,COD,21481.63,Successful,2024-04-22
4767,4767,COD,3395.22,Pending,2024-04-29
4768,4768,Credit Card,70498.18,Successful,2025-01-19
4769,4769,Credit Card,7282.44,Refunded,2025-11-30
4770,4770,COD,31567.87,Successful,2025-06-15
4771,4771,UPI,6962.96,Successful,2025-05-24
4772,4772,Credit Card,22978.51,Successful,2025-08-09
4773,4773,UPI,48510.6,Successful,2025-08-31
4774,4774,Wallet,40157.43,Successful,2025-12-15
4775,4775,Net Banking,47920.6,Successful,2024-08-13
4776,4776,UPI,54131.21,Successful,2025-06-18
4777,4777,Debit Card,65311.73,Successful,2025-10-23
4778,4778,Net Banking,3566.61,Successful,2025-06-09
4779,4779,Credit Card,14790.99,Successful,2024-08-30
4780,4780,Wallet,13142.97,Successful,2025-12-31
4781,4781,COD,5200.22,Successful,2024-09-01
4782,4782,UPI,53232.86,Pending,2025-11-03
4783,4783,UPI,41842.1,Successful,2025-10-22
4784,4784,Debit Card,72483.83,Successful,2024-02-15
4785,4785,Debit Card,6171.65,Successful,2025-03-15
4786,4786,Wallet,78319.48,Successful,2025-11-03
4787,4787,COD,146398.98,Refunded,2024-04-22
4788,4788,COD,11198.68,Successful,2024-09-14
4789,4789,UPI,9411.5,Successful,2025-09-18
4790,4790,UPI,39590.4,Successful,2024-02-25
4791,4791,Debit Card,58918.22,Successful,2025-03-16
4792,4792,COD,99316.93,Successful,2025-11-21
4793,4793,Net Banking,24448.95,Successful,2024-03-16
4794,4794,Credit Card,14427.42,Successful,2024-11-12
4795,4795,Wallet,2444.09,Successful,2024-02-29
4796,4796,Debit Card,51527.18,Successful,2025-04-24
4797,4797,COD,42253.41,Successful,2025-10-17
4798,4798,UPI,51294.61,Successful,2024-01-04
4799,4799,Debit Card,17157.46,Successful,2024-06-04
4800,4800,Net Banking,1435.05,Successful,2024-01-14
4801,4801,Debit Card,2067.93,Successful,2024-12-16
4802,4802,UPI,134421.47,Successful,2024-07-10
4803,4803,UPI,233983.82,Successful,2025-02-07
4804,4804,COD,24531.91,Refunded,2025-11-18
4805,4805,UPI,3988.11,Successful,2024-09-27
4806,4806,Credit Card,5655.86,Successful,2024-09-10
4807,4807,UPI,18087.01,Successful,2025-09-20
4808,4808,Debit Card,89967.29,Successful,2024-11-19
4809,4809,Credit Card,13652.2,Successful,2024-06-01
4810,4810,Net Banking,66610.29,Successful,2024-07-21
4811,4811,Net Banking,17439.1,Successful,2025-01-05
4812,4812,Credit Card,3774.33,Successful,2024-06-14
4813,4813,Credit Card,26150.11,Successful,2024-04-06
4814,4814,COD,127096.37,Successful,2024-01-15
4815,4815,Net Banking,36198.34,Successful,2024-04-17
4816,4816,Wallet,176683.83,Successful,2025-10-28
4817,4817,Wallet,36814.62,Successful,2024-10-31
4818,4818,Credit Card,79195.26,Successful,2024-01-06
4819,4819,UPI,3810.57,Successful,2024-12-14
4820,4820,UPI,80850.11,Successful,2025-12-24
4821,4821,Wallet,13704.06,Successful,2025-07-07
4822,4822,UPI,7217.34,Successful,2024-08-26
4823,4823,COD,44129.63,Refunded,2025-08-14
4824,4824,Credit Card,48727.64,Successful,2024-02-09
4825,4825,UPI,59388.83,Successful,2025-02-16
4826,4826,COD,82134.61,Successful,2024-05-25
4827,4827,UPI,92884.36,Successful,2024-07-08
4828,4828,UPI,3797.32,Successful,2025-01-19
4829,4829,Credit Card,23995.05,Successful,2025-09-14
4830,4830,Wallet,27677.92,Successful,2024-03-10
4831,4831,Net Banking,47349.57,Successful,2024-08-01
4832,4832,UPI,22524.64,Successful,2025-04-16
4833,4833,Net Banking,46436.24,Successful,2025-01-27
4834,4834,Wallet,20432.22,Refunded,2024-09-01
4835,4835,Debit Card,5739.99,Refunded,2024-03-15
4836,4836,COD,16876.61,Successful,2025-10-26
4837,4837,COD,75062.79,Successful,2024-01-26
4838,4838,Debit Card,39079.91,Successful,2024-02-29
4839,4839,Wallet,133721.18,Successful,2025-11-01
4840,4840,Wallet,91297.62,Successful,2024-02-25
4841,4841,Debit Card,15076.3,Successful,2025-07-09
4842,4842,Credit Card,171130.5,Successful,2024-05-30
4843,4843,COD,1178.26,Successful,2025-06-15
4844,4844,Wallet,91903.91,Successful,2024-06-20
4845,4845,Wallet,581.04,Successful,2024-09-22
4846,4846,UPI,5230.8,Refunded,2024-05-21
4847,4847,Wallet,27405.36,Successful,2025-08-06
4848,4848,Credit Card,2977.91,Successful,2024-10-01
4849,4849,UPI,6650.88,Successful,2024-12-16
4850,4850,Net Banking,46691.65,Successful,2025-12-15
4851,4851,COD,76099.15,Successful,2024-01-16
4852,4852,UPI,8767.47,Successful,2024-11-23
4853,4853,UPI,11994.27,Successful,2024-03-30
4854,4854,Net Banking,3907.06,Successful,2024-06-07
4855,4855,COD,1722.39,Successful,2025-09-05
4856,4856,COD,28491.63,Refunded,2024-03-14
4857,4857,COD,254890.38,Successful,2024-01-03
4858,4858,Credit Card,38478.18,Successful,2025-03-13
4859,4859,Credit Card,47821.18,Successful,2025-06-14
4860,4860,Debit Card,56560.02,Successful,2025-10-20
4861,4861,Wallet,113440.41,Successful,2025-08-15
4862,4862,Debit Card,36608.56,Successful,2025-06-22
4863,4863,UPI,58028.48,Successful,2024-09-28
4864,4864,Credit Card,6467.5,Refunded,2025-11-21
4865,4865,Credit Card,26718.36,Successful,2024-03-27
4866,4866,Debit Card,16850.18,Successful,2024-09-27
4867,4867,Net Banking,49076.84,Successful,2024-05-02
4868,4868,Credit Card,19768.58,Successful,2025-02-13
4869,4869,UPI,7461.0,Successful,2025-04-23
4870,4870,Credit Card,16122.52,Successful,2024-10-19
4871,4871,Debit Card,27696.25,Successful,2025-08-15
4872,4872,Debit Card,34253.2,Successful,2024-06-06
4873,4873,Wallet,17638.95,Successful,2024-12-03
4874,4874,Credit Card,113015.22,Successful,2024-01-04
4875,4875,Net Banking,31805.21,Refunded,2025-07-24
4876,4876,Net Banking,38863.92,Successful,2024-02-19
4877,4877,UPI,5246.77,Pending,2025-12-03
4878,4878,Credit Card,55976.95,Successful,2024-07-01
4879,4879,Credit Card,49199.66,Successful,2025-04-29
4880,4880,COD,52289.6,Successful,2025-10-28
4881,4881,Debit Card,19352.13,Successful,2024-12-09
4882,4882,UPI,4038.83,Refunded,2025-04-10
4883,4883,Net Banking,61396.64,Successful,2024-06-05
4884,4884,Wallet,9967.77,Successful,2024-09-21
4885,4885,Debit Card,42885.14,Successful,2024-10-18
4886,4886,COD,6421.3,Successful,2025-11-27
4887,4887,COD,35165.68,Successful,2024-09-04
4888,4888,UPI,43130.53,Pending,2025-03-30
4889,4889,Credit Card,2635.28,Successful,2025-12-04
4890,4890,Debit Card,17588.75,Pending,2025-01-20
4891,4891,Wallet,154083.38,Pending,2025-05-23
4892,4892,Net Banking,23872.01,Pending,2024-02-18
4893,4893,Wallet,16152.31,Successful,2025-06-15
4894,4894,Credit Card,43836.44,Successful,2025-06-14
4895,4895,Debit Card,7304.6,Successful,2024-06-24
4896,4896,Credit Card,79442.34,Successful,2024-10-01
4897,4897,Wallet,7992.18,Successful,2024-08-03
4898,4898,Credit Card,141389.42,Refunded,2025-03-28
4899,4899,Credit Card,40289.53,Successful,2025-12-11
4900,4900,Credit Card,1096.36,Successful,2024-03-14
4901,4901,Credit Card,24092.11,Successful,2025-06-08
4902,4902,Wallet,28543.62,Pending,2024-08-16
4903,4903,UPI,5751.24,Successful,2025-02-28
4904,4904,Wallet,40752.95,Refunded,2025-04-09
4905,4905,Wallet,86471.8,Successful,2025-06-28
4906,4906,Wallet,18042.2,Successful,2025-03-05
4907,4907,Net Banking,4257.66,Successful,2025-11-10
4908,4908,UPI,3393.21,Pending,2025-07-14
4909,4909,Credit Card,20662.4,Successful,2025-05-12
4910,4910,Credit Card,13239.91,Successful,2024-05-25
4911,4911,Net Banking,4438.63,Successful,2025-12-02
4912,4912,Wallet,17632.56,Successful,2025-01-31
4913,4913,Net Banking,23607.98,Successful,2024-04-17
4914,4914,Credit Card,21641.78,Successful,2024-07-04
4915,4915,COD,19553.77,Successful,2024-12-11
4916,4916,Net Banking,20745.72,Successful,2024-07-04
4917,4917,UPI,39538.23,Successful,2025-06-02
4918,4918,Net Banking,6338.47,Successful,2025-06-22
4919,4919,COD,10252.53,Successful,2025-06-11
4920,4920,Credit Card,36827.31,Successful,2024-09-01
4921,4921,Wallet,77886.26,Successful,2025-08-19
4922,4922,Debit Card,4751.16,Refunded,2024-01-05
4923,4923,Credit Card,26649.91,Successful,2024-12-09
4924,4924,COD,21553.24,Successful,2024-09-15
4925,4925,Debit Card,80819.19,Successful,2024-06-08
4926,4926,Credit Card,7218.42,Successful,2025-05-05
4927,4927,Net Banking,15157.38,Successful,2025-02-22
4928,4928,Credit Card,2193.37,Successful,2025-02-16
4929,4929,Net Banking,31524.08,Successful,2024-03-07
4930,4930,Debit Card,1712.74,Successful,2025-09-23
4931,4931,UPI,4611.41,Successful,2024-04-16
4932,4932,Credit Card,588.51,Successful,2024-11-05
4933,4933,Debit Card,33839.82,Successful,2025-11-23
4934,4934,Wallet,81713.72,Successful,2025-05-19
4935,4935,Debit Card,23525.07,Successful,2024-11-04
4936,4936,COD,86304.77,Successful,2024-04-20
4937,4937,UPI,439039.92,Successful,2025-05-19
4938,4938,Credit Card,1668.55,Successful,2024-02-20
4939,4939,Wallet,25796.26,Successful,2024-11-01
4940,4940,Debit Card,193604.38,Successful,2024-08-27
4941,4941,Net Banking,122081.9,Successful,2025-06-21
4942,4942,Net Banking,14324.52,Successful,2025-06-20
4943,4943,COD,77983.53,Successful,2025-11-11
4944,4944,COD,71684.69,Successful,2024-11-20
4945,4945,Net Banking,12796.17,Successful,2025-09-15
4946,4946,COD,54089.6,Successful,2024-06-10
4947,4947,UPI,10667.06,Successful,2024-12-04
4948,4948,Debit Card,38409.49,Successful,2025-11-24
4949,4949,UPI,4206.34,Successful,2025-04-17
4950,4950,Wallet,7841.45,Successful,2024-06-12
4951,4951,UPI,75314.03,Successful,2025-06-22
4952,4952,Debit Card,80537.33,Successful,2025-05-10
4953,4953,COD,220184.01,Pending,2025-11-10
4954,4954,Wallet,13677.31,Successful,2025-01-23
4955,4955,Net Banking,45024.43,Successful,2025-05-12
4956,4956,Wallet,11476.93,Successful,2024-03-22
4957,4957,Net Banking,274491.77,Pending,2024-08-21
4958,4958,UPI,185669.64,Refunded,2025-10-14
4959,4959,Net Banking,61548.27,Successful,2024-06-27
4960,4960,Debit Card,4341.85,Successful,2025-04-09
4961,4961,UPI,84872.29,Successful,2024-12-04
4962,4962,Debit Card,18882.92,Successful,2024-08-14
4963,4963,Debit Card,15604.94,Successful,2025-10-14
4964,4964,Credit Card,102730.82,Successful,2025-04-06
4965,4965,COD,58838.14,Successful,2024-09-18
4966,4966,COD,28810.79,Successful,2024-12-11
4967,4967,Net Banking,50052.61,Refunded,2025-12-20
4968,4968,Credit Card,22318.86,Successful,2025-04-16
4969,4969,Wallet,118269.73,Successful,2025-07-27
4970,4970,COD,28641.09,Pending,2025-10-15
4971,4971,Net Banking,51984.45,Successful,2024-08-26
4972,4972,Wallet,50022.53,Successful,2024-01-14
4973,4973,COD,95061.66,Refunded,2024-09-28
4974,4974,UPI,20254.89,Refunded,2024-07-11
4975,4975,Credit Card,11201.56,Successful,2024-06-17
4976,4976,UPI,84160.53,Successful,2025-12-10
4977,4977,Net Banking,48388.95,Successful,2024-06-15
4978,4978,UPI,66672.61,Successful,2025-09-01
4979,4979,COD,101569.48,Successful,2024-02-03
4980,4980,Debit Card,107001.64,Successful,2024-07-30
4981,4981,Credit Card,25978.32,Successful,2024-09-09
4982,4982,Debit Card,5397.82,Successful,2025-06-03
4983,4983,UPI,55863.04,Successful,2024-09-10
4984,4984,Net Banking,25953.85,Pending,2025-07-18
4985,4985,Debit Card,2350.83,Successful,2024-04-30
4986,4986,Debit Card,4696.85,Successful,2024-07-22
4987,4987,Credit Card,213301.91,Successful,2025-04-08
4988,4988,Debit Card,109539.78,Successful,2025-01-28
4989,4989,COD,4068.92,Successful,2025-12-16
4990,4990,Debit Card,23303.92,Successful,2025-05-23
4991,4991,Credit Card,20723.89,Successful,2025-01-11
4992,4992,COD,25811.7,Successful,2025-12-07
4993,4993,Credit Card,133828.77,Successful,2025-04-01
4994,4994,Net Banking,66153.26,Successful,2024-10-20
4995,4995,Wallet,60569.94,Refunded,2024-06-14
4996,4996,COD,1181.16,Successful,2025-01-10
4997,4997,UPI,6870.8,Successful,2025-06-28
4998,4998,Net Banking,3566.54,Successful,2025-02-08
4999,4999,Debit Card,33341.92,Successful,2025-12-30
5000,5000,Debit Card,6367.56,Refunded,2024-10-30
