review_id,customer_id,product_id,rating,review_date,review_text
1,554,168,5,2026-01-12,Excellent product.
2,944,268,5,2024-05-18,Excellent product.
3,639,230,4,2025-08-04,Good product.
4,625,291,5,2025-06-15,Excellent product.
5,853,211,5,2025-09-10,Excellent product.
6,345,118,5,2024-04-18,Excellent product.
7,987,173,5,2025-10-21,Excellent product.
8,576,109,4,2025-07-08,Good product.
9,539,193,3,2024-08-03,Decent product.
10,608,242,5,2025-06-03,Excellent product.
11,54,143,3,2025-01-05,Decent product.
12,309,229,4,2024-03-04,Good product.
13,562,37,5,2025-03-27,Excellent product.
14,408,35,5,2024-11-11,Excellent product.
15,65,109,5,2025-01-03,Excellent product.
16,519,107,5,2024-07-05,Excellent product.
17,856,78,5,2025-05-16,Excellent product.
18,808,130,5,2025-07-15,Excellent product.
19,242,52,5,2024-08-24,Excellent product.
20,458,147,4,2025-01-01,Good product.
21,137,207,5,2025-02-01,Excellent product.
22,808,11,5,2024-07-05,Excellent product.
23,414,165,4,2024-04-08,Good product.
24,778,159,5,2024-12-13,Excellent product.
25,142,123,4,2025-01-27,Good product.
26,597,212,5,2025-12-15,Excellent product.
27,228,146,4,2024-12-26,Good product.
28,119,218,4,2025-07-04,Good product.
29,946,217,3,2024-09-22,Decent product.
30,312,266,5,2025-01-17,Excellent product.
31,785,300,4,2024-11-07,Good product.
32,250,293,4,2025-04-04,Good product.
33,53,22,4,2025-05-15,Good product.
34,99,208,3,2024-03-07,Decent product.
35,70,111,5,2024-11-14,Excellent product.
36,630,166,4,2024-05-10,Good product.
37,413,3,5,2025-05-23,Excellent product.
38,845,69,5,2025-06-02,Excellent product.
39,700,65,2,2024-03-03,Below expectations.
40,720,284,3,2025-06-24,Decent product.
41,482,65,3,2024-05-30,Decent product.
42,672,33,2,2025-04-19,Below expectations.
43,126,197,5,2025-03-02,Excellent product.
44,226,180,5,2025-09-25,Excellent product.
45,976,286,4,2024-02-24,Good product.
46,276,58,1,2024-04-01,Not satisfied.
47,937,52,5,2025-04-25,Excellent product.
48,996,151,3,2025-12-03,Decent product.
49,987,139,4,2025-10-01,Good product.
50,20,104,5,2024-12-02,Excellent product.
51,816,137,4,2025-09-15,Good product.
52,649,254,4,2024-12-28,Good product.
53,38,27,5,2024-07-18,Excellent product.
54,141,205,5,2025-02-02,Excellent product.
55,162,228,5,2025-09-02,Excellent product.
56,119,133,4,2024-09-05,Good product.
57,500,247,5,2025-08-26,Excellent product.
58,68,259,5,2024-07-08,Excellent product.
59,596,277,5,2024-07-27,Excellent product.
60,920,219,5,2026-01-08,Excellent product.
61,392,39,4,2024-02-18,Good product.
62,653,165,3,2025-09-15,Decent product.
63,355,257,5,2025-05-06,Excellent product.
64,54,6,5,2024-05-30,Excellent product.
65,820,256,4,2024-04-30,Good product.
66,5,280,5,2024-10-13,Excellent product.
67,475,24,5,2025-06-05,Excellent product.
68,986,29,4,2024-04-13,Good product.
69,21,207,5,2025-08-15,Excellent product.
70,739,250,5,2025-06-16,Excellent product.
71,925,137,4,2024-05-06,Good product.
72,983,74,5,2024-04-03,Excellent product.
73,797,159,3,2024-09-07,Decent product.
74,87,12,1,2024-03-12,Not satisfied.
75,686,276,5,2024-03-26,Excellent product.
76,410,32,4,2025-04-06,Good product.
77,74,187,5,2025-03-07,Excellent product.
78,190,137,5,2025-11-05,Excellent product.
79,772,78,4,2024-10-14,Good product.
80,728,275,5,2025-03-20,Excellent product.
81,907,172,4,2025-10-29,Good product.
82,932,60,5,2024-10-14,Excellent product.
83,997,35,4,2025-04-29,Good product.
84,191,90,3,2024-02-27,Decent product.
85,791,83,3,2024-12-13,Decent product.
86,292,249,3,2024-07-15,Decent product.
87,279,213,5,2024-11-23,Excellent product.
88,276,173,4,2024-02-23,Good product.
89,271,260,5,2025-01-02,Excellent product.
90,411,228,5,2024-11-13,Excellent product.
91,255,94,4,2024-07-19,Good product.
92,81,216,4,2024-09-13,Good product.
93,121,49,4,2025-02-17,Good product.
94,400,167,5,2025-12-25,Excellent product.
95,687,101,5,2025-06-05,Excellent product.
96,337,289,2,2024-07-05,Below expectations.
97,535,220,3,2025-02-23,Decent product.
98,119,218,4,2025-07-08,Good product.
99,633,9,4,2025-05-26,Good product.
100,24,165,5,2025-03-07,Excellent product.
101,826,108,5,2025-03-02,Excellent product.
102,367,85,4,2024-08-24,Good product.
103,627,260,1,2024-05-25,Not satisfied.
104,75,42,5,2024-12-10,Excellent product.
105,27,288,5,2025-11-21,Excellent product.
106,160,231,5,2024-10-15,Excellent product.
107,616,268,5,2024-03-30,Excellent product.
108,505,189,5,2025-02-15,Excellent product.
109,673,16,4,2024-11-15,Good product.
110,395,48,3,2024-07-19,Decent product.
111,848,235,5,2024-06-07,Excellent product.
112,134,210,5,2025-11-01,Excellent product.
113,952,91,4,2024-12-05,Good product.
114,924,44,5,2024-04-08,Excellent product.
115,848,139,5,2024-06-22,Excellent product.
116,926,223,5,2024-07-02,Excellent product.
117,152,232,4,2025-04-09,Good product.
118,760,206,3,2026-01-02,Decent product.
119,618,196,3,2025-08-13,Decent product.
120,769,207,3,2024-03-28,Decent product.
121,439,117,4,2024-11-13,Good product.
122,618,182,4,2025-03-24,Good product.
123,819,215,2,2026-01-14,Below expectations.
124,473,33,5,2025-10-21,Excellent product.
125,337,262,5,2025-12-08,Excellent product.
126,832,287,4,2024-06-27,Good product.
127,364,101,4,2024-07-31,Good product.
128,209,101,5,2025-04-15,Excellent product.
129,243,274,5,2025-10-27,Excellent product.
130,687,93,5,2025-04-28,Excellent product.
131,430,295,5,2024-07-06,Excellent product.
132,944,211,4,2024-04-25,Good product.
133,851,232,5,2024-05-28,Excellent product.
134,349,110,4,2025-05-13,Good product.
135,915,38,5,2025-03-14,Excellent product.
136,930,5,3,2024-03-31,Decent product.
137,308,81,5,2025-08-14,Excellent product.
138,942,59,5,2025-08-25,Excellent product.
139,364,101,5,2024-08-14,Excellent product.
140,673,110,5,2024-05-12,Excellent product.
141,460,13,5,2024-02-10,Excellent product.
142,913,61,5,2024-09-30,Excellent product.
143,275,48,5,2025-04-13,Excellent product.
144,110,11,3,2024-08-07,Decent product.
145,750,130,3,2025-08-15,Decent product.
146,868,125,5,2025-06-23,Excellent product.
147,908,137,5,2024-11-25,Excellent product.
148,908,137,4,2024-11-13,Good product.
149,861,278,2,2025-11-09,Below expectations.
150,698,190,5,2025-09-04,Excellent product.
151,729,283,3,2024-03-20,Decent product.
152,383,35,4,2025-09-04,Good product.
153,535,45,5,2024-02-01,Excellent product.
154,138,131,5,2024-02-03,Excellent product.
155,662,42,5,2025-11-23,Excellent product.
156,937,62,4,2025-01-23,Good product.
157,483,242,5,2024-01-29,Excellent product.
158,908,243,3,2024-12-27,Decent product.
159,891,7,3,2024-10-26,Decent product.
160,140,198,4,2024-01-08,Good product.
161,151,56,4,2024-10-21,Good product.
162,484,39,5,2024-05-01,Excellent product.
163,671,200,5,2025-11-01,Excellent product.
164,698,288,5,2024-02-14,Excellent product.
165,204,149,5,2025-01-02,Excellent product.
166,760,132,5,2024-09-07,Excellent product.
167,832,253,2,2024-11-14,Below expectations.
168,322,254,4,2025-01-29,Good product.
169,130,52,4,2024-12-09,Good product.
170,255,91,3,2025-07-24,Decent product.
171,805,131,3,2024-05-13,Decent product.
172,1000,18,5,2025-02-06,Excellent product.
173,260,5,4,2025-03-12,Good product.
174,514,41,5,2024-05-07,Excellent product.
175,747,247,5,2025-09-17,Excellent product.
176,62,12,5,2025-04-22,Excellent product.
177,491,130,4,2025-10-19,Good product.
178,489,224,5,2025-03-21,Excellent product.
179,895,215,4,2024-03-21,Good product.
180,819,79,3,2024-03-16,Decent product.
181,369,22,5,2025-02-01,Excellent product.
182,83,237,5,2025-11-13,Excellent product.
183,383,217,2,2026-01-09,Below expectations.
184,782,103,5,2025-03-16,Excellent product.
185,552,197,4,2025-07-13,Good product.
186,904,288,4,2024-11-28,Good product.
187,298,231,4,2025-03-02,Good product.
188,280,149,5,2025-10-08,Excellent product.
189,483,65,5,2025-04-04,Excellent product.
190,206,145,5,2025-05-03,Excellent product.
191,866,118,3,2024-11-06,Decent product.
192,651,230,5,2024-12-02,Excellent product.
193,380,205,4,2025-10-09,Good product.
194,371,259,4,2025-02-26,Good product.
195,291,3,4,2024-03-09,Good product.
196,212,55,5,2024-08-19,Excellent product.
197,419,157,3,2024-09-14,Decent product.
198,225,40,5,2025-02-03,Excellent product.
199,728,284,5,2025-04-05,Excellent product.
200,785,292,1,2025-07-30,Not satisfied.
201,684,153,2,2025-08-28,Below expectations.
202,697,195,5,2025-07-18,Excellent product.
203,625,97,5,2025-02-26,Excellent product.
204,602,134,5,2024-08-03,Excellent product.
205,79,92,5,2024-05-12,Excellent product.
206,723,55,3,2024-05-01,Decent product.
207,782,185,2,2025-03-07,Below expectations.
208,190,103,5,2025-10-14,Excellent product.
209,146,158,5,2025-10-07,Excellent product.
210,658,71,5,2025-08-06,Excellent product.
211,678,299,3,2025-06-28,Decent product.
212,239,241,4,2025-12-14,Good product.
213,940,272,1,2024-01-06,Not satisfied.
214,807,232,4,2025-05-31,Good product.
215,68,297,3,2025-07-10,Decent product.
216,406,268,4,2024-07-07,Good product.
217,902,14,4,2025-08-30,Good product.
218,346,253,5,2025-08-21,Excellent product.
219,110,26,5,2025-06-28,Excellent product.
220,586,223,5,2025-06-12,Excellent product.
221,224,152,4,2024-12-13,Good product.
222,436,232,4,2025-10-07,Good product.
223,57,212,5,2025-03-14,Excellent product.
224,628,171,5,2026-02-05,Excellent product.
225,57,265,4,2025-06-10,Good product.
226,585,3,5,2025-01-31,Excellent product.
227,166,87,5,2024-03-05,Excellent product.
228,961,157,5,2024-11-08,Excellent product.
229,798,257,4,2025-04-03,Good product.
230,560,247,5,2025-12-14,Excellent product.
231,229,255,4,2025-12-18,Good product.
232,18,137,5,2025-03-19,Excellent product.
233,594,46,1,2024-05-10,Not satisfied.
234,482,194,3,2024-11-24,Decent product.
235,588,239,5,2024-07-09,Excellent product.
236,714,77,5,2025-02-16,Excellent product.
237,60,282,2,2025-03-17,Below expectations.
238,856,94,5,2025-06-10,Excellent product.
239,203,152,5,2025-06-14,Excellent product.
240,494,279,5,2025-03-19,Excellent product.
241,210,87,5,2025-07-20,Excellent product.
242,987,139,4,2025-09-25,Good product.
243,141,98,5,2024-04-11,Excellent product.
244,537,87,5,2026-01-03,Excellent product.
245,716,9,5,2025-01-26,Excellent product.
246,806,77,3,2025-07-31,Decent product.
247,566,200,5,2026-01-11,Excellent product.
248,289,45,3,2025-01-14,Decent product.
249,964,63,5,2025-07-20,Excellent product.
250,769,261,5,2024-11-17,Excellent product.
251,247,77,5,2024-10-13,Excellent product.
252,406,151,5,2024-11-18,Excellent product.
253,564,73,4,2024-02-09,Good product.
254,802,79,5,2024-08-28,Excellent product.
255,348,130,3,2024-03-17,Decent product.
256,576,15,4,2025-01-06,Good product.
257,271,61,5,2024-06-10,Excellent product.
258,576,234,4,2024-09-23,Good product.
259,756,140,5,2025-11-01,Excellent product.
260,389,297,3,2025-06-13,Decent product.
261,522,83,2,2024-05-18,Below expectations.
262,782,138,4,2025-08-10,Good product.
263,746,19,2,2025-02-02,Below expectations.
264,188,282,5,2024-07-13,Excellent product.
265,314,264,5,2025-10-12,Excellent product.
266,95,116,5,2025-06-29,Excellent product.
267,496,98,5,2024-06-18,Excellent product.
268,464,51,4,2024-08-02,Good product.
269,373,218,4,2024-09-05,Good product.
270,48,213,5,2024-05-20,Excellent product.
271,985,84,4,2025-07-03,Good product.
272,680,104,5,2025-03-11,Excellent product.
273,319,135,3,2025-05-09,Decent product.
274,842,5,3,2024-05-27,Decent product.
275,313,118,3,2025-04-30,Decent product.
276,138,131,5,2024-03-13,Excellent product.
277,718,219,4,2025-12-05,Good product.
278,717,290,5,2024-06-09,Excellent product.
279,249,35,5,2025-11-12,Excellent product.
280,291,109,3,2024-12-30,Decent product.
281,302,247,4,2025-05-11,Good product.
282,652,68,5,2024-01-19,Excellent product.
283,685,246,5,2024-06-02,Excellent product.
284,673,198,3,2025-03-21,Decent product.
285,297,65,4,2025-10-03,Good product.
286,137,207,5,2025-03-12,Excellent product.
287,947,196,5,2025-01-08,Excellent product.
288,986,235,3,2024-12-08,Decent product.
289,329,254,5,2024-05-01,Excellent product.
290,536,183,5,2024-05-22,Excellent product.
291,879,93,5,2025-01-09,Excellent product.
292,585,49,5,2025-09-06,Excellent product.
293,846,116,5,2025-03-03,Excellent product.
294,77,243,4,2024-10-12,Good product.
295,783,84,2,2025-04-25,Below expectations.
296,988,189,4,2024-04-20,Good product.
297,305,256,5,2024-07-14,Excellent product.
298,2,244,5,2025-06-15,Excellent product.
299,863,93,5,2025-11-03,Excellent product.
300,529,62,4,2025-01-01,Good product.
301,850,115,4,2025-01-02,Good product.
302,372,287,3,2024-02-15,Decent product.
303,937,98,5,2025-03-31,Excellent product.
304,972,105,5,2024-10-14,Excellent product.
305,308,37,3,2025-10-10,Decent product.
306,97,240,5,2025-02-08,Excellent product.
307,33,88,5,2024-02-15,Excellent product.
308,542,82,4,2025-11-08,Good product.
309,407,287,3,2024-02-27,Decent product.
310,765,143,5,2024-05-15,Excellent product.
311,630,3,5,2024-11-15,Excellent product.
312,157,206,5,2024-06-08,Excellent product.
313,77,211,4,2025-08-07,Good product.
314,45,294,5,2024-10-20,Excellent product.
315,186,250,5,2025-05-13,Excellent product.
316,671,79,4,2024-07-23,Good product.
317,723,112,5,2025-12-10,Excellent product.
318,262,198,5,2024-10-29,Excellent product.
319,932,57,4,2025-11-02,Good product.
320,723,270,5,2025-12-10,Excellent product.
321,326,159,4,2024-11-26,Good product.
322,390,212,5,2025-12-11,Excellent product.
323,34,36,5,2025-04-19,Excellent product.
324,73,34,5,2025-03-15,Excellent product.
325,700,32,4,2025-02-28,Good product.
326,47,32,5,2025-01-15,Excellent product.
327,711,91,4,2024-05-03,Good product.
328,853,286,5,2025-09-15,Excellent product.
329,15,282,4,2024-06-29,Good product.
330,473,133,3,2025-09-28,Decent product.
331,639,230,5,2025-07-14,Excellent product.
332,109,180,4,2025-09-18,Good product.
333,365,163,5,2024-08-07,Excellent product.
334,264,90,3,2025-12-04,Decent product.
335,12,12,5,2025-06-15,Excellent product.
336,895,2,4,2025-04-20,Good product.
337,264,90,5,2025-11-11,Excellent product.
338,932,57,4,2025-11-25,Good product.
339,210,65,5,2024-05-13,Excellent product.
340,252,297,3,2024-04-12,Decent product.
341,62,262,2,2025-04-27,Below expectations.
342,677,89,4,2025-10-19,Good product.
343,699,103,5,2025-09-24,Excellent product.
344,925,146,5,2024-05-02,Excellent product.
345,729,61,2,2024-11-11,Below expectations.
346,251,253,4,2025-04-02,Good product.
347,99,279,4,2025-02-09,Good product.
348,801,85,3,2025-01-22,Decent product.
349,53,41,4,2025-07-18,Good product.
350,418,32,3,2024-08-08,Decent product.
351,100,226,5,2024-11-26,Excellent product.
352,706,233,5,2024-07-20,Excellent product.
353,182,7,5,2025-08-03,Excellent product.
354,623,206,5,2026-01-05,Excellent product.
355,383,94,5,2025-10-15,Excellent product.
356,99,62,5,2024-08-01,Excellent product.
357,449,192,5,2024-02-09,Excellent product.
358,124,243,4,2025-07-25,Good product.
359,200,24,4,2024-02-16,Good product.
360,335,241,4,2025-07-08,Good product.
361,543,113,2,2024-11-24,Below expectations.
362,973,209,2,2025-10-07,Below expectations.
363,109,234,5,2024-06-12,Excellent product.
364,173,288,2,2024-09-01,Below expectations.
365,702,115,4,2026-01-26,Good product.
366,299,208,3,2024-10-05,Decent product.
367,962,216,5,2024-11-27,Excellent product.
368,880,175,1,2025-01-11,Not satisfied.
369,812,212,4,2025-10-24,Good product.
370,658,186,4,2025-08-21,Good product.
371,882,210,5,2025-06-18,Excellent product.
372,992,74,4,2025-06-19,Good product.
373,276,263,5,2025-07-12,Excellent product.
374,723,38,3,2025-08-09,Decent product.
375,520,222,5,2025-04-24,Excellent product.
376,472,195,3,2025-01-24,Decent product.
377,414,165,5,2024-03-22,Excellent product.
378,812,122,5,2024-05-02,Excellent product.
379,127,282,5,2025-01-11,Excellent product.
380,448,47,4,2024-11-05,Good product.
381,356,227,2,2025-10-12,Below expectations.
382,371,135,5,2025-03-03,Excellent product.
383,191,90,5,2024-02-06,Excellent product.
384,636,209,5,2025-06-20,Excellent product.
385,915,272,3,2025-06-10,Decent product.
386,977,153,5,2024-11-01,Excellent product.
387,317,149,4,2025-11-29,Good product.
388,321,148,5,2024-10-09,Excellent product.
389,602,226,5,2024-08-11,Excellent product.
390,661,295,4,2024-06-21,Good product.
391,16,252,5,2024-02-17,Excellent product.
392,979,281,4,2025-10-19,Good product.
393,930,27,5,2024-07-26,Excellent product.
394,723,12,2,2024-05-11,Below expectations.
395,442,147,3,2025-06-30,Decent product.
396,826,77,2,2025-06-24,Below expectations.
397,975,197,4,2024-11-14,Good product.
398,606,178,5,2024-08-11,Excellent product.
399,369,258,5,2025-06-07,Excellent product.
400,721,207,5,2025-03-20,Excellent product.
401,782,13,3,2025-03-06,Decent product.
402,780,67,5,2024-09-15,Excellent product.
403,105,148,4,2025-12-07,Good product.
404,361,285,5,2025-08-12,Excellent product.
405,438,161,5,2024-06-12,Excellent product.
406,741,8,4,2026-01-08,Good product.
407,597,36,4,2025-07-19,Good product.
408,920,76,4,2025-01-08,Good product.
409,868,258,4,2025-05-31,Good product.
410,905,299,1,2024-10-21,Not satisfied.
411,306,119,5,2025-01-11,Excellent product.
412,792,14,5,2024-04-05,Excellent product.
413,739,188,5,2024-09-16,Excellent product.
414,391,49,5,2025-07-14,Excellent product.
415,728,187,4,2025-09-09,Good product.
416,690,112,5,2024-07-10,Excellent product.
417,29,5,3,2024-06-13,Decent product.
418,896,70,5,2025-12-18,Excellent product.
419,148,170,4,2024-04-28,Good product.
420,419,17,5,2024-02-27,Excellent product.
421,96,121,2,2025-10-22,Below expectations.
422,587,110,4,2025-01-04,Good product.
423,727,109,5,2025-12-04,Excellent product.
424,302,223,4,2024-01-28,Good product.
425,63,263,5,2024-10-26,Excellent product.
426,864,63,5,2024-09-23,Excellent product.
427,96,110,5,2024-07-08,Excellent product.
428,486,12,3,2024-10-20,Decent product.
429,850,115,5,2024-12-05,Excellent product.
430,947,254,5,2025-12-19,Excellent product.
431,419,233,5,2024-08-06,Excellent product.
432,606,154,3,2024-08-10,Decent product.
433,11,285,1,2024-10-30,Not satisfied.
434,236,27,5,2024-06-02,Excellent product.
435,44,128,5,2025-01-29,Excellent product.
436,118,104,3,2025-03-07,Decent product.
437,266,289,3,2024-10-21,Decent product.
438,116,141,5,2024-05-17,Excellent product.
439,384,237,5,2025-08-20,Excellent product.
440,352,97,4,2025-11-03,Good product.
441,782,29,5,2024-11-27,Excellent product.
442,665,162,5,2026-01-11,Excellent product.
443,439,14,5,2024-08-03,Excellent product.
444,923,78,3,2025-09-22,Decent product.
445,112,170,2,2025-02-01,Below expectations.
446,64,206,4,2025-05-12,Good product.
447,846,67,5,2025-04-06,Excellent product.
448,160,163,2,2025-01-31,Below expectations.
449,532,207,5,2024-11-13,Excellent product.
450,481,4,5,2024-12-03,Excellent product.
451,41,290,5,2025-11-29,Excellent product.
452,879,32,5,2024-05-13,Excellent product.
453,800,80,5,2025-11-15,Excellent product.
454,974,141,5,2024-09-09,Excellent product.
455,631,227,2,2025-03-01,Below expectations.
456,8,292,2,2024-06-17,Below expectations.
457,332,42,4,2025-08-07,Good product.
458,300,247,4,2025-09-15,Good product.
459,310,195,4,2024-05-01,Good product.
460,556,54,5,2025-03-23,Excellent product.
461,208,73,2,2025-03-05,Below expectations.
462,421,298,4,2024-08-14,Good product.
463,873,66,5,2024-09-20,Excellent product.
464,151,175,5,2024-01-22,Excellent product.
465,50,149,5,2024-09-23,Excellent product.
466,909,96,4,2024-12-04,Good product.
467,402,249,4,2024-07-10,Good product.
468,231,16,4,2025-05-13,Good product.
469,496,206,5,2024-08-08,Excellent product.
470,327,46,5,2025-02-03,Excellent product.
471,77,112,5,2025-06-04,Excellent product.
472,908,137,3,2024-12-24,Decent product.
473,460,265,5,2024-02-12,Excellent product.
474,707,209,4,2025-09-23,Good product.
475,971,158,4,2025-12-26,Good product.
476,291,115,5,2025-10-25,Excellent product.
477,3,281,4,2025-03-22,Good product.
478,622,91,4,2024-07-28,Good product.
479,348,32,3,2024-08-10,Decent product.
480,182,279,5,2024-10-28,Excellent product.
481,798,169,5,2024-06-08,Excellent product.
482,389,64,4,2026-01-28,Good product.
483,161,156,5,2025-11-06,Excellent product.
484,324,85,5,2024-12-28,Excellent product.
485,100,196,5,2024-10-10,Excellent product.
486,48,269,5,2024-03-28,Excellent product.
487,481,33,2,2026-01-07,Below expectations.
488,788,27,4,2024-02-28,Good product.
489,563,280,5,2024-12-03,Excellent product.
490,423,74,4,2025-03-01,Good product.
491,616,133,3,2025-01-28,Decent product.
492,607,55,5,2024-09-04,Excellent product.
493,683,150,5,2024-02-05,Excellent product.
494,141,205,4,2024-10-10,Good product.
495,83,39,4,2024-11-21,Good product.
496,622,151,5,2024-08-17,Excellent product.
497,456,262,3,2024-11-15,Decent product.
498,145,265,5,2024-06-18,Excellent product.
499,825,103,2,2025-11-29,Below expectations.
500,310,248,5,2024-04-29,Excellent product.
501,897,176,3,2024-09-19,Decent product.
502,319,167,4,2024-12-07,Good product.
503,436,164,4,2024-07-20,Good product.
504,888,58,1,2024-05-12,Not satisfied.
505,211,144,3,2024-11-16,Decent product.
506,42,198,4,2025-06-11,Good product.
507,793,239,3,2025-03-05,Decent product.
508,925,148,4,2025-08-19,Good product.
509,890,153,5,2025-01-18,Excellent product.
510,907,141,4,2024-08-16,Good product.
511,271,61,4,2024-07-14,Good product.
512,411,262,3,2025-07-09,Decent product.
513,675,67,5,2025-02-19,Excellent product.
514,255,47,5,2024-08-11,Excellent product.
515,392,195,5,2025-11-12,Excellent product.
516,29,275,5,2024-09-12,Excellent product.
517,477,217,4,2025-05-08,Good product.
518,283,285,5,2024-12-25,Excellent product.
519,129,279,4,2025-07-18,Good product.
520,544,99,4,2025-01-03,Good product.
521,823,160,4,2025-08-04,Good product.
522,700,65,5,2024-03-10,Excellent product.
523,676,240,4,2024-03-30,Good product.
524,140,235,4,2024-12-24,Good product.
525,679,192,4,2025-10-31,Good product.
526,45,82,5,2024-05-05,Excellent product.
527,273,217,5,2025-05-24,Excellent product.
528,696,112,2,2024-09-06,Below expectations.
529,858,37,4,2024-01-27,Good product.
530,510,5,5,2024-07-17,Excellent product.
531,714,263,5,2024-06-30,Excellent product.
532,380,111,5,2025-07-20,Excellent product.
533,440,23,3,2026-01-04,Decent product.
534,204,165,3,2024-11-02,Decent product.
535,116,141,3,2024-05-19,Decent product.
536,652,55,3,2025-04-18,Decent product.
537,421,3,5,2026-02-02,Excellent product.
538,412,21,2,2024-06-02,Below expectations.
539,635,263,4,2025-06-10,Good product.
540,45,27,4,2024-07-23,Good product.
541,611,297,5,2024-08-14,Excellent product.
542,292,146,3,2025-12-08,Decent product.
543,83,130,5,2024-10-02,Excellent product.
544,738,18,4,2025-01-27,Good product.
545,398,130,4,2026-01-04,Good product.
546,436,261,4,2025-10-06,Good product.
547,493,154,3,2025-11-25,Decent product.
548,555,63,2,2025-11-20,Below expectations.
549,919,187,4,2024-04-18,Good product.
550,440,23,5,2026-01-26,Excellent product.
551,763,236,4,2025-12-03,Good product.
552,54,220,5,2024-05-02,Excellent product.
553,31,157,5,2024-08-11,Excellent product.
554,199,131,1,2025-03-24,Not satisfied.
555,95,116,4,2025-07-03,Good product.
556,779,210,5,2024-12-10,Excellent product.
557,561,144,3,2024-12-31,Decent product.
558,953,11,5,2025-12-18,Excellent product.
559,401,90,5,2024-10-21,Excellent product.
560,283,236,5,2024-03-22,Excellent product.
561,855,83,3,2024-03-31,Decent product.
562,80,35,5,2024-05-03,Excellent product.
563,392,39,5,2024-03-22,Excellent product.
564,190,108,5,2025-11-28,Excellent product.
565,749,255,4,2024-08-22,Good product.
566,186,97,5,2024-07-01,Excellent product.
567,34,289,4,2024-09-03,Good product.
568,832,115,3,2024-06-20,Decent product.
569,739,250,5,2025-06-26,Excellent product.
570,198,76,3,2025-09-07,Decent product.
571,576,14,4,2024-09-05,Good product.
572,853,173,4,2025-08-10,Good product.
573,845,28,4,2025-06-07,Good product.
574,235,88,4,2024-06-05,Good product.
575,703,67,5,2024-05-04,Excellent product.
576,322,86,5,2024-06-16,Excellent product.
577,955,99,4,2024-07-26,Good product.
578,920,244,3,2024-12-19,Decent product.
579,879,10,5,2025-01-15,Excellent product.
580,158,39,5,2025-06-27,Excellent product.
581,126,141,5,2024-11-13,Excellent product.
582,136,12,1,2024-09-07,Not satisfied.
583,612,18,5,2025-08-30,Excellent product.
584,219,266,4,2024-09-23,Good product.
585,982,182,3,2025-06-05,Decent product.
586,249,97,4,2025-05-22,Good product.
587,927,160,3,2025-09-09,Decent product.
588,227,102,5,2025-11-30,Excellent product.
589,310,227,4,2024-05-02,Good product.
590,462,8,4,2025-12-13,Good product.
591,396,35,5,2025-05-15,Excellent product.
592,128,61,4,2024-05-12,Good product.
593,449,88,4,2024-09-10,Good product.
594,943,6,3,2024-04-08,Decent product.
595,850,122,5,2025-12-26,Excellent product.
596,333,97,5,2025-09-24,Excellent product.
597,631,204,5,2025-05-05,Excellent product.
598,28,187,5,2025-01-01,Excellent product.
599,482,257,5,2025-12-14,Excellent product.
600,345,271,4,2024-06-22,Good product.
601,400,167,4,2026-01-16,Good product.
602,391,277,4,2025-11-04,Good product.
603,496,195,5,2024-08-31,Excellent product.
604,386,37,3,2024-07-21,Decent product.
605,585,92,4,2024-11-26,Good product.
606,127,138,5,2024-06-11,Excellent product.
607,326,245,4,2024-06-09,Good product.
608,140,235,4,2025-01-04,Good product.
609,260,185,4,2026-01-15,Good product.
610,9,135,1,2024-06-13,Not satisfied.
611,423,120,5,2025-01-20,Excellent product.
612,706,243,4,2024-06-15,Good product.
613,973,83,3,2024-10-23,Decent product.
614,505,55,3,2025-09-11,Decent product.
615,294,36,5,2024-08-05,Excellent product.
616,225,43,4,2024-12-24,Good product.
617,187,101,5,2025-12-16,Excellent product.
618,466,260,4,2025-12-06,Good product.
619,227,130,2,2024-03-30,Below expectations.
620,345,64,5,2024-11-26,Excellent product.
621,736,156,5,2024-09-06,Excellent product.
622,451,185,5,2025-11-05,Excellent product.
623,233,260,5,2025-01-28,Excellent product.
624,555,73,5,2025-11-16,Excellent product.
625,967,249,3,2025-09-25,Decent product.
626,639,223,5,2025-11-11,Excellent product.
627,433,247,5,2025-11-30,Excellent product.
628,760,206,5,2026-01-26,Excellent product.
629,80,281,4,2024-04-05,Good product.
630,439,59,3,2024-03-13,Decent product.
631,296,6,4,2025-03-30,Good product.
632,53,37,3,2024-01-25,Decent product.
633,453,289,4,2025-02-24,Good product.
634,972,285,5,2024-11-04,Excellent product.
635,64,124,2,2025-04-01,Below expectations.
636,598,82,5,2024-12-05,Excellent product.
637,908,49,5,2025-11-09,Excellent product.
638,19,29,5,2024-09-21,Excellent product.
639,203,225,4,2024-04-15,Good product.
640,475,24,3,2025-05-24,Decent product.
641,750,281,5,2025-09-12,Excellent product.
642,310,116,3,2024-04-28,Decent product.
643,717,209,1,2024-06-10,Not satisfied.
644,968,100,4,2024-12-13,Good product.
645,84,269,4,2025-07-09,Good product.
646,830,296,3,2024-12-20,Decent product.
647,784,161,5,2024-04-30,Excellent product.
648,358,63,5,2025-11-07,Excellent product.
649,848,61,5,2024-06-18,Excellent product.
650,285,251,5,2024-01-18,Excellent product.
651,463,144,3,2024-09-17,Decent product.
652,428,108,5,2025-03-24,Excellent product.
653,820,264,3,2024-05-22,Decent product.
654,224,119,5,2025-07-07,Excellent product.
655,133,272,5,2024-07-16,Excellent product.
656,110,209,5,2026-01-15,Excellent product.
657,960,23,2,2025-07-01,Below expectations.
658,152,269,5,2025-11-19,Excellent product.
659,164,263,5,2025-08-13,Excellent product.
660,738,18,3,2025-02-27,Decent product.
661,624,178,5,2024-07-07,Excellent product.
662,734,266,3,2025-03-20,Decent product.
663,960,43,5,2024-10-10,Excellent product.
664,214,228,4,2025-03-15,Good product.
665,976,196,5,2025-01-04,Excellent product.
666,412,272,5,2025-01-26,Excellent product.
667,412,21,5,2024-06-28,Excellent product.
668,998,22,5,2024-03-26,Excellent product.
669,348,243,3,2025-06-03,Decent product.
670,616,133,1,2025-02-13,Not satisfied.
671,923,48,5,2025-10-27,Excellent product.
672,990,170,5,2025-04-11,Excellent product.
673,368,220,2,2025-08-25,Below expectations.
674,724,24,4,2025-07-12,Good product.
675,441,150,4,2024-10-14,Good product.
676,264,242,4,2025-12-22,Good product.
677,146,241,5,2025-12-13,Excellent product.
678,326,88,5,2025-09-14,Excellent product.
679,48,249,4,2024-12-31,Good product.
680,746,283,5,2025-04-24,Excellent product.
681,297,82,4,2025-09-15,Good product.
682,637,160,1,2024-08-12,Not satisfied.
683,327,39,5,2025-10-19,Excellent product.
684,238,49,4,2024-09-06,Good product.
685,599,75,4,2025-07-29,Good product.
686,447,179,4,2024-04-07,Good product.
687,525,79,5,2025-10-26,Excellent product.
688,353,28,5,2025-09-14,Excellent product.
689,635,193,5,2026-01-07,Excellent product.
690,846,279,2,2025-11-14,Below expectations.
691,720,93,4,2024-11-22,Good product.
692,714,277,2,2024-04-04,Below expectations.
693,278,118,5,2024-11-13,Excellent product.
694,997,108,4,2025-04-21,Good product.
695,970,25,4,2024-09-13,Good product.
696,15,9,4,2025-05-24,Good product.
697,628,107,5,2026-01-01,Excellent product.
698,153,267,3,2024-10-30,Decent product.
699,652,68,5,2024-01-30,Excellent product.
700,266,237,4,2024-04-24,Good product.
701,874,215,4,2025-08-13,Good product.
702,786,80,4,2025-08-12,Good product.
703,105,275,5,2025-03-11,Excellent product.
704,673,207,4,2024-08-01,Good product.
705,949,96,5,2024-04-30,Excellent product.
706,723,38,4,2025-08-25,Good product.
707,107,6,4,2025-08-29,Good product.
708,680,104,4,2025-02-14,Good product.
709,491,151,5,2025-01-25,Excellent product.
710,566,83,5,2024-04-25,Excellent product.
711,497,25,4,2025-03-15,Good product.
712,777,49,4,2024-05-08,Good product.
713,850,105,5,2024-11-21,Excellent product.
714,715,244,5,2024-03-04,Excellent product.
715,408,140,4,2024-05-18,Good product.
716,510,74,4,2025-05-16,Good product.
717,238,90,5,2025-03-02,Excellent product.
718,884,39,3,2025-03-20,Decent product.
719,296,6,4,2025-04-20,Good product.
720,483,44,5,2025-10-21,Excellent product.
721,700,100,5,2025-01-14,Excellent product.
722,130,170,4,2025-12-28,Good product.
723,885,297,5,2025-07-02,Excellent product.
724,964,124,5,2025-06-17,Excellent product.
725,864,111,5,2024-10-12,Excellent product.
726,681,22,5,2024-03-15,Excellent product.
727,546,24,5,2025-03-09,Excellent product.
728,395,173,3,2024-06-19,Decent product.
729,409,270,4,2025-06-20,Good product.
730,20,266,5,2025-01-02,Excellent product.
731,467,276,5,2024-05-07,Excellent product.
732,72,273,4,2025-06-09,Good product.
733,750,83,5,2024-10-06,Excellent product.
734,886,75,5,2025-09-09,Excellent product.
735,911,158,5,2024-10-21,Excellent product.
736,390,51,5,2025-09-23,Excellent product.
737,369,20,4,2025-06-08,Good product.
738,611,167,4,2024-07-21,Good product.
739,2,81,5,2025-01-29,Excellent product.
740,513,61,5,2026-01-05,Excellent product.
741,532,261,4,2025-10-16,Good product.
742,516,204,4,2024-05-03,Good product.
743,147,33,5,2025-02-17,Excellent product.
744,794,134,4,2024-12-09,Good product.
745,134,210,4,2025-11-10,Good product.
746,14,142,5,2025-07-26,Excellent product.
747,428,76,1,2024-06-10,Not satisfied.
748,343,101,3,2025-07-06,Decent product.
749,757,67,3,2025-08-06,Decent product.
750,550,2,5,2024-05-21,Excellent product.
751,734,101,5,2025-05-21,Excellent product.
752,311,133,5,2025-05-18,Excellent product.
753,155,57,5,2025-01-01,Excellent product.
754,318,290,1,2025-05-14,Not satisfied.
755,220,115,4,2024-08-04,Good product.
756,328,31,5,2025-01-17,Excellent product.
757,406,188,2,2024-06-14,Below expectations.
758,444,194,4,2025-04-12,Good product.
759,422,56,5,2025-12-31,Excellent product.
760,136,104,5,2025-07-04,Excellent product.
761,629,20,5,2025-09-08,Excellent product.
762,587,155,4,2024-01-05,Good product.
763,552,221,4,2025-05-18,Good product.
764,400,167,4,2026-01-27,Good product.
765,407,213,2,2024-08-19,Below expectations.
766,510,273,5,2025-04-12,Excellent product.
767,810,145,4,2025-11-26,Good product.
768,966,241,5,2024-05-17,Excellent product.
769,829,268,5,2025-11-30,Excellent product.
770,398,130,1,2025-12-29,Not satisfied.
771,222,62,4,2025-02-27,Good product.
772,196,213,5,2025-10-06,Excellent product.
773,458,82,2,2024-12-02,Below expectations.
774,449,150,4,2024-10-30,Good product.
775,116,54,5,2024-05-18,Excellent product.
776,379,183,4,2024-10-13,Good product.
777,398,118,4,2024-12-17,Good product.
778,898,109,1,2024-03-06,Not satisfied.
779,346,62,5,2025-12-23,Excellent product.
780,968,100,5,2024-12-19,Excellent product.
781,858,187,4,2024-08-27,Good product.
782,839,62,5,2025-02-19,Excellent product.
783,45,230,4,2024-07-31,Good product.
784,146,56,4,2025-11-01,Good product.
785,841,71,5,2025-09-12,Excellent product.
786,477,269,5,2025-12-28,Excellent product.
787,358,277,4,2026-01-10,Good product.
788,673,16,5,2024-10-29,Excellent product.
789,302,261,4,2024-05-30,Good product.
790,907,147,4,2024-11-30,Good product.
791,841,71,4,2025-08-13,Good product.
792,527,170,5,2025-01-13,Excellent product.
793,265,107,5,2025-07-01,Excellent product.
794,978,78,5,2025-01-23,Excellent product.
795,424,4,4,2024-10-18,Good product.
796,441,144,4,2025-01-15,Good product.
797,389,119,4,2026-01-26,Good product.
798,370,170,5,2024-08-11,Excellent product.
799,820,183,3,2024-03-11,Decent product.
800,21,180,4,2025-09-03,Good product.
801,276,107,3,2025-12-02,Decent product.
802,48,249,5,2025-01-06,Excellent product.
803,77,126,3,2025-03-14,Decent product.
804,807,47,2,2025-12-20,Below expectations.
805,665,125,4,2025-11-05,Good product.
806,684,295,4,2025-08-25,Good product.
807,607,127,5,2025-07-29,Excellent product.
808,89,41,5,2024-11-29,Excellent product.
809,66,66,5,2025-04-10,Excellent product.
810,615,77,5,2024-08-15,Excellent product.
811,442,106,5,2025-02-07,Excellent product.
812,633,76,5,2025-01-03,Excellent product.
813,805,266,4,2024-02-05,Good product.
814,555,132,5,2025-07-14,Excellent product.
815,219,120,5,2024-11-24,Excellent product.
816,623,165,4,2024-03-22,Good product.
817,696,199,3,2025-10-16,Decent product.
818,74,187,5,2025-03-16,Excellent product.
819,465,121,4,2024-06-25,Good product.
820,774,85,4,2024-11-10,Good product.
821,656,64,5,2026-01-02,Excellent product.
822,352,68,5,2024-10-25,Excellent product.
823,411,177,4,2025-10-31,Good product.
824,947,23,4,2025-09-10,Good product.
825,408,140,3,2024-05-20,Decent product.
826,136,258,5,2024-10-18,Excellent product.
827,214,228,5,2025-03-11,Excellent product.
828,759,283,5,2025-11-26,Excellent product.
829,314,215,5,2025-10-17,Excellent product.
830,564,85,3,2025-11-12,Decent product.
831,538,147,5,2024-10-19,Excellent product.
832,486,12,3,2024-09-22,Decent product.
833,639,230,5,2025-07-14,Excellent product.
834,996,291,5,2024-03-01,Excellent product.
835,361,231,3,2025-01-20,Decent product.
836,60,115,5,2025-05-05,Excellent product.
837,829,23,5,2025-12-08,Excellent product.
838,195,229,3,2024-08-27,Decent product.
839,411,153,3,2024-12-05,Decent product.
840,957,252,5,2024-02-20,Excellent product.
841,682,160,4,2024-10-14,Good product.
842,749,103,5,2025-06-05,Excellent product.
843,950,242,5,2024-02-11,Excellent product.
844,400,245,2,2024-11-17,Below expectations.
845,133,272,3,2024-11-11,Decent product.
846,438,36,5,2024-05-15,Excellent product.
847,719,20,4,2024-03-31,Good product.
848,443,24,2,2024-09-27,Below expectations.
849,157,255,5,2025-07-31,Excellent product.
850,314,88,5,2024-09-30,Excellent product.
851,639,289,4,2025-01-02,Good product.
852,174,61,3,2025-11-13,Decent product.
853,254,234,4,2025-08-26,Good product.
854,390,9,5,2025-11-11,Excellent product.
855,415,230,3,2024-11-22,Decent product.
856,135,63,5,2024-12-14,Excellent product.
857,260,236,5,2025-03-06,Excellent product.
858,782,172,4,2025-10-19,Good product.
859,798,268,4,2024-03-11,Good product.
860,89,41,5,2024-12-01,Excellent product.
861,480,22,4,2024-11-08,Good product.
862,237,223,3,2024-09-12,Decent product.
863,828,143,5,2024-04-19,Excellent product.
864,83,281,3,2025-02-28,Decent product.
865,725,254,5,2024-12-01,Excellent product.
866,418,32,3,2024-07-22,Decent product.
867,445,187,5,2025-11-09,Excellent product.
868,322,136,4,2025-07-13,Good product.
869,908,243,5,2024-11-29,Excellent product.
870,474,203,4,2024-10-16,Good product.
871,687,223,5,2025-02-24,Excellent product.
872,781,84,4,2024-07-04,Good product.
873,890,46,2,2024-03-24,Below expectations.
874,146,135,5,2025-12-11,Excellent product.
875,209,281,4,2025-09-22,Good product.
876,371,124,5,2024-08-25,Excellent product.
877,886,87,5,2025-07-31,Excellent product.
878,516,16,5,2025-03-14,Excellent product.
879,272,282,4,2025-07-31,Good product.
880,541,68,5,2025-12-24,Excellent product.
881,99,37,5,2025-02-14,Excellent product.
882,757,271,5,2025-03-21,Excellent product.
883,255,91,5,2025-06-22,Excellent product.
884,987,22,5,2024-05-23,Excellent product.
885,412,241,5,2024-05-09,Excellent product.
886,829,59,5,2024-07-09,Excellent product.
887,926,30,3,2024-03-05,Decent product.
888,830,247,5,2025-03-29,Excellent product.
889,126,173,3,2025-03-22,Decent product.
890,400,263,2,2025-02-28,Below expectations.
891,123,95,5,2024-06-24,Excellent product.
892,782,253,5,2025-02-26,Excellent product.
893,622,73,4,2024-08-07,Good product.
894,901,244,5,2024-06-22,Excellent product.
895,665,95,3,2025-11-06,Decent product.
896,760,132,4,2024-09-10,Good product.
897,827,168,5,2025-12-28,Excellent product.
898,104,81,5,2024-06-05,Excellent product.
899,968,64,5,2025-11-13,Excellent product.
900,212,74,4,2025-02-05,Good product.
901,537,278,3,2024-03-16,Decent product.
902,436,161,4,2025-09-17,Good product.
903,656,280,4,2024-12-10,Good product.
904,231,120,4,2024-10-11,Good product.
905,888,81,4,2025-12-11,Good product.
906,476,68,4,2025-08-28,Good product.
907,435,158,3,2024-04-15,Decent product.
908,818,209,3,2024-11-14,Decent product.
909,335,130,5,2025-03-12,Excellent product.
910,624,128,5,2024-01-13,Excellent product.
911,842,31,5,2025-09-26,Excellent product.
912,290,298,5,2025-08-05,Excellent product.
913,832,113,4,2024-06-22,Good product.
914,965,38,3,2024-07-08,Decent product.
915,163,3,5,2024-08-29,Excellent product.
916,204,96,5,2025-12-19,Excellent product.
917,385,200,4,2025-04-09,Good product.
918,608,47,5,2024-09-23,Excellent product.
919,866,142,2,2024-11-17,Below expectations.
920,127,282,2,2025-02-06,Below expectations.
921,715,244,5,2024-02-22,Excellent product.
922,195,127,3,2025-11-08,Decent product.
923,555,282,5,2024-07-20,Excellent product.
924,381,90,5,2024-03-30,Excellent product.
925,392,97,4,2025-11-23,Good product.
926,617,52,5,2025-01-17,Excellent product.
927,872,251,5,2025-04-21,Excellent product.
928,163,231,4,2024-08-15,Good product.
929,805,142,5,2025-08-22,Excellent product.
930,968,1,5,2025-01-08,Excellent product.
931,508,279,3,2025-01-28,Decent product.
932,585,92,4,2024-12-06,Good product.
933,831,300,5,2024-05-26,Excellent product.
934,775,68,4,2025-08-20,Good product.
935,873,116,5,2024-05-28,Excellent product.
936,750,264,5,2024-10-14,Excellent product.
937,948,72,5,2024-06-13,Excellent product.
938,760,132,5,2024-09-23,Excellent product.
939,763,225,5,2024-05-26,Excellent product.
940,682,279,1,2025-04-15,Not satisfied.
941,37,271,4,2025-06-29,Good product.
942,291,235,5,2025-11-29,Excellent product.
943,836,32,4,2025-05-06,Good product.
944,1,99,5,2024-03-08,Excellent product.
945,931,260,5,2025-06-09,Excellent product.
946,445,55,4,2024-10-10,Good product.
947,491,151,4,2025-01-20,Good product.
948,373,257,5,2025-02-23,Excellent product.
949,406,39,3,2024-02-25,Decent product.
950,680,180,5,2024-08-14,Excellent product.
951,276,263,4,2025-07-14,Good product.
952,856,85,5,2024-03-27,Excellent product.
953,76,41,3,2024-08-19,Decent product.
954,24,50,5,2024-11-21,Excellent product.
955,780,197,3,2025-05-18,Decent product.
956,221,170,5,2024-07-06,Excellent product.
957,406,128,4,2024-06-01,Good product.
958,963,264,4,2025-01-20,Good product.
959,160,262,3,2024-12-05,Decent product.
960,363,111,4,2025-08-01,Good product.
961,832,253,5,2024-11-11,Excellent product.
962,361,285,4,2025-08-15,Good product.
963,765,251,4,2025-09-08,Good product.
964,991,31,4,2024-03-19,Good product.
965,221,283,5,2024-07-22,Excellent product.
966,898,18,5,2025-04-10,Excellent product.
967,758,151,3,2025-01-25,Decent product.
968,726,16,2,2025-05-22,Below expectations.
969,199,143,5,2025-11-24,Excellent product.
970,86,283,2,2024-11-29,Below expectations.
971,419,215,3,2024-09-26,Decent product.
972,483,242,2,2024-02-03,Below expectations.
973,786,14,3,2025-12-18,Decent product.
974,731,103,5,2024-12-29,Excellent product.
975,138,273,4,2024-11-24,Good product.
976,493,233,4,2025-02-18,Good product.
977,707,209,5,2025-10-26,Excellent product.
978,48,242,4,2025-01-19,Good product.
979,950,149,5,2025-07-04,Excellent product.
980,895,86,5,2025-03-17,Excellent product.
981,902,78,5,2024-05-20,Excellent product.
982,821,248,4,2024-12-25,Good product.
983,961,200,4,2025-11-04,Good product.
984,597,95,4,2025-08-31,Good product.
985,507,266,4,2025-12-14,Good product.
986,635,25,5,2025-05-09,Excellent product.
987,351,61,3,2025-02-22,Decent product.
988,270,291,4,2025-12-25,Good product.
989,676,158,5,2024-02-29,Excellent product.
990,29,275,3,2024-09-05,Decent product.
991,643,42,5,2025-05-25,Excellent product.
992,411,147,4,2024-08-04,Good product.
993,738,267,5,2025-05-22,Excellent product.
994,619,252,5,2024-09-29,Excellent product.
995,217,245,3,2024-11-27,Decent product.
996,470,241,5,2024-01-26,Excellent product.
997,157,190,4,2024-08-19,Good product.
998,656,162,5,2024-02-15,Excellent product.
999,283,241,5,2025-06-29,Excellent product.
1000,99,62,3,2024-09-03,Decent product.
1001,989,26,3,2026-01-01,Decent product.
1002,692,27,3,2024-10-30,Decent product.
1003,42,71,5,2026-01-09,Excellent product.
1004,431,241,5,2024-07-10,Excellent product.
1005,137,96,5,2025-02-10,Excellent product.
1006,500,194,4,2024-09-19,Good product.
1007,175,131,4,2025-07-22,Good product.
1008,246,63,5,2025-06-06,Excellent product.
1009,481,116,5,2026-01-13,Excellent product.
1010,766,64,2,2025-09-29,Below expectations.
1011,822,202,2,2025-08-24,Below expectations.
1012,647,26,5,2025-05-08,Excellent product.
1013,864,233,5,2024-09-12,Excellent product.
1014,268,30,5,2024-02-27,Excellent product.
1015,974,250,3,2024-11-15,Decent product.
1016,823,178,3,2025-04-17,Decent product.
1017,373,227,5,2024-07-23,Excellent product.
1018,155,247,3,2024-12-28,Decent product.
1019,27,38,4,2025-04-22,Good product.
1020,890,296,2,2024-08-22,Below expectations.
1021,622,260,4,2025-02-16,Good product.
1022,461,238,5,2025-12-13,Excellent product.
1023,121,49,5,2025-02-25,Excellent product.
1024,163,3,5,2024-08-18,Excellent product.
1025,412,144,3,2025-01-29,Decent product.
1026,837,251,5,2025-01-15,Excellent product.
1027,817,28,2,2025-07-22,Below expectations.
1028,228,10,4,2025-12-17,Good product.
1029,79,52,5,2024-08-06,Excellent product.
1030,127,282,5,2025-02-15,Excellent product.
1031,623,149,4,2025-12-23,Good product.
1032,21,207,4,2025-08-20,Good product.
1033,108,288,5,2025-12-20,Excellent product.
1034,795,151,5,2025-03-18,Excellent product.
1035,153,113,4,2025-08-21,Good product.
1036,469,173,5,2024-06-08,Excellent product.
1037,790,238,4,2026-01-09,Good product.
1038,607,127,5,2025-08-09,Excellent product.
1039,437,72,5,2024-10-03,Excellent product.
1040,780,197,5,2025-04-24,Excellent product.
1041,933,174,5,2025-02-11,Excellent product.
1042,962,206,5,2024-11-21,Excellent product.
1043,540,71,2,2025-04-08,Below expectations.
1044,360,68,2,2026-01-18,Below expectations.
1045,881,85,5,2025-09-10,Excellent product.
1046,720,196,4,2024-11-13,Good product.
1047,249,234,3,2025-12-17,Decent product.
1048,595,257,3,2024-08-17,Decent product.
1049,385,115,5,2024-12-04,Excellent product.
1050,830,53,2,2025-01-01,Below expectations.
1051,436,99,5,2026-01-16,Excellent product.
1052,956,178,5,2024-07-14,Excellent product.
1053,932,88,5,2024-08-13,Excellent product.
1054,388,129,4,2025-07-09,Good product.
1055,700,105,5,2024-11-23,Excellent product.
1056,79,52,4,2024-07-17,Good product.
1057,41,290,4,2025-11-24,Good product.
1058,110,209,5,2025-12-20,Excellent product.
1059,69,182,3,2024-03-16,Decent product.
1060,350,255,5,2024-05-10,Excellent product.
1061,714,56,4,2024-01-19,Good product.
1062,251,234,4,2025-09-15,Good product.
1063,833,82,5,2025-01-18,Excellent product.
1064,832,203,5,2024-06-12,Excellent product.
1065,996,104,5,2024-10-12,Excellent product.
1066,289,127,5,2025-01-30,Excellent product.
1067,294,277,5,2025-01-10,Excellent product.
1068,680,34,1,2025-03-22,Not satisfied.
1069,642,245,3,2024-01-27,Decent product.
1070,506,281,5,2025-09-01,Excellent product.
1071,228,199,4,2025-01-30,Good product.
1072,86,87,5,2024-03-06,Excellent product.
1073,314,264,4,2025-10-18,Good product.
1074,960,153,5,2025-07-20,Excellent product.
1075,229,152,2,2025-12-27,Below expectations.
1076,455,63,5,2025-03-11,Excellent product.
1077,753,48,4,2025-03-31,Good product.
1078,657,218,5,2024-04-07,Excellent product.
1079,97,90,4,2024-08-17,Good product.
1080,112,236,3,2024-04-15,Decent product.
1081,679,192,4,2025-10-26,Good product.
1082,678,189,5,2025-05-09,Excellent product.
1083,366,257,3,2024-04-28,Decent product.
1084,777,256,5,2024-06-14,Excellent product.
1085,367,297,4,2024-08-22,Good product.
1086,292,249,4,2024-07-27,Good product.
1087,746,243,4,2024-03-08,Good product.
1088,849,265,4,2025-10-26,Good product.
1089,442,9,5,2024-10-16,Excellent product.
1090,716,126,2,2025-01-06,Below expectations.
1091,794,271,4,2024-07-15,Good product.
1092,617,166,4,2024-11-10,Good product.
1093,302,2,4,2024-02-04,Good product.
1094,396,95,5,2024-12-02,Excellent product.
1095,594,197,5,2025-11-11,Excellent product.
1096,726,61,5,2024-06-19,Excellent product.
1097,155,263,2,2024-03-16,Below expectations.
1098,548,277,3,2026-01-10,Decent product.
1099,120,129,5,2024-04-20,Excellent product.
1100,702,128,5,2025-04-02,Excellent product.
1101,996,298,3,2025-12-07,Decent product.
1102,20,196,5,2025-03-28,Excellent product.
1103,976,286,5,2024-03-05,Excellent product.
1104,933,207,4,2024-08-22,Good product.
1105,223,221,5,2024-04-28,Excellent product.
1106,395,121,5,2024-07-22,Excellent product.
1107,785,253,5,2024-11-29,Excellent product.
1108,994,182,4,2025-12-20,Good product.
1109,548,202,4,2025-04-17,Good product.
1110,121,265,4,2025-04-19,Good product.
1111,76,153,4,2024-08-31,Good product.
1112,869,94,2,2024-08-19,Below expectations.
1113,873,259,3,2025-07-17,Decent product.
1114,448,165,3,2024-01-23,Decent product.
1115,810,82,4,2025-11-14,Good product.
1116,544,68,5,2024-12-29,Excellent product.
1117,756,140,4,2025-10-11,Good product.
1118,230,234,3,2024-08-16,Decent product.
1119,343,101,4,2025-06-15,Good product.
1120,384,261,5,2025-05-15,Excellent product.
1121,552,197,4,2025-08-03,Good product.
1122,956,275,3,2024-04-02,Decent product.
1123,680,60,5,2025-09-27,Excellent product.
1124,187,293,4,2024-10-27,Good product.
1125,66,153,5,2025-04-06,Excellent product.
1126,640,145,5,2024-11-18,Excellent product.
1127,592,126,5,2025-03-19,Excellent product.
1128,291,235,5,2025-11-06,Excellent product.
1129,546,88,2,2025-02-07,Below expectations.
1130,614,89,5,2025-03-29,Excellent product.
1131,210,286,3,2024-05-15,Decent product.
1132,613,76,4,2024-04-01,Good product.
1133,821,127,3,2025-04-12,Decent product.
1134,622,245,4,2025-09-25,Good product.
1135,239,47,3,2024-12-21,Decent product.
1136,233,193,5,2024-07-17,Excellent product.
1137,634,198,5,2025-10-12,Excellent product.
1138,576,112,5,2024-07-01,Excellent product.
1139,506,217,5,2024-08-09,Excellent product.
1140,802,144,4,2025-11-04,Good product.
1141,477,157,4,2024-09-05,Good product.
1142,18,300,4,2024-05-07,Good product.
1143,336,184,5,2025-10-16,Excellent product.
1144,763,222,5,2025-04-30,Excellent product.
1145,428,76,2,2024-06-12,Below expectations.
1146,25,197,4,2024-02-07,Good product.
1147,851,76,4,2024-08-10,Good product.
1148,419,233,5,2024-08-27,Excellent product.
1149,318,290,3,2025-04-20,Decent product.
1150,812,87,5,2024-03-31,Excellent product.
1151,896,289,4,2025-09-26,Good product.
1152,308,145,4,2025-09-17,Good product.
1153,253,255,4,2024-10-10,Good product.
1154,873,210,5,2024-03-21,Excellent product.
1155,398,166,5,2025-03-26,Excellent product.
1156,565,149,5,2025-12-31,Excellent product.
1157,746,247,4,2024-04-16,Good product.
1158,220,290,4,2025-04-18,Good product.
1159,596,248,4,2024-09-25,Good product.
1160,35,101,1,2024-11-19,Not satisfied.
1161,982,6,5,2025-07-11,Excellent product.
1162,230,11,4,2024-09-11,Good product.
1163,455,63,5,2025-03-20,Excellent product.
1164,999,182,5,2025-03-25,Excellent product.
1165,194,298,5,2025-02-01,Excellent product.
1166,1,86,4,2024-03-25,Good product.
1167,793,12,3,2024-01-24,Decent product.
1168,733,94,4,2024-07-27,Good product.
1169,195,289,4,2024-09-17,Good product.
1170,596,266,5,2024-12-01,Excellent product.
1171,258,96,4,2024-04-30,Good product.
1172,635,227,3,2026-01-11,Decent product.
1173,502,77,5,2025-10-01,Excellent product.
1174,151,175,5,2024-02-20,Excellent product.
1175,463,107,3,2024-03-23,Decent product.
1176,861,241,4,2025-06-27,Good product.
1177,873,229,5,2024-09-20,Excellent product.
1178,680,78,4,2024-04-04,Good product.
1179,736,128,5,2025-01-17,Excellent product.
1180,930,178,4,2024-03-17,Good product.
1181,183,71,5,2024-12-06,Excellent product.
1182,276,249,5,2024-05-26,Excellent product.
1183,383,31,4,2025-10-20,Good product.
1184,228,104,2,2025-01-03,Below expectations.
1185,919,187,4,2024-05-26,Good product.
1186,137,9,5,2025-06-29,Excellent product.
1187,965,174,5,2025-09-10,Excellent product.
1188,292,264,5,2024-03-07,Excellent product.
1189,854,41,5,2024-03-13,Excellent product.
1190,318,11,5,2024-12-04,Excellent product.
1191,726,135,5,2025-08-11,Excellent product.
1192,601,165,4,2025-07-07,Good product.
1193,51,32,3,2024-03-28,Decent product.
1194,830,64,3,2024-12-23,Decent product.
1195,657,131,4,2024-06-06,Good product.
1196,970,180,2,2024-04-16,Below expectations.
1197,955,191,3,2025-10-24,Decent product.
1198,65,3,5,2024-04-22,Excellent product.
1199,148,176,4,2025-12-23,Good product.
1200,150,6,1,2024-11-08,Not satisfied.
1201,743,24,2,2025-04-10,Below expectations.
1202,820,264,5,2024-05-20,Excellent product.
1203,342,132,4,2024-11-12,Good product.
1204,510,135,3,2025-04-11,Decent product.
1205,48,163,5,2025-11-09,Excellent product.
1206,25,189,5,2025-08-23,Excellent product.
1207,953,11,4,2025-12-24,Good product.
1208,169,226,5,2024-03-10,Excellent product.
1209,688,100,4,2024-09-12,Good product.
1210,489,74,4,2024-11-10,Good product.
1211,151,152,3,2024-02-27,Decent product.
1212,625,291,5,2025-06-16,Excellent product.
1213,283,73,4,2025-07-06,Good product.
1214,566,87,5,2024-11-08,Excellent product.
1215,498,62,3,2024-08-16,Decent product.
1216,127,131,5,2025-01-20,Excellent product.
1217,945,27,4,2025-10-13,Good product.
1218,878,203,4,2025-06-04,Good product.
1219,931,4,3,2024-09-02,Decent product.
1220,39,19,5,2024-02-18,Excellent product.
1221,667,163,5,2025-10-15,Excellent product.
1222,609,150,5,2025-10-16,Excellent product.
1223,437,246,5,2024-01-28,Excellent product.
1224,806,20,1,2026-01-03,Not satisfied.
1225,452,85,5,2024-09-07,Excellent product.
1226,310,56,5,2024-04-30,Excellent product.
1227,774,10,4,2025-09-02,Good product.
1228,313,53,5,2025-11-25,Excellent product.
1229,194,167,3,2024-06-19,Decent product.
1230,401,263,5,2025-11-05,Excellent product.
1231,53,121,5,2025-04-30,Excellent product.
1232,760,206,3,2026-01-29,Decent product.
1233,157,206,5,2024-06-04,Excellent product.
1234,608,295,2,2025-04-25,Below expectations.
1235,460,265,4,2024-02-25,Good product.
1236,264,102,4,2025-03-08,Good product.
1237,895,176,4,2025-03-09,Good product.
1238,780,170,4,2025-05-13,Good product.
1239,431,61,4,2024-08-30,Good product.
1240,820,183,5,2024-03-02,Excellent product.
1241,102,149,5,2025-02-15,Excellent product.
1242,580,120,4,2024-11-15,Good product.
1243,560,121,4,2025-01-26,Good product.
1244,355,152,3,2026-01-16,Decent product.
1245,249,97,3,2025-06-27,Decent product.
1246,621,58,5,2025-02-06,Excellent product.
1247,922,285,5,2024-02-24,Excellent product.
1248,662,149,3,2025-10-19,Decent product.
1249,337,50,1,2025-12-02,Not satisfied.
1250,586,288,4,2024-04-14,Good product.
1251,77,201,5,2024-11-07,Excellent product.
1252,602,298,5,2024-12-30,Excellent product.
1253,623,158,4,2024-03-24,Good product.
1254,294,277,5,2025-01-24,Excellent product.
1255,439,59,4,2024-02-18,Good product.
1256,982,193,4,2025-06-20,Good product.
1257,302,147,5,2025-03-16,Excellent product.
1258,673,257,4,2024-06-12,Good product.
1259,827,168,4,2025-12-23,Good product.
1260,563,9,5,2025-01-07,Excellent product.
1261,387,115,4,2024-05-31,Good product.
1262,387,291,4,2025-07-27,Good product.
1263,947,16,5,2024-04-10,Excellent product.
1264,113,87,5,2024-07-28,Excellent product.
1265,315,146,5,2025-09-22,Excellent product.
1266,452,85,5,2024-10-05,Excellent product.
1267,489,224,5,2025-03-16,Excellent product.
1268,424,221,5,2025-10-15,Excellent product.
1269,577,286,4,2025-12-16,Good product.
1270,613,151,3,2024-10-20,Decent product.
1271,575,218,5,2024-03-05,Excellent product.
1272,650,244,5,2024-04-08,Excellent product.
1273,683,77,5,2024-02-03,Excellent product.
1274,846,279,4,2025-10-12,Good product.
1275,355,24,2,2024-12-21,Below expectations.
1276,20,196,4,2025-03-08,Good product.
1277,105,148,4,2025-12-21,Good product.
1278,855,229,5,2024-01-30,Excellent product.
1279,639,22,5,2025-11-14,Excellent product.
1280,426,296,4,2024-05-22,Good product.
1281,898,18,5,2025-03-30,Excellent product.
1282,658,54,5,2025-07-28,Excellent product.
1283,354,81,4,2025-01-24,Good product.
1284,295,269,5,2024-07-06,Excellent product.
1285,649,254,5,2024-12-21,Excellent product.
1286,333,292,5,2024-11-30,Excellent product.
1287,329,268,5,2024-01-31,Excellent product.
1288,832,251,5,2025-07-17,Excellent product.
1289,384,107,5,2025-12-30,Excellent product.
1290,396,35,5,2025-05-13,Excellent product.
1291,656,53,5,2024-01-28,Excellent product.
1292,607,300,5,2025-08-16,Excellent product.
1293,235,62,5,2024-06-22,Excellent product.
1294,607,127,5,2025-08-15,Excellent product.
1295,95,116,5,2025-06-14,Excellent product.
1296,858,187,4,2024-08-09,Good product.
1297,868,15,4,2024-08-18,Good product.
1298,322,18,5,2024-05-16,Excellent product.
1299,774,198,5,2025-10-01,Excellent product.
1300,439,14,4,2024-07-28,Good product.
1301,8,289,5,2025-09-04,Excellent product.
1302,721,207,4,2025-03-26,Good product.
1303,97,240,5,2025-02-20,Excellent product.
1304,502,75,4,2025-09-27,Good product.
1305,788,188,4,2024-03-08,Good product.
1306,453,192,5,2024-09-17,Excellent product.
1307,869,53,3,2025-07-18,Decent product.
1308,278,254,1,2025-06-03,Not satisfied.
1309,706,278,1,2024-04-12,Not satisfied.
1310,139,117,5,2025-07-11,Excellent product.
1311,407,287,4,2024-03-11,Good product.
1312,739,52,3,2024-03-26,Decent product.
1313,839,38,5,2025-02-24,Excellent product.
1314,261,8,5,2025-01-11,Excellent product.
1315,329,295,5,2025-12-29,Excellent product.
1316,802,34,2,2024-02-28,Below expectations.
1317,84,185,5,2025-03-24,Excellent product.
1318,311,286,5,2024-09-09,Excellent product.
1319,294,182,5,2025-08-25,Excellent product.
1320,797,258,4,2025-10-16,Good product.
1321,406,120,2,2024-07-13,Below expectations.
1322,50,55,5,2025-05-02,Excellent product.
1323,96,121,4,2024-12-08,Good product.
1324,400,86,3,2024-11-02,Decent product.
1325,52,8,5,2024-11-09,Excellent product.
1326,489,87,2,2024-03-07,Below expectations.
1327,80,212,5,2025-02-09,Excellent product.
1328,690,14,4,2024-09-23,Good product.
1329,478,296,3,2024-02-14,Decent product.
1330,193,133,4,2024-09-14,Good product.
1331,631,227,5,2025-04-07,Excellent product.
1332,597,53,4,2025-07-31,Good product.
1333,412,248,5,2025-02-05,Excellent product.
1334,140,235,5,2025-01-03,Excellent product.
1335,783,101,5,2024-04-07,Excellent product.
1336,951,26,5,2025-09-10,Excellent product.
1337,226,263,5,2026-01-16,Excellent product.
1338,616,133,5,2025-02-13,Excellent product.
1339,560,222,4,2025-02-25,Good product.
1340,156,12,4,2024-07-01,Good product.
1341,391,42,4,2025-08-31,Good product.
1342,485,237,4,2024-06-19,Good product.
1343,768,262,5,2024-08-07,Excellent product.
1344,102,197,5,2025-02-27,Excellent product.
1345,319,237,5,2025-11-08,Excellent product.
1346,351,21,1,2025-10-20,Not satisfied.
1347,538,283,5,2024-04-25,Excellent product.
1348,621,58,3,2025-03-01,Decent product.
1349,564,1,4,2024-04-24,Good product.
1350,193,250,3,2025-09-13,Decent product.
1351,84,269,5,2025-07-21,Excellent product.
1352,743,101,5,2025-05-17,Excellent product.
1353,519,235,5,2024-12-09,Excellent product.
1354,593,238,4,2025-01-15,Good product.
1355,69,63,5,2025-02-02,Excellent product.
1356,105,148,3,2026-01-07,Decent product.
1357,159,222,2,2024-09-08,Below expectations.
1358,161,156,4,2025-10-27,Good product.
1359,45,128,2,2025-01-13,Below expectations.
1360,601,113,5,2024-12-26,Excellent product.
1361,617,152,5,2024-12-31,Excellent product.
1362,271,260,1,2025-01-28,Not satisfied.
1363,252,118,5,2025-02-26,Excellent product.
1364,493,243,3,2026-01-09,Decent product.
1365,535,298,5,2025-02-23,Excellent product.
1366,560,222,4,2025-02-12,Good product.
1367,368,119,4,2025-07-18,Good product.
1368,879,127,5,2025-08-13,Excellent product.
1369,713,236,2,2024-03-17,Below expectations.
1370,978,296,4,2025-03-05,Good product.
1371,538,31,5,2024-09-22,Excellent product.
1372,239,3,4,2025-11-20,Good product.
1373,482,194,5,2024-11-25,Excellent product.
1374,845,69,5,2025-06-15,Excellent product.
1375,780,197,4,2025-05-07,Good product.
1376,19,128,5,2025-07-29,Excellent product.
1377,190,114,4,2024-09-03,Good product.
1378,120,12,5,2025-03-27,Excellent product.
1379,362,47,4,2025-12-05,Good product.
1380,406,247,4,2025-03-16,Good product.
1381,423,278,5,2024-12-25,Excellent product.
1382,524,154,5,2024-11-08,Excellent product.
1383,83,281,4,2025-02-20,Good product.
1384,753,37,3,2024-01-17,Decent product.
1385,412,21,5,2024-06-14,Excellent product.
1386,511,50,5,2024-05-18,Excellent product.
1387,805,76,2,2025-06-14,Below expectations.
1388,198,20,5,2024-11-11,Excellent product.
1389,47,266,4,2025-05-12,Good product.
1390,698,190,4,2025-09-23,Good product.
1391,851,265,4,2024-07-13,Good product.
1392,934,186,5,2025-08-05,Excellent product.
1393,12,207,5,2025-05-24,Excellent product.
1394,401,90,5,2024-11-05,Excellent product.
1395,980,86,5,2024-09-23,Excellent product.
1396,777,97,3,2024-05-23,Decent product.
1397,617,108,3,2024-09-15,Decent product.
1398,68,259,4,2024-06-20,Good product.
1399,932,205,5,2025-11-18,Excellent product.
1400,245,144,5,2025-12-24,Excellent product.
1401,786,27,2,2025-08-24,Below expectations.
1402,130,52,3,2024-11-27,Decent product.
1403,535,200,4,2025-02-12,Good product.
1404,861,296,5,2025-07-12,Excellent product.
1405,674,97,5,2024-11-08,Excellent product.
1406,557,229,4,2025-05-15,Good product.
1407,423,297,2,2025-12-06,Below expectations.
1408,358,63,5,2025-11-20,Excellent product.
1409,846,21,2,2024-12-31,Below expectations.
1410,802,184,3,2024-10-19,Decent product.
1411,104,9,5,2024-12-06,Excellent product.
1412,811,29,5,2025-09-16,Excellent product.
1413,934,186,5,2025-07-30,Excellent product.
1414,355,278,4,2026-01-13,Good product.
1415,335,160,5,2025-07-11,Excellent product.
1416,33,44,3,2025-01-10,Decent product.
1417,907,294,5,2024-08-13,Excellent product.
1418,922,58,5,2025-04-26,Excellent product.
1419,380,88,2,2025-07-20,Below expectations.
1420,129,271,5,2024-08-31,Excellent product.
1421,496,98,5,2024-07-18,Excellent product.
1422,733,87,4,2024-03-26,Good product.
1423,273,217,4,2025-05-18,Good product.
1424,138,94,5,2024-02-10,Excellent product.
1425,215,294,1,2025-07-17,Not satisfied.
1426,126,141,5,2024-11-28,Excellent product.
1427,162,214,5,2025-09-27,Excellent product.
1428,306,81,3,2025-02-02,Decent product.
1429,996,259,5,2025-06-14,Excellent product.
1430,252,62,5,2025-02-16,Excellent product.
1431,161,279,5,2025-07-18,Excellent product.
1432,83,208,4,2024-12-17,Good product.
1433,873,219,4,2025-09-06,Good product.
1434,730,123,4,2025-07-09,Good product.
1435,488,6,5,2025-12-22,Excellent product.
1436,642,245,5,2024-01-07,Excellent product.
1437,653,209,5,2025-09-15,Excellent product.
1438,473,33,5,2025-11-15,Excellent product.
1439,944,180,4,2024-02-06,Good product.
1440,660,165,4,2024-02-14,Good product.
1441,599,130,3,2024-07-18,Decent product.
1442,682,18,5,2024-11-03,Excellent product.
1443,152,117,5,2024-01-21,Excellent product.
1444,39,288,5,2025-08-24,Excellent product.
1445,361,271,3,2025-08-11,Decent product.
1446,993,213,5,2025-04-16,Excellent product.
1447,963,201,5,2024-01-24,Excellent product.
1448,810,40,3,2025-11-07,Decent product.
1449,70,140,1,2025-03-11,Not satisfied.
1450,102,197,4,2025-01-24,Good product.
1451,9,56,5,2025-05-26,Excellent product.
1452,756,140,4,2025-11-12,Good product.
1453,860,220,5,2026-01-04,Excellent product.
1454,878,192,3,2024-08-16,Decent product.
1455,402,199,4,2024-06-23,Good product.
1456,907,203,5,2024-05-07,Excellent product.
1457,137,207,5,2025-02-04,Excellent product.
1458,932,287,5,2024-12-09,Excellent product.
1459,962,216,4,2024-12-21,Good product.
1460,292,146,5,2025-12-09,Excellent product.
1461,610,41,2,2025-03-21,Below expectations.
1462,538,126,5,2025-05-30,Excellent product.
1463,480,24,2,2025-05-27,Below expectations.
1464,212,55,3,2024-09-18,Decent product.
1465,473,221,5,2024-08-27,Excellent product.
1466,396,255,4,2025-05-12,Good product.
1467,407,213,1,2024-08-23,Not satisfied.
1468,878,109,4,2024-07-10,Good product.
1469,811,1,4,2025-08-29,Good product.
1470,581,103,5,2025-01-01,Excellent product.
1471,921,73,4,2025-01-06,Good product.
1472,613,76,3,2024-04-17,Decent product.
1473,130,26,5,2024-06-04,Excellent product.
1474,674,188,1,2024-11-16,Not satisfied.
1475,847,98,5,2025-06-01,Excellent product.
1476,862,291,4,2024-10-20,Good product.
1477,260,236,3,2025-02-07,Decent product.
1478,986,209,5,2024-12-04,Excellent product.
1479,501,259,5,2024-05-08,Excellent product.
1480,963,42,4,2024-09-19,Good product.
1481,984,79,2,2025-06-20,Below expectations.
1482,514,118,4,2025-08-04,Good product.
1483,615,12,4,2024-07-16,Good product.
1484,972,285,5,2024-11-08,Excellent product.
1485,362,124,4,2024-12-16,Good product.
1486,524,11,4,2024-11-20,Good product.
1487,508,26,4,2025-03-02,Good product.
1488,445,34,5,2024-10-19,Excellent product.
1489,347,243,4,2025-09-21,Good product.
1490,812,212,4,2025-10-04,Good product.
1491,502,110,3,2024-06-05,Decent product.
1492,670,154,4,2025-08-02,Good product.
1493,549,78,5,2025-12-15,Excellent product.
1494,291,235,4,2025-11-25,Good product.
1495,962,45,5,2024-07-17,Excellent product.
1496,754,182,5,2026-01-16,Excellent product.
1497,978,194,5,2025-03-25,Excellent product.
1498,777,49,5,2024-05-09,Excellent product.
1499,983,74,5,2024-03-06,Excellent product.
1500,448,222,5,2024-03-19,Excellent product.
1501,162,277,3,2024-03-31,Decent product.
1502,89,35,4,2025-08-21,Good product.
1503,390,134,5,2024-09-07,Excellent product.
1504,801,14,4,2025-02-10,Good product.
1505,785,292,3,2025-07-20,Decent product.
1506,936,64,4,2024-02-28,Good product.
1507,21,180,5,2025-09-02,Excellent product.
1508,597,53,3,2025-06-30,Decent product.
1509,690,14,1,2024-10-07,Not satisfied.
1510,957,274,4,2024-02-19,Good product.
1511,545,264,5,2024-10-09,Excellent product.
1512,431,292,3,2024-09-03,Decent product.
1513,747,279,5,2025-10-04,Excellent product.
1514,739,23,3,2024-11-02,Decent product.
1515,410,249,5,2025-03-02,Excellent product.
1516,322,69,5,2025-02-07,Excellent product.
1517,962,46,5,2024-07-09,Excellent product.
1518,595,17,5,2024-09-07,Excellent product.
1519,41,290,4,2025-11-08,Good product.
1520,54,279,3,2024-12-05,Decent product.
1521,548,233,4,2024-04-21,Good product.
1522,704,225,1,2025-04-27,Not satisfied.
1523,895,176,3,2025-03-19,Decent product.
1524,878,2,5,2025-01-23,Excellent product.
1525,897,58,2,2024-07-09,Below expectations.
1526,581,143,5,2025-10-17,Excellent product.
1527,505,228,5,2024-08-16,Excellent product.
1528,186,201,5,2024-09-07,Excellent product.
1529,341,281,3,2025-12-10,Decent product.
1530,714,77,3,2025-02-16,Decent product.
1531,161,129,3,2024-06-02,Decent product.
1532,419,90,4,2025-12-25,Good product.
1533,565,149,5,2025-12-20,Excellent product.
1534,355,135,2,2025-04-16,Below expectations.
1535,426,33,3,2024-05-13,Decent product.
1536,662,52,4,2025-11-09,Good product.
1537,131,209,5,2025-04-27,Excellent product.
1538,955,291,1,2024-07-22,Not satisfied.
1539,260,11,4,2024-06-09,Good product.
1540,539,117,5,2025-04-23,Excellent product.
1541,911,278,1,2026-01-17,Not satisfied.
1542,527,73,5,2025-12-05,Excellent product.
1543,970,263,3,2025-11-14,Decent product.
1544,937,286,5,2024-06-16,Excellent product.
1545,919,220,2,2024-09-20,Below expectations.
1546,881,85,3,2025-10-05,Decent product.
1547,585,66,5,2025-09-08,Excellent product.
1548,638,97,5,2024-12-02,Excellent product.
1549,546,66,4,2026-01-01,Good product.
1550,888,58,3,2024-05-27,Decent product.
1551,715,217,4,2024-07-13,Good product.
1552,961,213,4,2025-05-27,Good product.
1553,677,269,5,2025-06-07,Excellent product.
1554,523,159,5,2025-07-28,Excellent product.
1555,292,264,4,2024-03-05,Good product.
1556,385,235,3,2024-11-19,Decent product.
1557,493,204,5,2025-07-17,Excellent product.
1558,319,10,4,2025-03-07,Good product.
1559,747,221,4,2025-12-21,Good product.
1560,387,273,5,2024-05-08,Excellent product.
1561,96,286,4,2024-11-04,Good product.
1562,647,209,4,2025-05-02,Good product.
1563,488,12,5,2024-05-23,Excellent product.
1564,379,179,5,2024-10-18,Excellent product.
1565,185,197,5,2025-02-02,Excellent product.
1566,61,150,5,2025-12-02,Excellent product.
1567,122,258,5,2024-07-21,Excellent product.
1568,423,115,4,2025-01-15,Good product.
1569,512,15,4,2025-12-08,Good product.
1570,897,176,5,2024-09-26,Excellent product.
1571,690,281,5,2024-06-16,Excellent product.
1572,549,111,4,2025-11-18,Good product.
1573,905,299,5,2024-11-12,Excellent product.
1574,798,243,4,2024-03-18,Good product.
1575,792,12,5,2024-05-13,Excellent product.
1576,971,226,5,2025-01-29,Excellent product.
1577,222,15,4,2025-02-02,Good product.
1578,680,104,4,2025-03-06,Good product.
1579,616,136,4,2025-03-21,Good product.
1580,128,196,4,2025-05-29,Good product.
1581,236,152,5,2026-01-25,Excellent product.
1582,584,283,5,2024-11-14,Excellent product.
1583,961,101,5,2024-12-11,Excellent product.
1584,308,132,5,2025-05-13,Excellent product.
1585,661,174,5,2024-02-15,Excellent product.
1586,546,296,4,2025-02-19,Good product.
1587,261,180,2,2025-10-24,Below expectations.
1588,984,285,5,2025-11-30,Excellent product.
1589,919,124,3,2024-05-06,Decent product.
1590,805,137,5,2026-01-25,Excellent product.
1591,60,179,5,2024-08-05,Excellent product.
1592,904,263,5,2025-07-11,Excellent product.
1593,992,74,4,2025-07-04,Good product.
1594,52,206,2,2024-11-02,Below expectations.
1595,630,293,5,2024-02-21,Excellent product.
1596,554,36,4,2025-09-11,Good product.
1597,482,194,4,2024-11-25,Good product.
1598,167,140,4,2025-10-04,Good product.
1599,783,252,5,2025-03-28,Excellent product.
1600,301,56,5,2025-09-12,Excellent product.
1601,749,175,4,2024-03-14,Good product.
1602,717,164,4,2024-06-12,Good product.
1603,673,110,3,2024-05-07,Decent product.
1604,945,21,5,2024-05-02,Excellent product.
1605,990,279,5,2025-03-02,Excellent product.
1606,141,205,2,2024-10-14,Below expectations.
1607,871,216,4,2024-05-17,Good product.
1608,30,214,4,2025-01-05,Good product.
1609,823,213,5,2025-02-25,Excellent product.
1610,857,96,5,2025-12-13,Excellent product.
1611,677,298,3,2025-06-22,Decent product.
1612,222,282,5,2025-02-26,Excellent product.
1613,635,263,5,2025-05-18,Excellent product.
1614,87,59,5,2025-11-05,Excellent product.
1615,409,249,4,2024-04-27,Good product.
1616,238,190,1,2024-05-07,Not satisfied.
1617,62,150,4,2024-09-10,Good product.
1618,229,68,5,2024-02-22,Excellent product.
1619,298,145,4,2024-10-19,Good product.
1620,641,98,5,2024-06-28,Excellent product.
1621,729,283,5,2024-03-09,Excellent product.
1622,765,251,5,2025-10-12,Excellent product.
1623,349,247,5,2024-04-30,Excellent product.
1624,382,69,5,2024-03-28,Excellent product.
1625,443,24,2,2024-09-23,Below expectations.
1626,639,176,4,2024-03-26,Good product.
1627,433,247,5,2025-12-13,Excellent product.
1628,514,78,4,2024-06-04,Good product.
1629,862,231,5,2024-07-09,Excellent product.
1630,361,285,5,2025-07-27,Excellent product.
1631,678,107,5,2024-07-20,Excellent product.
1632,225,189,5,2025-11-16,Excellent product.
1633,20,298,5,2024-12-03,Excellent product.
1634,120,87,5,2024-03-30,Excellent product.
1635,336,141,5,2024-10-13,Excellent product.
1636,672,100,3,2025-09-19,Decent product.
1637,380,111,5,2025-07-12,Excellent product.
1638,65,296,4,2025-02-04,Good product.
1639,227,100,3,2025-02-27,Decent product.
1640,548,23,5,2024-02-02,Excellent product.
1641,863,182,3,2025-10-24,Decent product.
1642,335,267,1,2025-08-06,Not satisfied.
1643,919,45,4,2025-02-23,Good product.
1644,920,244,4,2024-12-25,Good product.
1645,1,281,5,2024-12-01,Excellent product.
1646,401,90,5,2024-10-31,Excellent product.
1647,922,201,3,2025-03-16,Decent product.
1648,104,256,3,2025-12-09,Decent product.
1649,139,117,5,2025-08-02,Excellent product.
1650,631,109,5,2025-05-01,Excellent product.
1651,762,21,5,2025-05-18,Excellent product.
1652,983,153,3,2025-03-28,Decent product.
1653,371,124,2,2024-08-31,Below expectations.
1654,50,261,5,2025-04-20,Excellent product.
1655,655,124,4,2024-02-07,Good product.
1656,30,46,3,2025-05-01,Decent product.
1657,385,115,4,2024-11-20,Good product.
1658,942,208,5,2024-06-29,Excellent product.
1659,487,216,4,2024-01-04,Good product.
1660,390,134,5,2024-09-18,Excellent product.
1661,150,288,4,2024-09-10,Good product.
1662,459,197,4,2025-03-08,Good product.
1663,898,109,4,2024-03-28,Good product.
1664,532,53,3,2024-10-30,Decent product.
1665,814,46,3,2025-06-29,Decent product.
1666,613,151,4,2024-10-24,Good product.
1667,547,290,4,2024-02-24,Good product.
1668,592,128,3,2025-11-28,Decent product.
1669,186,97,5,2024-07-27,Excellent product.
1670,355,260,4,2026-01-18,Good product.
1671,468,43,5,2025-05-18,Excellent product.
1672,892,214,5,2024-06-24,Excellent product.
1673,634,4,4,2024-04-23,Good product.
1674,516,139,4,2025-12-27,Good product.
1675,467,276,5,2024-05-15,Excellent product.
1676,783,84,4,2025-03-30,Good product.
1677,129,271,1,2024-09-14,Not satisfied.
1678,209,46,5,2025-03-23,Excellent product.
1679,742,91,5,2024-04-23,Excellent product.
1680,185,2,5,2025-02-03,Excellent product.
1681,465,225,5,2024-12-14,Excellent product.
1682,920,221,5,2024-10-07,Excellent product.
1683,956,133,5,2025-11-12,Excellent product.
1684,808,11,5,2024-06-16,Excellent product.
1685,482,255,3,2024-10-03,Decent product.
1686,230,166,5,2024-03-31,Excellent product.
1687,941,253,5,2025-12-19,Excellent product.
1688,953,107,5,2026-01-24,Excellent product.
1689,77,143,5,2025-07-26,Excellent product.
1690,725,254,5,2024-12-18,Excellent product.
1691,305,256,3,2025-10-09,Decent product.
1692,392,195,5,2025-11-28,Excellent product.
1693,160,20,3,2025-06-17,Decent product.
1694,802,219,1,2024-03-01,Not satisfied.
1695,992,101,3,2026-01-08,Decent product.
1696,536,284,5,2024-12-13,Excellent product.
1697,527,79,5,2024-02-28,Excellent product.
1698,391,289,5,2025-04-15,Excellent product.
1699,951,12,5,2025-06-21,Excellent product.
1700,746,19,5,2025-01-23,Excellent product.
1701,613,153,5,2024-04-29,Excellent product.
1702,121,8,5,2024-11-03,Excellent product.
1703,941,88,5,2025-07-01,Excellent product.
1704,535,235,5,2025-08-19,Excellent product.
1705,950,242,5,2025-07-07,Excellent product.
1706,454,150,4,2024-03-08,Good product.
1707,555,105,4,2025-11-20,Good product.
1708,622,126,2,2025-10-19,Below expectations.
1709,404,186,5,2024-07-21,Excellent product.
1710,430,108,5,2024-07-08,Excellent product.
1711,812,252,3,2024-09-04,Decent product.
1712,881,126,3,2026-01-17,Decent product.
1713,103,246,4,2024-02-20,Good product.
1714,304,296,5,2024-01-26,Excellent product.
1715,135,63,1,2025-01-08,Not satisfied.
1716,782,284,4,2025-03-01,Good product.
1717,945,35,5,2024-05-08,Excellent product.
1718,293,147,5,2024-02-04,Excellent product.
1719,593,238,3,2025-02-04,Decent product.
1720,936,244,4,2024-02-06,Good product.
1721,45,26,2,2025-09-23,Below expectations.
1722,727,109,5,2025-11-23,Excellent product.
1723,652,55,2,2025-05-20,Below expectations.
1724,430,108,3,2024-06-28,Decent product.
1725,273,118,5,2024-02-19,Excellent product.
1726,996,236,5,2026-01-10,Excellent product.
1727,116,7,5,2024-05-02,Excellent product.
1728,238,112,5,2024-12-03,Excellent product.
1729,283,241,5,2025-06-14,Excellent product.
1730,987,173,3,2025-11-14,Decent product.
1731,653,193,4,2025-04-07,Good product.
1732,806,20,5,2025-12-10,Excellent product.
1733,463,271,5,2025-07-07,Excellent product.
1734,192,112,5,2024-09-09,Excellent product.
1735,409,270,5,2025-06-12,Excellent product.
1736,692,141,1,2024-12-07,Not satisfied.
1737,673,16,5,2024-07-28,Excellent product.
1738,680,78,4,2024-03-26,Good product.
1739,971,103,4,2025-10-02,Good product.
1740,960,43,5,2024-10-12,Excellent product.
1741,564,205,5,2025-11-19,Excellent product.
1742,358,103,3,2025-12-03,Decent product.
1743,524,252,5,2025-08-19,Excellent product.
1744,175,99,3,2024-04-02,Decent product.
1745,367,18,5,2024-01-30,Excellent product.
1746,636,109,4,2025-04-25,Good product.
1747,952,186,4,2024-10-29,Good product.
1748,38,278,5,2024-03-23,Excellent product.
1749,464,178,5,2024-05-02,Excellent product.
1750,337,41,4,2025-07-10,Good product.
1751,228,245,4,2025-03-16,Good product.
1752,736,51,5,2025-09-22,Excellent product.
1753,458,82,4,2025-01-05,Good product.
1754,48,163,4,2025-11-05,Good product.
1755,240,74,4,2025-10-20,Good product.
1756,170,34,5,2026-01-02,Excellent product.
1757,674,143,4,2025-09-30,Good product.
1758,635,96,4,2025-05-10,Good product.
1759,648,164,5,2024-06-30,Excellent product.
1760,860,172,5,2025-05-17,Excellent product.
1761,925,150,3,2025-10-10,Decent product.
1762,396,100,3,2025-01-10,Decent product.
1763,495,27,4,2025-07-02,Good product.
1764,398,28,5,2025-12-17,Excellent product.
1765,391,163,4,2025-08-03,Good product.
1766,652,68,3,2024-02-01,Decent product.
1767,96,213,2,2025-07-20,Below expectations.
1768,678,62,5,2025-05-09,Excellent product.
1769,770,142,3,2024-05-05,Decent product.
1770,846,169,5,2025-07-07,Excellent product.
1771,945,27,5,2025-10-15,Excellent product.
1772,237,286,5,2024-06-05,Excellent product.
1773,65,296,4,2025-02-20,Good product.
1774,761,189,5,2025-02-15,Excellent product.
1775,190,114,5,2024-10-06,Excellent product.
1776,496,98,5,2024-07-15,Excellent product.
1777,736,171,4,2025-01-19,Good product.
1778,239,156,5,2024-05-01,Excellent product.
1779,471,120,5,2026-01-02,Excellent product.
1780,114,2,5,2024-05-30,Excellent product.
1781,851,297,5,2024-06-21,Excellent product.
1782,225,66,4,2024-06-05,Good product.
1783,396,201,4,2025-01-28,Good product.
1784,501,192,4,2024-03-20,Good product.
1785,986,200,4,2024-09-23,Good product.
1786,308,276,5,2025-12-25,Excellent product.
1787,69,162,4,2024-03-19,Good product.
1788,308,276,2,2025-12-25,Below expectations.
1789,794,288,4,2024-06-29,Good product.
1790,680,78,4,2024-04-10,Good product.
1791,24,263,3,2024-12-14,Decent product.
1792,519,172,5,2025-04-30,Excellent product.
1793,304,18,5,2025-06-15,Excellent product.
1794,308,165,5,2025-11-14,Excellent product.
1795,811,1,5,2025-10-04,Excellent product.
1796,391,211,5,2025-02-22,Excellent product.
1797,648,89,4,2025-01-02,Good product.
1798,639,282,5,2025-04-11,Excellent product.
1799,144,160,5,2025-05-12,Excellent product.
1800,723,58,5,2025-03-07,Excellent product.
1801,782,253,4,2025-01-31,Good product.
1802,870,260,5,2024-08-18,Excellent product.
1803,294,277,5,2025-02-04,Excellent product.
1804,220,259,4,2025-09-12,Good product.
1805,710,192,5,2024-10-02,Excellent product.
1806,783,252,4,2024-04-21,Good product.
1807,303,4,5,2024-10-13,Excellent product.
1808,797,129,3,2024-10-08,Decent product.
1809,926,182,3,2025-01-12,Decent product.
1810,970,180,4,2024-04-16,Good product.
1811,696,166,4,2024-11-17,Good product.
1812,951,39,5,2025-06-15,Excellent product.
1813,602,298,2,2024-11-29,Below expectations.
1814,56,215,4,2025-05-07,Good product.
1815,71,40,5,2024-11-16,Excellent product.
1816,370,118,3,2025-09-07,Decent product.
1817,147,33,2,2025-03-06,Below expectations.
1818,77,30,5,2024-05-10,Excellent product.
1819,58,245,5,2025-02-01,Excellent product.
1820,387,273,4,2024-04-24,Good product.
1821,402,164,1,2025-04-15,Not satisfied.
1822,123,121,5,2025-11-14,Excellent product.
1823,1,281,2,2024-12-17,Below expectations.
1824,614,69,5,2024-04-13,Excellent product.
1825,437,228,5,2024-10-16,Excellent product.
1826,703,70,5,2026-01-12,Excellent product.
1827,316,32,5,2025-05-09,Excellent product.
1828,315,240,1,2026-01-12,Not satisfied.
1829,625,141,5,2024-11-28,Excellent product.
1830,782,84,3,2025-11-02,Decent product.
1831,783,252,5,2025-01-15,Excellent product.
1832,337,41,5,2025-06-15,Excellent product.
1833,990,118,4,2024-03-31,Good product.
1834,538,281,4,2024-09-13,Good product.
1835,849,111,3,2024-08-30,Decent product.
1836,411,262,5,2025-07-14,Excellent product.
1837,787,134,5,2025-07-18,Excellent product.
1838,661,62,4,2025-12-12,Good product.
1839,118,296,4,2024-06-29,Good product.
1840,625,242,5,2025-08-01,Excellent product.
1841,242,193,5,2024-08-10,Excellent product.
1842,782,262,5,2024-08-08,Excellent product.
1843,1,86,5,2024-03-09,Excellent product.
1844,14,244,2,2025-12-14,Below expectations.
1845,781,84,5,2024-06-05,Excellent product.
1846,479,119,4,2024-06-24,Good product.
1847,707,244,4,2025-12-27,Good product.
1848,291,3,5,2024-03-17,Excellent product.
1849,251,252,5,2025-04-06,Excellent product.
1850,888,89,5,2024-10-26,Excellent product.
1851,672,33,5,2025-04-12,Excellent product.
1852,488,189,5,2025-02-20,Excellent product.
1853,337,41,1,2025-07-12,Not satisfied.
1854,944,268,4,2024-04-26,Good product.
1855,303,205,5,2024-10-03,Excellent product.
1856,247,231,4,2024-04-24,Good product.
1857,87,37,5,2024-03-27,Excellent product.
1858,339,204,5,2024-04-19,Excellent product.
1859,110,11,2,2024-08-03,Below expectations.
1860,536,284,5,2024-12-16,Excellent product.
1861,611,53,5,2025-01-16,Excellent product.
1862,269,37,5,2025-11-21,Excellent product.
1863,204,20,2,2024-05-20,Below expectations.
1864,146,54,5,2025-11-07,Excellent product.
1865,736,33,5,2024-02-17,Excellent product.
1866,690,93,5,2024-08-20,Excellent product.
1867,383,73,5,2024-02-09,Excellent product.
1868,907,141,5,2024-07-20,Excellent product.
1869,100,173,5,2024-03-21,Excellent product.
1870,310,248,1,2024-05-01,Not satisfied.
1871,946,10,3,2025-04-25,Decent product.
1872,324,95,5,2025-01-02,Excellent product.
1873,94,248,5,2025-12-12,Excellent product.
1874,220,290,5,2025-04-18,Excellent product.
1875,304,206,4,2024-08-16,Good product.
1876,824,107,5,2024-05-31,Excellent product.
1877,145,151,5,2025-12-17,Excellent product.
1878,213,66,5,2025-05-02,Excellent product.
1879,923,129,5,2025-11-18,Excellent product.
1880,395,266,5,2024-08-14,Excellent product.
1881,946,10,5,2025-05-02,Excellent product.
1882,607,24,3,2024-04-07,Decent product.
1883,336,208,5,2024-10-09,Excellent product.
1884,639,220,4,2024-12-31,Good product.
1885,567,221,4,2025-10-09,Good product.
1886,190,108,5,2025-11-20,Excellent product.
1887,244,61,3,2024-03-27,Decent product.
1888,782,219,5,2024-04-05,Excellent product.
1889,622,91,5,2024-07-27,Excellent product.
1890,778,159,5,2024-12-12,Excellent product.
1891,351,26,4,2025-01-04,Good product.
1892,856,159,5,2025-05-23,Excellent product.
1893,96,90,5,2025-08-07,Excellent product.
1894,624,178,5,2024-07-22,Excellent product.
1895,741,159,4,2025-02-10,Good product.
1896,13,132,4,2025-02-22,Good product.
1897,330,79,3,2025-05-18,Decent product.
1898,567,131,5,2024-08-10,Excellent product.
1899,749,1,5,2024-09-08,Excellent product.
1900,942,59,5,2025-08-17,Excellent product.
1901,119,133,5,2024-08-11,Excellent product.
1902,291,109,5,2024-12-09,Excellent product.
1903,34,298,5,2024-09-17,Excellent product.
1904,244,70,4,2025-12-11,Good product.
1905,355,149,4,2024-06-13,Good product.
1906,456,38,5,2024-12-05,Excellent product.
1907,756,147,5,2024-08-31,Excellent product.
1908,339,121,4,2024-04-17,Good product.
1909,67,191,3,2024-07-30,Decent product.
1910,750,125,5,2024-03-19,Excellent product.
1911,898,58,2,2025-04-26,Below expectations.
1912,204,20,5,2024-04-27,Excellent product.
1913,930,33,4,2024-10-04,Good product.
1914,580,239,5,2025-07-08,Excellent product.
1915,413,252,4,2024-06-10,Good product.
1916,595,17,3,2024-08-19,Decent product.
1917,664,211,5,2025-03-13,Excellent product.
1918,934,215,5,2024-10-28,Excellent product.
1919,527,272,3,2024-04-12,Decent product.
1920,505,151,2,2025-10-18,Below expectations.
1921,437,189,4,2025-09-28,Good product.
1922,753,160,5,2024-03-28,Excellent product.
1923,741,240,2,2024-08-23,Below expectations.
1924,23,109,5,2025-10-20,Excellent product.
1925,489,254,3,2024-10-17,Decent product.
1926,907,160,5,2024-05-18,Excellent product.
1927,472,21,3,2024-08-30,Decent product.
1928,180,284,5,2024-11-10,Excellent product.
1929,648,168,3,2025-01-07,Decent product.
1930,332,110,4,2024-12-16,Good product.
1931,171,216,5,2026-01-04,Excellent product.
1932,238,237,3,2025-03-15,Decent product.
1933,880,175,4,2025-01-01,Good product.
1934,18,268,4,2024-10-03,Good product.
1935,753,1,4,2024-08-14,Good product.
1936,200,24,1,2024-02-17,Not satisfied.
1937,435,80,5,2024-04-24,Excellent product.
1938,838,36,1,2025-08-11,Not satisfied.
1939,482,222,5,2025-09-13,Excellent product.
1940,385,61,5,2024-10-08,Excellent product.
1941,904,24,4,2025-10-27,Good product.
1942,537,278,1,2024-03-12,Not satisfied.
1943,829,175,4,2025-09-24,Good product.
1944,138,273,5,2024-11-04,Excellent product.
1945,392,172,5,2024-10-23,Excellent product.
1946,402,170,3,2024-08-26,Decent product.
1947,161,47,5,2024-06-13,Excellent product.
1948,802,34,4,2024-02-25,Good product.
1949,793,76,5,2025-02-24,Excellent product.
1950,395,40,5,2024-06-21,Excellent product.
1951,673,16,3,2024-11-14,Decent product.
1952,652,123,5,2024-08-25,Excellent product.
1953,285,205,4,2025-03-08,Good product.
1954,603,145,5,2025-10-31,Excellent product.
1955,648,256,3,2024-06-20,Decent product.
1956,190,108,3,2025-11-29,Decent product.
1957,345,292,5,2024-04-25,Excellent product.
1958,818,232,5,2024-12-09,Excellent product.
1959,231,137,4,2024-10-12,Good product.
1960,105,251,5,2025-07-10,Excellent product.
1961,448,144,5,2024-12-23,Excellent product.
1962,72,273,5,2025-06-24,Excellent product.
1963,683,289,5,2025-09-14,Excellent product.
1964,242,60,2,2025-06-03,Below expectations.
1965,595,73,5,2024-08-08,Excellent product.
1966,11,31,4,2024-08-11,Good product.
1967,475,24,4,2025-05-28,Good product.
1968,290,275,2,2024-02-08,Below expectations.
1969,927,262,5,2025-05-29,Excellent product.
1970,56,101,4,2024-11-19,Good product.
1971,902,162,2,2025-08-14,Below expectations.
1972,401,171,3,2025-07-16,Decent product.
1973,121,49,5,2025-02-06,Excellent product.
1974,19,116,5,2024-05-02,Excellent product.
1975,101,87,3,2025-03-09,Decent product.
1976,808,32,5,2025-03-20,Excellent product.
1977,313,199,5,2025-04-17,Excellent product.
1978,355,24,4,2025-01-04,Good product.
1979,53,22,1,2025-05-25,Not satisfied.
1980,753,1,5,2024-09-05,Excellent product.
1981,497,202,3,2024-09-20,Decent product.
1982,54,50,5,2024-12-16,Excellent product.
1983,482,98,3,2025-04-10,Decent product.
1984,924,20,4,2024-02-21,Good product.
1985,657,53,3,2024-06-10,Decent product.
1986,845,11,5,2025-08-11,Excellent product.
1987,805,100,5,2025-06-15,Excellent product.
1988,51,32,5,2024-04-14,Excellent product.
1989,524,57,4,2025-09-15,Good product.
1990,465,100,3,2024-12-25,Decent product.
1991,956,133,5,2025-11-20,Excellent product.
1992,80,35,4,2024-04-02,Good product.
1993,555,173,4,2024-07-12,Good product.
1994,449,133,5,2024-10-02,Excellent product.
1995,443,106,5,2025-07-16,Excellent product.
1996,524,286,4,2025-03-07,Good product.
1997,763,236,5,2026-01-01,Excellent product.
1998,121,144,4,2024-11-04,Good product.
1999,224,68,4,2025-01-17,Good product.
2000,344,284,5,2024-12-19,Excellent product.
2001,708,230,5,2024-08-13,Excellent product.
2002,89,299,3,2024-10-10,Decent product.
2003,83,92,4,2025-12-07,Good product.
2004,316,129,5,2024-12-15,Excellent product.
2005,955,137,5,2025-10-21,Excellent product.
2006,895,176,5,2025-03-27,Excellent product.
2007,733,54,5,2024-09-05,Excellent product.
2008,20,98,4,2024-12-11,Good product.
2009,457,96,5,2024-05-11,Excellent product.
2010,831,10,5,2025-07-25,Excellent product.
2011,355,89,2,2025-01-03,Below expectations.
2012,230,262,4,2024-01-08,Good product.
2013,834,168,5,2024-06-11,Excellent product.
2014,411,272,5,2025-06-28,Excellent product.
2015,754,228,5,2025-01-18,Excellent product.
2016,215,66,4,2025-05-03,Good product.
2017,602,17,5,2024-12-24,Excellent product.
2018,472,15,5,2025-04-05,Excellent product.
2019,411,198,4,2024-12-24,Good product.
2020,160,275,5,2025-01-12,Excellent product.
2021,850,147,5,2024-12-22,Excellent product.
2022,810,200,5,2025-12-25,Excellent product.
2023,451,297,4,2024-04-21,Good product.
2024,268,240,3,2025-08-03,Decent product.
2025,338,48,5,2024-09-30,Excellent product.
2026,351,228,2,2024-05-01,Below expectations.
2027,349,124,4,2025-06-16,Good product.
2028,517,158,5,2025-01-12,Excellent product.
2029,180,191,4,2024-07-26,Good product.
2030,674,16,5,2024-06-13,Excellent product.
2031,990,26,5,2024-10-01,Excellent product.
2032,569,212,3,2025-01-05,Decent product.
2033,607,127,5,2025-08-03,Excellent product.
2034,182,58,5,2024-11-11,Excellent product.
2035,329,138,5,2025-10-20,Excellent product.
2036,970,237,3,2025-08-08,Decent product.
2037,324,85,3,2024-12-26,Decent product.
2038,292,150,2,2025-06-17,Below expectations.
2039,517,20,5,2026-01-02,Excellent product.
2040,501,229,3,2024-06-12,Decent product.
2041,692,141,5,2024-11-06,Excellent product.
2042,555,39,5,2025-11-29,Excellent product.
2043,175,7,5,2024-04-05,Excellent product.
2044,645,251,5,2026-01-26,Excellent product.
2045,883,267,5,2025-10-05,Excellent product.
2046,486,271,5,2024-05-11,Excellent product.
2047,962,216,5,2024-12-13,Excellent product.
2048,489,92,5,2024-03-11,Excellent product.
2049,626,22,5,2024-08-18,Excellent product.
2050,369,273,5,2025-02-26,Excellent product.
2051,894,174,4,2024-07-22,Good product.
2052,833,297,3,2025-01-19,Decent product.
2053,692,80,5,2025-11-15,Excellent product.
2054,23,33,5,2024-03-23,Excellent product.
2055,66,66,4,2025-04-29,Good product.
2056,236,14,4,2026-01-26,Good product.
2057,564,85,4,2025-10-25,Good product.
2058,750,264,5,2024-09-20,Excellent product.
2059,249,23,4,2024-04-22,Good product.
2060,144,21,5,2025-01-12,Excellent product.
2061,72,56,5,2025-06-10,Excellent product.
2062,556,54,5,2025-05-04,Excellent product.
2063,936,285,5,2024-03-01,Excellent product.
2064,28,187,1,2025-01-19,Not satisfied.
2065,195,10,3,2024-04-11,Decent product.
2066,504,164,4,2025-12-12,Good product.
2067,869,53,4,2025-06-20,Good product.
2068,400,3,3,2026-01-10,Decent product.
2069,84,76,5,2024-12-26,Excellent product.
2070,8,185,4,2024-06-01,Good product.
2071,373,218,4,2024-10-06,Good product.
2072,263,172,5,2024-08-18,Excellent product.
2073,969,35,4,2024-07-04,Good product.
2074,691,45,5,2024-09-22,Excellent product.
2075,925,9,4,2025-08-01,Good product.
2076,538,289,5,2024-06-04,Excellent product.
2077,800,12,5,2024-04-28,Excellent product.
2078,289,29,5,2025-02-04,Excellent product.
2079,47,249,4,2024-12-24,Good product.
2080,911,120,4,2025-11-06,Good product.
2081,675,154,5,2025-02-04,Excellent product.
2082,613,151,5,2024-10-29,Excellent product.
2083,945,288,4,2024-04-17,Good product.
2084,68,259,5,2024-07-24,Excellent product.
2085,461,290,3,2024-07-13,Decent product.
2086,81,258,5,2025-02-02,Excellent product.
2087,808,11,5,2024-07-20,Excellent product.
2088,540,19,5,2024-10-03,Excellent product.
2089,742,91,2,2024-05-08,Below expectations.
2090,505,190,4,2025-09-25,Good product.
2091,952,19,5,2025-05-08,Excellent product.
2092,436,86,4,2025-12-18,Good product.
2093,86,283,4,2024-11-08,Good product.
2094,521,222,2,2026-01-14,Below expectations.
2095,756,93,5,2024-11-30,Excellent product.
2096,293,8,5,2024-02-08,Excellent product.
2097,841,71,4,2025-09-21,Good product.
2098,392,172,4,2024-10-25,Good product.
2099,659,121,4,2024-04-27,Good product.
2100,525,104,3,2024-06-18,Decent product.
2101,812,212,3,2025-10-30,Decent product.
2102,110,260,5,2025-06-04,Excellent product.
2103,486,161,5,2024-08-10,Excellent product.
2104,25,189,5,2025-08-12,Excellent product.
2105,368,119,4,2025-08-05,Good product.
2106,902,78,4,2024-05-20,Good product.
2107,679,222,5,2025-01-12,Excellent product.
2108,29,75,4,2024-04-18,Good product.
2109,338,48,5,2024-08-24,Excellent product.
2110,944,41,5,2024-06-20,Excellent product.
2111,871,67,4,2026-01-25,Good product.
2112,664,297,5,2024-06-13,Excellent product.
2113,591,285,3,2024-09-20,Decent product.
2114,832,172,5,2024-07-14,Excellent product.
2115,592,3,4,2024-06-12,Good product.
2116,934,215,5,2024-09-27,Excellent product.
2117,681,89,4,2024-12-10,Good product.
2118,610,24,5,2025-02-24,Excellent product.
2119,447,179,5,2024-03-28,Excellent product.
2120,406,74,3,2025-12-14,Decent product.
2121,490,262,5,2025-05-19,Excellent product.
2122,807,232,5,2025-05-24,Excellent product.
2123,548,15,5,2024-02-12,Excellent product.
2124,361,80,5,2025-08-30,Excellent product.
2125,516,150,4,2025-02-22,Good product.
2126,887,45,5,2024-08-30,Excellent product.
2127,879,141,5,2025-06-26,Excellent product.
2128,529,62,3,2024-12-11,Decent product.
2129,69,94,5,2024-03-10,Excellent product.
2130,473,46,4,2025-02-22,Good product.
2131,682,299,5,2025-05-06,Excellent product.
2132,360,58,5,2024-05-12,Excellent product.
2133,475,155,5,2025-06-13,Excellent product.
2134,379,133,4,2024-10-05,Good product.
2135,384,54,5,2024-12-17,Excellent product.
2136,43,245,4,2024-06-11,Good product.
2137,782,285,3,2024-02-03,Decent product.
2138,25,299,5,2025-12-19,Excellent product.
2139,394,258,1,2025-08-22,Not satisfied.
2140,224,119,3,2025-05-26,Decent product.
2141,473,221,5,2024-07-31,Excellent product.
2142,118,113,5,2025-02-03,Excellent product.
2143,327,232,5,2025-02-04,Excellent product.
2144,62,256,4,2025-05-11,Good product.
2145,853,275,4,2025-08-29,Good product.
2146,315,271,5,2026-02-05,Excellent product.
2147,590,104,4,2025-05-15,Good product.
2148,516,204,5,2024-04-12,Excellent product.
2149,642,32,2,2024-01-08,Below expectations.
2150,36,109,4,2024-05-09,Good product.
2151,994,182,4,2025-11-27,Good product.
2152,952,12,4,2024-07-06,Good product.
2153,37,210,5,2024-12-13,Excellent product.
2154,89,35,3,2025-09-02,Decent product.
2155,589,131,4,2024-04-12,Good product.
2156,847,67,5,2024-11-26,Excellent product.
2157,455,63,5,2025-03-24,Excellent product.
2158,321,225,5,2024-05-08,Excellent product.
2159,441,263,3,2024-10-07,Decent product.
2160,580,52,5,2025-07-20,Excellent product.
2161,155,247,5,2025-01-02,Excellent product.
2162,407,218,2,2025-07-07,Below expectations.
2163,514,118,5,2025-08-06,Excellent product.
2164,150,49,5,2025-07-11,Excellent product.
2165,475,39,5,2024-05-21,Excellent product.
2166,39,187,3,2024-12-24,Decent product.
2167,230,3,4,2025-12-05,Good product.
2168,975,97,3,2025-08-19,Decent product.
2169,696,74,5,2024-10-26,Excellent product.
2170,687,223,5,2025-03-18,Excellent product.
2171,225,44,5,2024-10-21,Excellent product.
2172,868,258,5,2025-06-02,Excellent product.
2173,42,23,4,2025-06-19,Good product.
2174,631,227,4,2025-03-13,Good product.
2175,856,78,3,2025-05-09,Decent product.
2176,359,239,5,2025-07-02,Excellent product.
2177,466,39,5,2025-07-02,Excellent product.
2178,619,81,5,2025-10-28,Excellent product.
2179,535,70,4,2025-08-09,Good product.
2180,238,281,5,2025-09-29,Excellent product.
2181,386,134,5,2024-07-03,Excellent product.
2182,919,45,5,2025-01-21,Excellent product.
2183,160,231,5,2024-10-05,Excellent product.
2184,210,192,4,2025-04-05,Good product.
2185,330,79,3,2025-05-17,Decent product.
2186,980,283,5,2024-10-23,Excellent product.
2187,962,46,5,2024-07-30,Excellent product.
2188,822,61,5,2025-09-01,Excellent product.
2189,637,179,4,2024-07-18,Good product.
2190,781,75,4,2024-11-07,Good product.
2191,630,3,5,2024-12-15,Excellent product.
2192,887,45,5,2024-09-21,Excellent product.
2193,77,144,4,2024-07-17,Good product.
2194,363,111,5,2025-07-17,Excellent product.
2195,152,30,5,2024-02-09,Excellent product.
2196,825,266,1,2024-05-18,Not satisfied.
2197,163,270,3,2025-08-18,Decent product.
2198,63,214,5,2024-11-07,Excellent product.
2199,580,174,3,2024-11-13,Decent product.
2200,396,95,3,2024-12-05,Decent product.
2201,61,14,3,2025-10-20,Decent product.
2202,749,1,4,2024-08-20,Good product.
2203,532,141,2,2024-08-11,Below expectations.
2204,987,22,5,2024-06-08,Excellent product.
2205,720,284,4,2025-07-02,Good product.
2206,279,146,5,2025-12-14,Excellent product.
2207,42,80,4,2024-02-09,Good product.
2208,439,59,5,2024-03-16,Excellent product.
2209,586,131,5,2024-12-18,Excellent product.
2210,674,16,3,2024-06-02,Decent product.
2211,871,12,4,2025-03-29,Good product.
2212,103,246,3,2024-03-17,Decent product.
2213,195,254,5,2024-03-08,Excellent product.
2214,907,141,5,2024-12-10,Excellent product.
2215,396,255,5,2025-04-15,Excellent product.
2216,760,126,3,2024-09-24,Decent product.
2217,695,157,2,2025-08-27,Below expectations.
2218,351,26,5,2024-12-24,Excellent product.
2219,129,146,4,2024-08-11,Good product.
2220,896,229,5,2025-05-06,Excellent product.
2221,380,109,2,2024-03-11,Below expectations.
2222,140,72,4,2024-05-31,Good product.
2223,261,126,5,2025-03-18,Excellent product.
2224,468,72,5,2024-10-05,Excellent product.
2225,696,84,4,2024-08-11,Good product.
2226,879,207,4,2024-04-25,Good product.
2227,895,215,2,2024-04-06,Below expectations.
2228,123,95,4,2024-06-03,Good product.
2229,601,174,4,2025-07-06,Good product.
2230,901,215,5,2024-07-28,Excellent product.
2231,639,59,4,2024-11-25,Good product.
2232,96,149,5,2025-10-14,Excellent product.
2233,182,262,3,2024-10-15,Decent product.
2234,853,208,2,2025-02-16,Below expectations.
2235,352,97,4,2025-10-25,Good product.
2236,254,212,5,2025-04-20,Excellent product.
2237,178,154,3,2024-08-21,Decent product.
2238,479,167,5,2024-09-10,Excellent product.
2239,403,156,2,2024-11-12,Below expectations.
2240,899,83,3,2024-07-17,Decent product.
2241,326,159,1,2024-12-28,Not satisfied.
2242,579,40,5,2024-07-01,Excellent product.
2243,762,251,4,2025-04-05,Good product.
2244,625,97,5,2025-02-14,Excellent product.
2245,229,232,5,2025-12-01,Excellent product.
2246,548,233,4,2024-05-13,Good product.
2247,482,98,3,2025-05-07,Decent product.
2248,371,233,5,2024-12-09,Excellent product.
2249,175,177,5,2025-08-27,Excellent product.
2250,1000,166,4,2024-04-16,Good product.
2251,809,149,5,2024-08-03,Excellent product.
2252,377,265,5,2025-06-23,Excellent product.
2253,782,110,4,2024-06-23,Good product.
2254,225,161,4,2024-10-10,Good product.
2255,936,64,5,2025-12-06,Excellent product.
2256,832,251,5,2025-07-10,Excellent product.
2257,56,215,4,2025-04-14,Good product.
2258,383,201,4,2024-01-18,Good product.
2259,747,289,5,2024-06-02,Excellent product.
2260,325,71,5,2024-07-20,Excellent product.
2261,409,270,3,2025-05-18,Decent product.
2262,932,287,4,2024-11-17,Good product.
2263,6,226,5,2025-03-09,Excellent product.
2264,8,185,3,2024-07-06,Decent product.
2265,437,72,3,2024-11-02,Decent product.
2266,378,287,3,2025-07-24,Decent product.
2267,550,146,2,2025-11-29,Below expectations.
2268,749,103,5,2025-07-13,Excellent product.
2269,415,155,3,2025-08-28,Decent product.
2270,292,146,5,2025-12-15,Excellent product.
2271,912,295,5,2024-07-22,Excellent product.
2272,664,30,5,2024-03-18,Excellent product.
2273,618,77,5,2025-03-29,Excellent product.
2274,120,162,3,2025-12-02,Decent product.
2275,558,132,3,2024-06-19,Decent product.
2276,468,43,3,2025-05-21,Decent product.
2277,734,210,5,2025-06-20,Excellent product.
2278,665,125,4,2025-11-21,Good product.
2279,642,66,5,2025-05-31,Excellent product.
2280,894,236,2,2024-05-20,Below expectations.
2281,80,204,5,2025-01-29,Excellent product.
2282,143,179,4,2024-08-04,Good product.
2283,259,41,5,2024-05-23,Excellent product.
2284,797,129,3,2024-09-20,Decent product.
2285,682,64,4,2024-05-29,Good product.
2286,322,136,5,2025-06-27,Excellent product.
2287,212,55,5,2024-08-18,Excellent product.
2288,48,230,3,2025-11-27,Decent product.
2289,106,40,4,2025-11-13,Good product.
2290,788,25,3,2024-12-27,Decent product.
2291,782,161,5,2025-08-28,Excellent product.
2292,230,93,5,2024-07-30,Excellent product.
2293,384,189,3,2024-12-04,Decent product.
2294,332,83,4,2025-06-07,Good product.
2295,707,91,5,2026-01-27,Excellent product.
2296,616,268,5,2024-04-27,Excellent product.
2297,630,89,3,2024-04-30,Decent product.
2298,271,260,4,2025-01-22,Good product.
2299,566,189,4,2025-12-11,Good product.
2300,738,166,4,2026-01-12,Good product.
2301,496,173,4,2024-07-26,Good product.
2302,592,27,4,2024-06-15,Good product.
2303,957,274,4,2024-02-15,Good product.
2304,847,221,4,2025-10-16,Good product.
2305,423,187,4,2025-02-20,Good product.
2306,919,45,5,2025-02-10,Excellent product.
2307,608,53,5,2025-08-02,Excellent product.
2308,539,297,4,2025-07-16,Good product.
2309,718,267,5,2025-12-22,Excellent product.
2310,247,155,4,2024-11-08,Good product.
2311,554,36,5,2025-09-11,Excellent product.
2312,264,242,3,2025-11-20,Decent product.
2313,598,90,5,2025-07-17,Excellent product.
2314,791,39,5,2025-09-09,Excellent product.
2315,32,251,3,2025-06-09,Decent product.
2316,272,106,3,2024-06-04,Decent product.
2317,448,195,5,2025-01-30,Excellent product.
2318,283,244,4,2024-11-25,Good product.
2319,195,229,5,2025-02-25,Excellent product.
2320,439,14,4,2024-07-20,Good product.
2321,520,3,5,2024-02-20,Excellent product.
2322,629,1,5,2025-10-07,Excellent product.
2323,433,80,4,2025-01-15,Good product.
2324,739,52,3,2024-04-06,Decent product.
2325,925,9,3,2025-09-02,Decent product.
2326,199,143,4,2025-12-03,Good product.
2327,873,92,5,2024-09-08,Excellent product.
2328,681,154,5,2025-11-14,Excellent product.
2329,653,169,3,2025-09-12,Decent product.
2330,411,186,5,2024-06-21,Excellent product.
2331,870,136,4,2025-01-05,Good product.
2332,815,190,5,2025-12-17,Excellent product.
2333,415,84,5,2024-04-28,Excellent product.
2334,397,74,5,2025-09-26,Excellent product.
2335,627,30,4,2024-11-27,Good product.
2336,977,232,2,2024-09-28,Below expectations.
2337,473,210,4,2025-11-24,Good product.
2338,474,188,4,2024-09-22,Good product.
2339,718,226,4,2024-07-30,Good product.
2340,841,294,5,2025-06-23,Excellent product.
2341,926,84,1,2024-03-06,Not satisfied.
2342,44,28,5,2025-10-11,Excellent product.
2343,738,239,4,2025-04-30,Good product.
2344,505,55,4,2025-08-18,Good product.
2345,505,215,5,2025-09-29,Excellent product.
2346,870,136,4,2024-12-28,Good product.
2347,239,82,5,2024-08-19,Excellent product.
2348,275,48,3,2025-04-25,Decent product.
2349,485,229,4,2024-08-16,Good product.
2350,514,118,4,2025-08-25,Good product.
2351,643,42,4,2025-05-14,Good product.
2352,878,203,4,2025-07-11,Good product.
2353,736,252,4,2024-09-15,Good product.
2354,264,90,5,2025-12-07,Excellent product.
2355,65,218,5,2024-07-24,Excellent product.
2356,493,162,2,2024-02-04,Below expectations.
2357,390,51,5,2025-10-03,Excellent product.
2358,309,229,5,2024-02-22,Excellent product.
2359,700,135,5,2024-03-08,Excellent product.
2360,95,99,5,2025-04-02,Excellent product.
2361,485,9,4,2025-01-02,Good product.
2362,426,33,5,2024-05-01,Excellent product.
2363,952,234,4,2024-02-01,Good product.
2364,733,234,5,2024-06-29,Excellent product.
2365,409,96,4,2024-02-15,Good product.
2366,215,202,5,2025-07-28,Excellent product.
2367,73,91,3,2025-12-15,Decent product.
2368,18,63,2,2025-03-04,Below expectations.
2369,650,3,3,2025-09-18,Decent product.
2370,922,212,2,2024-02-21,Below expectations.
2371,292,132,5,2025-07-17,Excellent product.
2372,910,165,5,2025-01-08,Excellent product.
2373,54,220,5,2024-05-25,Excellent product.
2374,922,51,5,2025-08-09,Excellent product.
2375,910,252,1,2024-07-20,Not satisfied.
2376,504,222,5,2025-12-19,Excellent product.
2377,857,169,3,2024-04-02,Decent product.
2378,913,61,4,2024-09-20,Good product.
2379,318,228,4,2024-09-22,Good product.
2380,361,24,5,2025-03-26,Excellent product.
2381,602,134,4,2024-08-31,Good product.
2382,305,205,4,2025-11-14,Good product.
2383,489,194,4,2024-12-12,Good product.
2384,292,249,5,2024-07-29,Excellent product.
2385,726,105,5,2025-08-27,Excellent product.
2386,449,294,2,2025-11-15,Below expectations.
2387,100,196,4,2024-10-20,Good product.
2388,390,9,5,2025-10-15,Excellent product.
2389,700,36,2,2025-07-07,Below expectations.
2390,724,151,4,2025-05-17,Good product.
2391,718,98,5,2024-05-24,Excellent product.
2392,557,264,4,2025-04-14,Good product.
2393,889,21,5,2025-06-01,Excellent product.
2394,473,55,4,2025-09-12,Good product.
2395,947,196,5,2025-02-10,Excellent product.
2396,493,8,5,2025-10-08,Excellent product.
2397,537,197,5,2024-10-17,Excellent product.
2398,335,166,4,2025-09-05,Good product.
2399,81,94,4,2025-01-23,Good product.
2400,469,44,5,2024-06-09,Excellent product.
2401,625,201,4,2025-03-03,Good product.
2402,963,289,5,2025-01-16,Excellent product.
2403,467,276,5,2024-05-05,Excellent product.
2404,907,141,4,2024-12-08,Good product.
2405,837,251,4,2024-12-17,Good product.
2406,276,200,4,2025-11-25,Good product.
2407,768,233,4,2025-12-16,Good product.
2408,781,223,3,2025-10-31,Decent product.
2409,109,8,2,2025-09-01,Below expectations.
2410,690,2,2,2024-12-04,Below expectations.
2411,349,201,5,2024-04-28,Excellent product.
2412,990,118,4,2024-03-18,Good product.
2413,454,150,5,2024-03-09,Excellent product.
2414,1,233,4,2025-06-03,Good product.
2415,786,27,4,2025-08-12,Good product.
2416,847,67,5,2024-11-15,Excellent product.
2417,684,226,5,2024-04-26,Excellent product.
2418,1,233,4,2025-05-13,Good product.
2419,541,296,5,2024-12-29,Excellent product.
2420,678,132,4,2025-06-05,Good product.
2421,401,90,5,2024-10-04,Excellent product.
2422,210,250,4,2025-07-12,Good product.
2423,277,79,4,2024-05-01,Good product.
2424,717,135,5,2025-06-11,Excellent product.
2425,383,233,4,2024-01-26,Good product.
2426,785,42,3,2024-11-08,Decent product.
2427,354,26,5,2025-02-09,Excellent product.
2428,756,17,5,2024-12-01,Excellent product.
2429,824,156,4,2025-03-09,Good product.
2430,808,6,5,2024-08-11,Excellent product.
2431,370,170,3,2024-08-09,Decent product.
2432,431,127,4,2025-06-09,Good product.
2433,586,74,5,2024-04-21,Excellent product.
2434,229,2,5,2024-12-12,Excellent product.
2435,204,259,3,2025-02-07,Decent product.
2436,975,97,4,2025-08-23,Good product.
2437,650,175,2,2025-09-12,Below expectations.
2438,336,141,5,2024-10-05,Excellent product.
2439,48,163,4,2025-11-13,Good product.
2440,23,112,5,2025-07-24,Excellent product.
2441,782,103,5,2025-02-08,Excellent product.
2442,733,87,4,2024-03-01,Good product.
2443,781,75,3,2024-10-23,Decent product.
2444,617,166,4,2024-11-05,Good product.
2445,961,227,5,2024-04-12,Excellent product.
2446,275,143,5,2024-04-18,Excellent product.
2447,431,61,5,2024-08-29,Excellent product.
2448,747,65,4,2024-05-22,Good product.
2449,352,58,5,2024-10-06,Excellent product.
2450,363,139,3,2025-07-07,Decent product.
2451,61,75,4,2024-02-24,Good product.
2452,700,143,5,2025-01-05,Excellent product.
2453,723,12,4,2024-04-27,Good product.
2454,346,205,5,2025-05-10,Excellent product.
2455,642,220,5,2025-11-17,Excellent product.
2456,118,233,5,2024-07-09,Excellent product.
2457,676,240,4,2024-03-26,Good product.
2458,732,216,4,2024-11-01,Good product.
2459,803,293,4,2025-01-19,Good product.
2460,632,241,4,2024-03-09,Good product.
2461,818,206,5,2024-04-07,Excellent product.
2462,411,198,4,2024-11-21,Good product.
2463,994,149,5,2026-01-01,Excellent product.
2464,426,156,5,2024-12-09,Excellent product.
2465,638,185,4,2024-12-13,Good product.
2466,810,241,4,2025-11-06,Good product.
2467,548,290,5,2024-04-07,Excellent product.
2468,989,127,3,2025-03-13,Decent product.
2469,605,86,5,2025-07-02,Excellent product.
2470,936,35,4,2025-12-04,Good product.
2471,639,182,2,2024-09-11,Below expectations.
2472,406,164,3,2025-04-05,Decent product.
2473,780,94,5,2025-05-06,Excellent product.
2474,129,146,4,2024-09-16,Good product.
2475,225,43,4,2025-01-18,Good product.
2476,611,132,4,2024-03-23,Good product.
2477,146,158,5,2025-10-08,Excellent product.
2478,408,216,4,2024-03-22,Good product.
2479,55,274,4,2025-04-25,Good product.
2480,329,164,4,2025-04-16,Good product.
2481,164,169,5,2025-08-20,Excellent product.
2482,744,121,4,2024-10-18,Good product.
2483,329,217,4,2025-08-20,Good product.
2484,566,87,5,2024-11-10,Excellent product.
2485,623,188,5,2026-01-28,Excellent product.
2486,304,161,3,2025-06-22,Decent product.
2487,947,132,3,2024-05-12,Decent product.
2488,441,135,5,2024-12-31,Excellent product.
2489,990,170,3,2025-03-22,Decent product.
2490,924,135,4,2025-12-26,Good product.
2491,35,210,5,2025-09-10,Excellent product.
2492,407,213,4,2024-08-24,Good product.
2493,382,178,5,2024-03-20,Excellent product.
2494,45,128,5,2025-02-17,Excellent product.
2495,117,233,1,2026-01-23,Not satisfied.
2496,145,246,5,2025-12-15,Excellent product.
2497,96,278,3,2024-01-30,Decent product.
2498,244,119,4,2025-12-25,Good product.
2499,886,75,5,2025-09-07,Excellent product.
2500,783,252,4,2025-01-21,Good product.
2501,821,127,5,2025-03-11,Excellent product.
2502,829,23,5,2025-12-19,Excellent product.
2503,698,152,5,2024-07-03,Excellent product.
2504,455,294,1,2025-03-10,Not satisfied.
2505,576,198,4,2025-01-11,Good product.
2506,339,138,5,2025-05-01,Excellent product.
2507,269,113,4,2025-12-12,Good product.
2508,766,64,4,2025-10-28,Good product.
2509,395,40,4,2024-07-09,Good product.
2510,677,298,5,2025-06-13,Excellent product.
2511,463,42,3,2025-06-30,Decent product.
2512,682,174,4,2024-10-02,Good product.
2513,336,257,4,2025-02-17,Good product.
2514,588,280,5,2024-01-08,Excellent product.
2515,810,157,5,2025-06-15,Excellent product.
2516,205,194,2,2024-09-15,Below expectations.
2517,500,157,1,2024-12-25,Not satisfied.
2518,617,52,4,2025-01-09,Good product.
2519,3,281,5,2025-03-07,Excellent product.
2520,28,214,3,2024-04-27,Decent product.
2521,877,169,4,2024-11-08,Good product.
2522,229,165,5,2024-12-27,Excellent product.
2523,622,13,4,2025-02-11,Good product.
2524,525,104,5,2024-07-13,Excellent product.
2525,529,98,3,2025-03-14,Decent product.
2526,735,116,4,2025-09-22,Good product.
2527,550,5,3,2024-02-19,Decent product.
2528,148,197,5,2024-07-18,Excellent product.
2529,56,105,4,2026-01-29,Good product.
2530,953,72,4,2024-08-29,Good product.
2531,476,284,4,2024-12-19,Good product.
2532,326,174,5,2024-12-20,Excellent product.
2533,536,27,5,2024-11-22,Excellent product.
2534,720,284,4,2025-06-13,Good product.
2535,975,97,5,2025-08-09,Excellent product.
2536,595,257,3,2024-09-01,Decent product.
2537,873,180,5,2024-06-23,Excellent product.
2538,583,234,4,2025-06-09,Good product.
2539,390,51,5,2025-09-26,Excellent product.
2540,797,129,5,2024-09-18,Excellent product.
2541,683,214,5,2025-05-08,Excellent product.
2542,581,83,4,2024-12-31,Good product.
2543,10,299,4,2025-11-19,Good product.
2544,137,207,4,2025-02-28,Good product.
2545,370,93,4,2025-12-27,Good product.
2546,496,44,4,2025-09-20,Good product.
2547,639,241,3,2025-01-05,Decent product.
2548,134,80,5,2025-11-02,Excellent product.
2549,632,247,5,2025-10-25,Excellent product.
2550,29,146,5,2024-06-11,Excellent product.
2551,830,53,5,2025-02-02,Excellent product.
2552,382,178,5,2024-03-27,Excellent product.
2553,153,249,4,2024-09-23,Good product.
2554,548,57,3,2025-06-05,Decent product.
2555,210,33,3,2024-04-20,Decent product.
2556,530,85,5,2025-07-27,Excellent product.
2557,518,108,3,2025-12-19,Decent product.
2558,904,21,5,2025-07-11,Excellent product.
2559,832,218,5,2025-09-26,Excellent product.
2560,238,49,4,2024-10-08,Good product.
2561,266,173,5,2024-04-17,Excellent product.
2562,944,268,5,2024-05-28,Excellent product.
2563,402,249,4,2024-07-10,Good product.
2564,187,279,5,2024-07-31,Excellent product.
2565,558,151,3,2025-04-12,Decent product.
2566,77,243,4,2025-05-12,Good product.
2567,443,33,5,2025-03-16,Excellent product.
2568,201,100,4,2025-11-14,Good product.
2569,818,206,5,2024-03-28,Excellent product.
2570,961,115,4,2024-04-02,Good product.
2571,383,31,5,2025-10-01,Excellent product.
2572,338,227,4,2025-11-15,Good product.
2573,537,278,5,2024-03-05,Excellent product.
2574,857,275,3,2024-02-20,Decent product.
2575,45,282,5,2024-10-12,Excellent product.
2576,349,9,4,2025-05-21,Good product.
2577,543,113,4,2024-10-21,Good product.
2578,437,61,3,2025-10-10,Decent product.
2579,10,14,4,2025-09-19,Good product.
2580,555,248,3,2025-06-25,Decent product.
2581,977,153,5,2024-10-17,Excellent product.
2582,336,170,5,2025-02-28,Excellent product.
2583,359,209,5,2025-10-19,Excellent product.
2584,59,238,5,2024-11-12,Excellent product.
2585,183,227,5,2024-12-14,Excellent product.
2586,384,262,5,2024-07-14,Excellent product.
2587,249,234,3,2025-12-21,Decent product.
2588,661,193,5,2025-06-20,Excellent product.
2589,782,253,5,2025-03-02,Excellent product.
2590,333,44,5,2024-12-16,Excellent product.
2591,11,248,3,2024-08-27,Decent product.
2592,422,286,5,2025-05-07,Excellent product.
2593,652,67,5,2024-07-12,Excellent product.
2594,847,67,5,2024-10-29,Excellent product.
2595,760,132,4,2024-09-08,Good product.
2596,602,211,4,2024-02-24,Good product.
2597,690,270,5,2025-05-27,Excellent product.
2598,730,266,5,2025-05-14,Excellent product.
2599,747,289,4,2024-06-18,Good product.
2600,951,11,5,2025-09-13,Excellent product.
2601,657,46,1,2024-04-22,Not satisfied.
2602,123,121,5,2025-12-06,Excellent product.
2603,699,163,4,2025-11-02,Good product.
2604,703,69,3,2026-01-12,Decent product.
2605,336,208,5,2024-10-25,Excellent product.
2606,226,300,5,2025-12-31,Excellent product.
2607,423,282,5,2025-12-02,Excellent product.
2608,796,89,5,2025-06-28,Excellent product.
2609,311,133,5,2025-05-16,Excellent product.
2610,386,69,2,2025-10-28,Below expectations.
2611,535,220,2,2025-03-01,Below expectations.
2612,30,38,4,2025-04-05,Good product.
2613,607,69,5,2024-03-22,Excellent product.
2614,944,41,5,2024-06-26,Excellent product.
2615,952,12,1,2024-07-07,Not satisfied.
2616,342,184,5,2024-11-13,Excellent product.
2617,665,162,5,2026-01-16,Excellent product.
2618,802,285,5,2025-04-06,Excellent product.
2619,44,28,5,2025-10-14,Excellent product.
2620,239,156,5,2024-04-13,Excellent product.
2621,507,238,3,2024-05-16,Decent product.
2622,418,250,5,2025-09-17,Excellent product.
2623,83,237,5,2025-12-03,Excellent product.
2624,156,96,5,2024-07-24,Excellent product.
2625,415,155,3,2025-09-24,Decent product.
2626,333,36,5,2024-09-24,Excellent product.
2627,169,214,5,2025-02-03,Excellent product.
2628,706,97,4,2024-05-21,Good product.
2629,212,124,5,2024-10-01,Excellent product.
2630,13,76,4,2024-12-23,Good product.
2631,319,27,4,2025-12-05,Good product.
2632,677,52,5,2024-12-01,Excellent product.
2633,251,103,5,2025-03-14,Excellent product.
2634,244,31,5,2025-12-24,Excellent product.
2635,355,257,2,2025-04-22,Below expectations.
2636,285,129,5,2025-03-19,Excellent product.
2637,590,231,5,2024-05-17,Excellent product.
2638,641,299,4,2025-05-09,Good product.
2639,355,257,5,2025-05-08,Excellent product.
2640,280,128,4,2026-01-06,Good product.
2641,329,143,4,2025-08-13,Good product.
2642,406,100,2,2024-02-13,Below expectations.
2643,325,136,5,2025-10-28,Excellent product.
2644,938,158,5,2025-04-17,Excellent product.
2645,351,26,4,2024-12-22,Good product.
2646,251,59,4,2024-02-26,Good product.
2647,480,24,5,2025-04-20,Excellent product.
2648,594,46,4,2024-05-11,Good product.
2649,151,255,5,2024-02-20,Excellent product.
2650,584,121,5,2024-10-12,Excellent product.
2651,950,242,4,2024-02-10,Good product.
2652,326,54,5,2025-09-16,Excellent product.
2653,421,244,4,2024-03-12,Good product.
2654,548,57,5,2025-05-19,Excellent product.
2655,776,41,5,2025-02-05,Excellent product.
2656,674,194,5,2025-09-30,Excellent product.
2657,384,54,4,2024-12-17,Good product.
2658,706,159,5,2025-07-22,Excellent product.
2659,105,70,3,2024-10-04,Decent product.
2660,592,264,5,2025-02-26,Excellent product.
2661,166,62,5,2025-11-25,Excellent product.
2662,684,153,5,2025-09-03,Excellent product.
2663,288,155,3,2024-05-03,Decent product.
2664,817,28,3,2025-07-04,Decent product.
2665,827,63,5,2025-05-02,Excellent product.
2666,934,190,5,2025-08-04,Excellent product.
2667,514,99,3,2025-07-18,Decent product.
2668,270,28,2,2025-10-28,Below expectations.
2669,589,131,3,2024-05-02,Decent product.
2670,30,214,5,2025-01-13,Excellent product.
2671,589,221,5,2024-11-27,Excellent product.
2672,513,191,5,2026-01-13,Excellent product.
2673,656,64,5,2025-12-27,Excellent product.
2674,84,76,5,2025-01-02,Excellent product.
2675,932,61,4,2025-11-22,Good product.
2676,296,299,5,2025-04-06,Excellent product.
2677,30,196,5,2025-03-21,Excellent product.
2678,203,55,4,2024-08-01,Good product.
2679,301,26,5,2024-05-23,Excellent product.
2680,540,266,5,2024-10-13,Excellent product.
2681,871,294,5,2024-07-30,Excellent product.
2682,75,42,5,2024-12-22,Excellent product.
2683,576,55,5,2025-01-09,Excellent product.
2684,577,159,1,2025-12-28,Not satisfied.
2685,251,300,5,2025-04-07,Excellent product.
2686,736,36,3,2025-04-01,Decent product.
2687,271,94,5,2025-10-26,Excellent product.
2688,166,174,4,2025-03-24,Good product.
2689,591,229,5,2025-03-02,Excellent product.
2690,309,229,4,2024-02-01,Good product.
2691,907,160,5,2024-04-21,Excellent product.
2692,886,273,4,2025-10-05,Good product.
2693,597,159,5,2025-09-13,Excellent product.
2694,60,282,3,2025-03-08,Decent product.
2695,315,44,3,2025-09-16,Decent product.
2696,162,228,4,2025-10-14,Good product.
2697,769,29,5,2025-05-17,Excellent product.
2698,974,162,4,2025-07-07,Good product.
2699,723,126,4,2025-03-13,Good product.
2700,679,252,4,2024-12-01,Good product.
2701,972,261,4,2024-03-17,Good product.
2702,811,164,5,2025-04-05,Excellent product.
2703,617,26,5,2024-10-16,Excellent product.
2704,678,189,3,2025-06-05,Decent product.
2705,782,242,5,2024-02-11,Excellent product.
2706,890,121,5,2025-08-01,Excellent product.
2707,188,282,5,2024-07-05,Excellent product.
2708,706,159,5,2025-07-24,Excellent product.
2709,548,6,5,2024-03-02,Excellent product.
2710,456,139,5,2025-11-06,Excellent product.
2711,144,160,4,2025-05-28,Good product.
2712,204,94,3,2026-01-11,Decent product.
2713,538,32,5,2024-05-14,Excellent product.
2714,247,160,3,2024-10-29,Decent product.
2715,744,73,5,2025-03-13,Excellent product.
2716,239,249,2,2024-12-06,Below expectations.
2717,558,132,1,2024-06-20,Not satisfied.
2718,888,236,2,2024-04-17,Below expectations.
2719,409,168,4,2024-02-13,Good product.
2720,993,151,5,2024-02-04,Excellent product.
2721,841,223,5,2025-10-03,Excellent product.
2722,911,239,5,2026-01-23,Excellent product.
2723,942,245,1,2025-06-12,Not satisfied.
2724,260,268,1,2026-01-24,Not satisfied.
2725,638,56,5,2024-04-26,Excellent product.
2726,63,151,4,2024-03-07,Good product.
2727,998,22,4,2024-04-13,Good product.
2728,329,92,3,2025-09-05,Decent product.
2729,436,296,3,2024-07-21,Decent product.
2730,140,198,5,2024-01-09,Excellent product.
2731,337,41,5,2025-07-12,Excellent product.
2732,183,71,5,2024-12-01,Excellent product.
2733,896,94,5,2025-12-07,Excellent product.
2734,238,281,3,2025-10-11,Decent product.
2735,178,70,5,2024-08-11,Excellent product.
2736,703,69,3,2025-12-06,Decent product.
2737,169,60,5,2025-11-18,Excellent product.
2738,406,249,4,2024-12-02,Good product.
2739,400,277,1,2024-08-22,Not satisfied.
2740,241,252,5,2025-05-23,Excellent product.
2741,41,290,5,2025-11-26,Excellent product.
2742,926,182,5,2025-01-07,Excellent product.
2743,443,24,5,2024-09-02,Excellent product.
2744,621,273,5,2025-12-07,Excellent product.
2745,111,125,5,2025-04-25,Excellent product.
2746,970,180,5,2024-04-25,Excellent product.
2747,610,41,5,2025-03-28,Excellent product.
2748,49,18,5,2025-01-19,Excellent product.
2749,122,16,5,2024-07-18,Excellent product.
2750,955,205,5,2024-08-03,Excellent product.
2751,609,202,5,2025-12-22,Excellent product.
2752,8,289,5,2025-09-17,Excellent product.
2753,629,100,5,2025-08-30,Excellent product.
2754,390,134,4,2024-09-27,Good product.
2755,138,104,3,2024-06-20,Decent product.
2756,389,248,4,2025-06-27,Good product.
2757,664,33,4,2025-03-16,Good product.
2758,492,186,4,2025-09-08,Good product.
2759,355,152,5,2025-12-30,Excellent product.
2760,463,160,5,2024-05-19,Excellent product.
2761,386,264,5,2025-02-04,Excellent product.
2762,945,65,5,2025-03-10,Excellent product.
2763,303,4,5,2024-10-23,Excellent product.
2764,945,248,3,2025-02-22,Decent product.
2765,37,269,5,2024-08-12,Excellent product.
2766,486,77,5,2024-09-14,Excellent product.
2767,203,69,5,2024-07-13,Excellent product.
2768,895,176,5,2025-03-23,Excellent product.
2769,644,248,4,2025-09-24,Good product.
2770,308,132,5,2025-04-30,Excellent product.
2771,628,107,4,2026-01-11,Good product.
2772,60,296,5,2024-08-21,Excellent product.
2773,247,160,2,2024-11-10,Below expectations.
2774,105,132,2,2025-12-03,Below expectations.
2775,335,130,5,2025-04-15,Excellent product.
2776,962,45,1,2024-08-04,Not satisfied.
2777,489,289,4,2024-03-14,Good product.
2778,925,236,5,2024-05-02,Excellent product.
2779,530,271,5,2025-06-04,Excellent product.
2780,18,154,4,2025-03-06,Good product.
2781,69,267,5,2025-10-28,Excellent product.
2782,614,144,3,2024-07-24,Decent product.
2783,320,123,4,2025-02-16,Good product.
2784,219,114,4,2025-04-20,Good product.
2785,297,89,4,2025-09-30,Good product.
2786,631,227,4,2025-04-02,Good product.
2787,437,189,3,2025-10-25,Decent product.
2788,28,54,5,2025-01-04,Excellent product.
2789,30,92,5,2025-01-18,Excellent product.
2790,19,193,4,2024-09-19,Good product.
2791,209,222,5,2025-03-14,Excellent product.
2792,489,260,3,2024-07-14,Decent product.
2793,916,295,3,2024-06-22,Decent product.
2794,847,67,3,2024-10-20,Decent product.
2795,747,229,5,2024-05-06,Excellent product.
2796,486,230,4,2025-09-09,Good product.
2797,636,126,5,2025-03-19,Excellent product.
2798,565,117,5,2026-01-05,Excellent product.
2799,698,217,4,2024-06-13,Good product.
2800,496,262,5,2025-10-13,Excellent product.
2801,739,23,2,2024-11-02,Below expectations.
2802,548,233,3,2026-01-08,Decent product.
2803,714,277,5,2024-03-11,Excellent product.
2804,802,144,5,2025-12-05,Excellent product.
2805,473,221,3,2024-08-17,Decent product.
2806,500,13,4,2024-12-10,Good product.
2807,821,96,5,2025-08-28,Excellent product.
2808,455,102,4,2025-03-13,Good product.
2809,381,26,5,2024-02-10,Excellent product.
2810,215,96,5,2025-05-31,Excellent product.
2811,297,89,5,2025-09-20,Excellent product.
2812,624,178,1,2024-07-06,Not satisfied.
2813,643,42,4,2025-05-08,Good product.
2814,479,168,3,2024-11-11,Decent product.
2815,634,289,5,2024-04-09,Excellent product.
2816,209,26,3,2024-12-13,Decent product.
2817,486,37,5,2025-04-28,Excellent product.
2818,104,37,1,2025-03-15,Not satisfied.
2819,53,252,5,2025-05-23,Excellent product.
2820,851,289,4,2024-11-05,Good product.
2821,27,127,3,2025-05-25,Decent product.
2822,333,58,3,2024-09-19,Decent product.
2823,360,31,5,2026-02-10,Excellent product.
2824,740,159,3,2025-02-14,Decent product.
2825,682,221,5,2024-10-28,Excellent product.
2826,760,272,5,2024-10-10,Excellent product.
2827,739,23,5,2024-11-14,Excellent product.
2828,251,122,5,2025-08-26,Excellent product.
2829,505,136,4,2025-03-01,Good product.
2830,415,82,4,2024-10-19,Good product.
2831,544,68,5,2025-01-31,Excellent product.
2832,391,238,4,2024-02-01,Good product.
2833,169,50,4,2025-01-27,Good product.
2834,783,252,5,2024-04-23,Excellent product.
2835,746,283,5,2025-04-14,Excellent product.
2836,714,56,2,2024-02-04,Below expectations.
2837,362,224,5,2024-12-05,Excellent product.
2838,402,170,5,2024-08-25,Excellent product.
2839,75,155,5,2025-03-19,Excellent product.
2840,204,149,5,2025-01-20,Excellent product.
2841,315,44,5,2025-08-06,Excellent product.
2842,275,163,5,2024-04-20,Excellent product.
2843,706,278,3,2024-04-21,Decent product.
2844,21,180,2,2025-09-07,Below expectations.
2845,349,201,5,2024-04-19,Excellent product.
2846,558,151,5,2025-04-09,Excellent product.
2847,392,195,4,2025-11-24,Good product.
2848,49,18,1,2025-01-16,Not satisfied.
2849,440,3,5,2025-01-05,Excellent product.
2850,208,262,5,2025-05-01,Excellent product.
2851,398,272,5,2025-09-10,Excellent product.
2852,557,26,4,2024-04-21,Good product.
2853,18,252,4,2024-06-01,Good product.
2854,285,126,5,2025-02-26,Excellent product.
2855,738,166,5,2025-12-20,Excellent product.
2856,497,172,5,2025-01-07,Excellent product.
2857,238,30,4,2025-09-24,Good product.
2858,44,203,5,2025-10-28,Excellent product.
2859,677,237,2,2025-11-13,Below expectations.
2860,14,173,4,2024-06-28,Good product.
2861,346,192,5,2025-11-21,Excellent product.
2862,53,121,3,2025-04-28,Decent product.
2863,974,119,2,2025-01-26,Below expectations.
2864,412,63,4,2024-02-04,Good product.
2865,495,189,4,2024-03-26,Good product.
2866,798,255,4,2025-04-12,Good product.
2867,31,67,5,2025-01-30,Excellent product.
2868,14,122,5,2024-03-03,Excellent product.
2869,373,278,5,2024-08-13,Excellent product.
2870,506,281,4,2025-10-12,Good product.
2871,115,96,4,2024-06-30,Good product.
2872,808,291,4,2024-06-09,Good product.
2873,496,195,5,2024-08-07,Excellent product.
2874,738,152,5,2025-10-11,Excellent product.
2875,391,238,4,2024-02-14,Good product.
2876,204,93,3,2025-06-16,Decent product.
2877,160,268,3,2024-11-02,Decent product.
2878,222,153,5,2024-02-24,Excellent product.
2879,811,1,5,2025-09-23,Excellent product.
2880,314,264,4,2025-11-12,Good product.
2881,300,236,3,2025-01-29,Decent product.
2882,618,50,4,2024-07-26,Good product.
2883,3,281,4,2025-03-08,Good product.
2884,760,264,4,2024-12-31,Good product.
2885,63,87,5,2025-04-25,Excellent product.
2886,537,278,4,2024-03-09,Good product.
2887,114,76,5,2024-07-12,Excellent product.
2888,339,204,5,2024-04-15,Excellent product.
2889,960,101,4,2024-11-03,Good product.
2890,774,10,5,2025-09-16,Excellent product.
2891,584,38,1,2024-11-26,Not satisfied.
2892,721,207,4,2025-03-13,Good product.
2893,65,218,4,2024-07-28,Good product.
2894,894,141,5,2025-02-08,Excellent product.
2895,51,125,5,2025-11-10,Excellent product.
2896,920,222,3,2025-07-19,Decent product.
2897,786,277,4,2025-03-12,Good product.
2898,158,39,4,2025-07-03,Good product.
2899,552,117,4,2024-08-04,Good product.
2900,411,107,5,2025-12-05,Excellent product.
2901,204,165,5,2024-11-30,Excellent product.
2902,924,143,5,2024-02-18,Excellent product.
2903,223,115,5,2024-05-24,Excellent product.
2904,566,87,1,2024-12-04,Not satisfied.
2905,105,272,5,2025-07-05,Excellent product.
2906,673,207,5,2024-08-07,Excellent product.
2907,586,249,5,2024-08-14,Excellent product.
2908,398,166,2,2025-02-23,Below expectations.
2909,882,48,5,2024-10-19,Excellent product.
2910,633,153,5,2024-07-13,Excellent product.
2911,19,193,5,2024-10-09,Excellent product.
2912,639,176,2,2024-04-06,Below expectations.
2913,327,223,4,2025-10-31,Good product.
2914,707,225,5,2025-04-20,Excellent product.
2915,910,165,5,2025-01-21,Excellent product.
2916,182,279,5,2024-10-25,Excellent product.
2917,82,26,5,2024-07-30,Excellent product.
2918,588,156,5,2025-11-08,Excellent product.
2919,334,225,1,2025-09-17,Not satisfied.
2920,418,129,5,2025-06-14,Excellent product.
2921,569,259,4,2025-02-16,Good product.
2922,510,136,5,2025-05-16,Excellent product.
2923,64,206,4,2025-04-29,Good product.
2924,200,29,5,2026-01-18,Excellent product.
2925,224,278,5,2024-12-04,Excellent product.
2926,590,192,2,2024-04-30,Below expectations.
2927,170,118,4,2025-12-01,Good product.
2928,474,259,2,2025-09-12,Below expectations.
2929,888,257,3,2024-11-11,Decent product.
2930,731,58,2,2024-12-05,Below expectations.
2931,147,170,2,2025-04-13,Below expectations.
2932,489,92,5,2024-03-31,Excellent product.
2933,753,203,5,2024-02-11,Excellent product.
2934,548,138,3,2024-03-28,Decent product.
2935,285,205,5,2025-02-27,Excellent product.
2936,310,261,3,2024-05-10,Decent product.
2937,941,270,4,2025-07-30,Good product.
2938,949,213,2,2024-05-15,Below expectations.
2939,355,278,5,2025-12-11,Excellent product.
2940,8,289,4,2025-10-14,Good product.
2941,195,20,4,2024-03-25,Good product.
2942,64,199,5,2024-09-06,Excellent product.
2943,962,213,4,2025-01-08,Good product.
2944,638,152,5,2025-08-22,Excellent product.
2945,637,76,4,2024-06-21,Good product.
2946,533,198,4,2025-12-01,Good product.
2947,213,253,4,2025-12-09,Good product.
2948,498,67,3,2024-09-27,Decent product.
2949,713,297,3,2025-05-01,Decent product.
2950,710,89,5,2024-10-10,Excellent product.
2951,337,48,5,2025-12-27,Excellent product.
2952,305,22,5,2024-06-26,Excellent product.
2953,540,19,4,2024-10-28,Good product.
2954,997,279,5,2025-04-27,Excellent product.
2955,493,180,5,2024-09-06,Excellent product.
2956,792,14,5,2024-04-29,Excellent product.
2957,941,41,2,2025-07-24,Below expectations.
2958,448,284,4,2024-10-22,Good product.
2959,984,79,3,2025-06-30,Decent product.
2960,855,40,5,2025-07-13,Excellent product.
2961,563,280,3,2024-12-17,Decent product.
2962,787,275,5,2025-01-28,Excellent product.
2963,169,287,5,2024-02-28,Excellent product.
2964,966,228,5,2024-07-05,Excellent product.
2965,280,59,4,2025-07-23,Good product.
2966,319,285,3,2024-04-14,Decent product.
2967,33,44,3,2025-01-16,Decent product.
2968,798,278,4,2024-10-26,Good product.
2969,746,81,4,2024-04-16,Good product.
2970,228,10,4,2025-11-16,Good product.
2971,480,93,4,2025-04-07,Good product.
2972,949,96,5,2024-04-26,Excellent product.
2973,2,244,5,2025-06-09,Excellent product.
2974,715,60,3,2024-06-28,Decent product.
2975,183,227,4,2024-11-06,Good product.
2976,933,4,5,2025-02-02,Excellent product.
2977,908,172,5,2025-11-21,Excellent product.
2978,408,28,4,2025-09-15,Good product.
2979,332,98,5,2025-04-22,Excellent product.
2980,433,240,5,2024-06-01,Excellent product.
2981,942,208,4,2024-06-24,Good product.
2982,576,267,5,2025-06-12,Excellent product.
2983,329,53,5,2024-05-04,Excellent product.
2984,831,10,1,2025-07-10,Not satisfied.
2985,932,149,4,2024-08-04,Good product.
2986,56,78,4,2025-04-28,Good product.
2987,801,78,3,2025-01-28,Decent product.
2988,199,278,5,2025-03-15,Excellent product.
2989,625,97,5,2025-03-14,Excellent product.
2990,73,11,3,2025-03-03,Decent product.
2991,802,201,5,2024-03-04,Excellent product.
2992,589,131,5,2024-05-09,Excellent product.
2993,590,59,5,2024-07-28,Excellent product.
2994,542,236,4,2024-02-13,Good product.
2995,591,116,5,2024-05-23,Excellent product.
2996,66,66,5,2025-04-27,Excellent product.
2997,894,215,4,2025-06-04,Good product.
2998,723,27,5,2025-08-14,Excellent product.
2999,661,126,3,2025-04-22,Decent product.
3000,507,266,5,2025-11-11,Excellent product.
